distribution,n,method,replications,coverage,mean_width,median_width,q10_width,q90_width,mean_sqrt_n_width,mean_normalized_halfwidth,mean_runtime_seconds,empty_rate
Bernoulli(0.1),10,Gaffke,50,1.0,0.5479795556959467,0.5437859283242222,0.4112959813475253,0.6373506569250963,1.7328635072062866,2.8881058453438113,0.00018435001373291016,0.0
Bernoulli(0.1),10,Probit-STaR,50,1.0,0.5927300536239417,0.640297012841222,0.371509750076814,0.7484850203501463,1.8743770070853965,3.123961678475661,0.00015155792236328124,0.0
Bernoulli(0.1),10,STaR,50,1.0,0.5471994036662493,0.5643998868372736,0.4112959813706675,0.6488358958929185,1.7303964498712392,2.8839940831187323,0.00030139923095703127,0.0
Bernoulli(0.1),50,Gaffke,50,1.0,0.23868953411641833,0.25214078993821426,0.19583378413569158,0.27961991957869375,1.6877898817197718,2.8129831361996196,0.00010794639587402344,0.0
Bernoulli(0.1),50,Probit-STaR,50,1.0,0.24814441282568991,0.2463138790744492,0.1754707930875825,0.3162011351546968,1.7546459702259947,2.9244099503766576,0.0002692890167236328,0.0
Bernoulli(0.1),50,STaR,50,1.0,0.24570289661734546,0.2590965513077378,0.19888040009582295,0.28412752173801203,1.737381843553022,2.895636405921703,0.0001805734634399414,0.0
Bernoulli(0.1),100,Gaffke,50,1.0,0.16717011274044022,0.16690142601554553,0.14981320231482295,0.186736181176183,1.6717011274044022,2.786168545674004,8.966922760009766e-05,0.0
Bernoulli(0.1),100,Probit-STaR,50,1.0,0.16484600831306043,0.16784477448591079,0.13504042998170923,0.19820366954431806,1.6484600831306044,2.747433471884341,0.00042274951934814456,0.0
Bernoulli(0.1),100,STaR,50,1.0,0.1703501777118512,0.17777459112108596,0.13318679615199674,0.19444113740697663,1.7035017771185121,2.8391696285308536,0.00020991802215576173,0.0
Bernoulli(0.1),500,Gaffke,50,1.0,0.07139322140949857,0.07167275563964445,0.06523116312726385,0.07681218534144588,1.5964009620433215,2.660668270072202,0.00011253833770751953,0.0
Bernoulli(0.1),500,Probit-STaR,50,1.0,0.07285607826192896,0.07240961864703988,0.0646324147960809,0.08107991663911991,1.6291114356771788,2.715185726128632,0.001795525550842285,0.0
Bernoulli(0.1),500,STaR,50,1.0,0.07343500255534184,0.07432797982502684,0.06601499131284852,0.07935805905566085,1.6420565764161514,2.736760960693586,0.0006823444366455078,0.0
Bernoulli(0.1),1000,Gaffke,50,0.98,0.05008326338573243,0.0498581684184531,0.04759646296148154,0.05294041695037806,1.583771849530306,2.639619749217177,0.00013021469116210937,0.0
Bernoulli(0.1),1000,Probit-STaR,50,0.98,0.051314556107492616,0.05130989738983478,0.04602256251229149,0.05657769134276548,1.6227087442018078,2.70451457366968,0.0035203075408935546,0.0
Bernoulli(0.1),1000,STaR,50,0.98,0.050951709125022386,0.05152128018315136,0.046317523609545545,0.05467800659094016,1.6112345151345564,2.6853908585575943,0.001296215057373047,0.0
Bernoulli(0.1),5000,Gaffke,50,0.98,0.02205344747498179,0.021977714041389818,0.021470989273891024,0.02268172247288479,1.5594142258100971,2.599023709683495,0.00016495227813720703,0.0
Bernoulli(0.1),5000,Probit-STaR,50,1.0,0.022359358503992857,0.022288268093218086,0.020308962405424673,0.02406649651703322,1.5810454021154448,2.6350756701924083,0.01760852336883545,0.0
Bernoulli(0.1),5000,STaR,50,0.98,0.022429777367341832,0.02256875674600435,0.021468468100506448,0.023546319440531434,1.5860247676951957,2.6433746128253266,0.006161675453186035,0.0
Bernoulli(0.1),10000,Gaffke,50,1.0,0.015540791369959929,0.01555460458069128,0.015255612403421045,0.0158060813251302,1.554079136995993,2.590131894993322,0.00017439842224121094,0.0
Bernoulli(0.1),10000,Probit-STaR,50,0.98,0.015655801456966555,0.01567203001538714,0.014695072723282276,0.016810945513376217,1.5655801456966554,2.6093002428277594,0.03520293235778808,0.0
Bernoulli(0.1),10000,STaR,50,1.0,0.015916889468828098,0.01597991160427452,0.015375900436601808,0.016402823734221767,1.5916889468828097,2.6528149114713493,0.01207873821258545,0.0
Bernoulli(0.1),50000,Gaffke,30,1.0,0.006924356755749691,0.006912560649951195,0.006872337642210376,0.006982157491961026,1.5483332406316217,2.580555401052703,0.00022179285685221354,0.0
Bernoulli(0.1),50000,Probit-STaR,30,1.0,0.007030407835484134,0.007004140955101712,0.006657730738326514,0.007434533094004094,1.572046982968968,2.6200783049482803,0.17557388146718342,0.0
Bernoulli(0.1),50000,STaR,30,1.0,0.007104946038030779,0.0071038671955038005,0.006965692494009334,0.0072179208543626415,1.5887142317504628,2.647857052917438,0.05942231019337972,0.0
Bernoulli(0.1),100000,Gaffke,30,0.9666666666666667,0.004896957799676503,0.00489891065811577,0.004863144332485017,0.004932465374187516,1.548554025270431,2.5809233754507184,0.00026825269063313805,0.0
Bernoulli(0.1),100000,Probit-STaR,30,1.0,0.004951924192331009,0.005003449258179381,0.0046495658108707235,0.005168365502674832,1.5659359248255695,2.6098932080426156,0.354017702738444,0.0
Bernoulli(0.1),100000,STaR,30,0.9666666666666667,0.004982536930714478,0.005010569640363553,0.004811647002204898,0.0051094565501052566,1.575616522696232,2.6260275378270537,0.11689287821451823,0.0
Bernoulli(0.1),500000,Gaffke,20,0.95,0.002187574707509886,0.0021881191413958695,0.00218312473120115,0.0021931500237747066,1.5468489100324185,2.578081516720698,0.0006308674812316895,0.0
Bernoulli(0.1),500000,Probit-STaR,20,0.95,0.002185937284762088,0.0021807335175126966,0.002138667029258344,0.0022506569282585666,1.5456910773037815,2.576151795506303,1.7757006764411927,0.0
Bernoulli(0.1),500000,STaR,20,0.95,0.0022149122134491363,0.0022151871309894974,0.0021642559043477437,0.0022761289785837857,1.56617944586279,2.6102990764379834,0.5699972033500671,0.0
Bernoulli(0.1),1000000,Gaffke,20,1.0,0.001546544154845627,0.0015463186563934653,0.0015432946331145475,0.001549112156200265,1.546544154845627,2.5775735914093785,0.0011538267135620117,0.0
Bernoulli(0.1),1000000,Probit-STaR,20,1.0,0.0015542693219714819,0.0015504579127309723,0.0015168228481776292,0.0015953666000782588,1.5542693219714818,2.59044886995247,3.569776403903961,0.0
Bernoulli(0.1),1000000,STaR,20,1.0,0.0015889516893448758,0.0015934524292089206,0.001566071571883268,0.0016119633297689325,1.5889516893448759,2.6482528155747933,1.1316298961639404,0.0
Bernoulli(0.5),10,Gaffke,50,1.0,0.7146005848418169,0.7323154995224959,0.6373506569250963,0.7433788921298334,2.2597654653885364,2.2597654653885364,0.0002093791961669922,0.0
Bernoulli(0.5),10,Probit-STaR,50,0.98,0.7694231416686254,0.7869693124600592,0.6918451095195199,0.834114822650771,2.4331296121152644,2.4331296121152644,0.00017561435699462892,0.0
Bernoulli(0.5),10,STaR,50,1.0,0.7225913905945616,0.7448994590317766,0.6517720458818504,0.7567623523175461,2.2850346119071854,2.2850346119071854,0.000338134765625,0.0
Bernoulli(0.5),50,Gaffke,50,1.0,0.3657878763881731,0.36654140336591445,0.36216503997630245,0.3689791577403747,2.586510878699038,2.586510878699038,0.00011699199676513672,0.0
Bernoulli(0.5),50,Probit-STaR,50,1.0,0.39304790861378913,0.40048414255970377,0.34265480437589707,0.4335817701075007,2.7792684151200073,2.7792684151200073,0.00028450965881347655,0.0
Bernoulli(0.5),50,STaR,50,1.0,0.3626377622036059,0.3650303223186955,0.3496064681320684,0.3717800519492675,2.564236207684844,2.564236207684844,0.00019722938537597656,0.0
Bernoulli(0.5),100,Gaffke,50,1.0,0.260984120504394,0.2616565306727312,0.25899820560036396,0.2622275385717693,2.609841205043941,2.609841205043941,0.00010918617248535156,0.0
Bernoulli(0.5),100,Probit-STaR,50,1.0,0.26835874435755624,0.27079152523396943,0.2326316163655452,0.30083476864822356,2.6835874435755627,2.6835874435755627,0.00044585704803466796,0.0
Bernoulli(0.5),100,STaR,50,1.0,0.2614973017645044,0.2633471614356583,0.253979699110294,0.26644457905877283,2.614973017645044,2.614973017645044,0.0002340078353881836,0.0
Bernoulli(0.5),500,Gaffke,50,1.0,0.11660536261585311,0.11666315363846913,0.1163708576786271,0.11673387065411138,2.6073751735006025,2.6073751735006025,0.00012830734252929687,0.0
Bernoulli(0.5),500,Probit-STaR,50,1.0,0.1222106175070372,0.12087670682811141,0.11073591392111051,0.1379279014202716,2.732712483179611,2.732712483179611,0.0018369674682617188,0.0
Bernoulli(0.5),500,STaR,50,0.98,0.11731785306830433,0.11806729687555095,0.11156354385300984,0.1199968257530254,2.6233069443506083,2.6233069443506083,0.0007632827758789063,0.0
Bernoulli(0.5),1000,Gaffke,50,1.0,0.0822471836329709,0.0822733874355856,0.0821573357383115,0.0822934327859211,2.600884314143102,2.600884314143102,0.00014966964721679687,0.0
Bernoulli(0.5),1000,Probit-STaR,50,1.0,0.08316768033281834,0.08271032281273877,0.07459267341823607,0.09243713467602413,2.6299929756449654,2.6299929756449654,0.003577566146850586,0.0
Bernoulli(0.5),1000,STaR,50,1.0,0.08270497686421444,0.08346376662381699,0.07910386642944126,0.08476557602821602,2.6153610072244793,2.6153610072244793,0.0012892293930053711,0.0
Bernoulli(0.5),5000,Gaffke,50,1.0,0.03660997440270877,0.036612288537323845,0.036601630161818895,0.036613588764997436,2.5887161159221304,2.5887161159221304,0.00019060134887695314,0.0
Bernoulli(0.5),5000,Probit-STaR,50,1.0,0.03695266556422814,0.03696545061389056,0.034145576854036706,0.03963724154001265,2.6129480403384338,2.6129480403384338,0.017716937065124512,0.0
Bernoulli(0.5),5000,STaR,50,0.98,0.03681607776127474,0.03730297008745498,0.034821745865718,0.03786074215966534,2.603289824168862,2.603289824168862,0.006121916770935059,0.0
Bernoulli(0.5),10000,Gaffke,50,1.0,0.02585217679400487,0.025852661765244006,0.025850652484325647,0.025853267377067002,2.5852176794004866,2.5852176794004866,0.00018956184387207032,0.0
Bernoulli(0.5),10000,Probit-STaR,50,1.0,0.026292553047704885,0.026233555203076908,0.024415073887373528,0.02791030901758753,2.629255304770488,2.629255304770488,0.03476021289825439,0.0
Bernoulli(0.5),10000,STaR,50,1.0,0.026236044241498602,0.026313330971113547,0.025606106138970297,0.02682615610878276,2.6236044241498604,2.6236044241498604,0.01204428195953369,0.0
Bernoulli(0.5),50000,Gaffke,30,1.0,0.011538899923359708,0.0115389745943133,0.011538621867580002,0.01153900982280579,2.5801764614199416,2.5801764614199416,0.0002528985341389974,0.0
Bernoulli(0.5),50000,Probit-STaR,30,1.0,0.011615755551478741,0.011736476138289098,0.01108888691175997,0.012040940333870043,2.5973619023127026,2.5973619023127026,0.1744578997294108,0.0
Bernoulli(0.5),50000,STaR,30,1.0,0.01180292578941592,0.01188199365053405,0.011563030727293078,0.01199251125506733,2.6392144398519366,2.6392144398519366,0.05881843566894531,0.0
Bernoulli(0.5),100000,Gaffke,30,0.9666666666666667,0.008155275228254705,0.008155296548373159,0.008155220117249512,0.00815532316117723,2.5789244666834437,2.5789244666834437,0.00030309359232584635,0.0
Bernoulli(0.5),100000,Probit-STaR,30,0.9666666666666667,0.00825391176421107,0.008222041109969491,0.008034667225548697,0.008657490956251535,2.610116078096565,2.610116078096565,0.3502902666727702,0.0
Bernoulli(0.5),100000,STaR,30,0.9666666666666667,0.00832576703180608,0.008358440152663738,0.008116052044590056,0.008477270121375325,2.632838708844677,2.632838708844677,0.11628472805023193,0.0
Bernoulli(0.5),500000,Gaffke,20,1.0,0.0036447566288743904,0.0036447572264035055,0.0036447542687543023,0.0036447587465558763,2.577232128051702,2.577232128051702,0.0009343504905700683,0.0
Bernoulli(0.5),500000,Probit-STaR,20,1.0,0.0036995361144072565,0.003705104718484009,0.003489562418553771,0.0038648881108310387,2.615967073741902,2.615967073741902,1.7913241744041444,0.0
Bernoulli(0.5),500000,STaR,20,1.0,0.0037331981713655373,0.003741387466998869,0.0036702185275960418,0.0037969255255258516,2.6397697424857904,2.6397697424857904,0.570632541179657,0.0
Bernoulli(0.5),1000000,Gaffke,20,1.0,0.002576823504725914,0.002576824171851677,0.0025768203100577035,0.0025768243306822924,2.5768235047259145,2.5768235047259145,0.0012806057929992676,0.0
Bernoulli(0.5),1000000,Probit-STaR,20,1.0,0.00259211683683202,0.0025900610335088947,0.0025154830115889037,0.0027149919122422595,2.5921168368320204,2.5921168368320204,3.617584729194641,0.0
Bernoulli(0.5),1000000,STaR,20,1.0,0.0026374028133342416,0.002640146257551934,0.002587419813461256,0.0026732508435336477,2.6374028133342415,2.6374028133342415,1.1324036955833434,0.0
"Beta(0.5,0.5)",10,Gaffke,50,1.0,0.5722685394148036,0.5710718285764055,0.5186795878057118,0.6299378092245663,1.8096720178086212,2.559262711032037,0.00030770778656005857,0.0
"Beta(0.5,0.5)",10,Probit-STaR,50,1.0,0.664941018593665,0.6700410357163793,0.5315666156048907,0.801327822830679,2.1027281284283537,2.973706637206773,0.00017543315887451173,0.0
"Beta(0.5,0.5)",10,STaR,50,1.0,0.6394821997356473,0.643208419408346,0.5990724104449355,0.6749076067414619,2.022220274299371,2.859851338020011,0.0003044557571411133,0.0
"Beta(0.5,0.5)",50,Gaffke,50,1.0,0.2663204078965207,0.26643503675102176,0.25011463657738603,0.28156261147101186,1.8831696639199718,2.6632040789652067,0.0002618551254272461,0.0
"Beta(0.5,0.5)",50,Probit-STaR,50,1.0,0.31539656044886377,0.3167326679177717,0.23603752074974585,0.40142730543362104,2.230190466563044,3.1539656044886373,0.0003065061569213867,0.0
"Beta(0.5,0.5)",50,STaR,50,1.0,0.26879364465259853,0.2676727277469305,0.253949100987397,0.2847248144512008,1.9006580887369962,2.687936446525985,0.00019091129302978516,0.0
"Beta(0.5,0.5)",100,Gaffke,50,1.0,0.18780765441977007,0.18786864385911836,0.1817314436457738,0.1949207863293053,1.8780765441977008,2.656001319979181,0.0003702497482299805,0.0
"Beta(0.5,0.5)",100,Probit-STaR,50,1.0,0.2097617370720942,0.20855841680738568,0.18147676999757492,0.23812383085670372,2.0976173707209416,2.9664789343429483,0.0004934072494506836,0.0
"Beta(0.5,0.5)",100,STaR,50,1.0,0.18828550957994383,0.1871693858932708,0.18214385737503172,0.19483339339274625,1.8828550957994385,2.662759212462859,0.0002361726760864258,0.0
"Beta(0.5,0.5)",500,Gaffke,50,1.0,0.08308439755648564,0.08301004623223629,0.08161156975598197,0.0844195146153018,1.8578236080591932,2.627359343014228,0.004266409873962402,0.0
"Beta(0.5,0.5)",500,Probit-STaR,50,1.0,0.08627630648452056,0.08536669698175736,0.07673027056517943,0.09599477565137374,1.929196861469939,2.7282963659783968,0.002086620330810547,0.0
"Beta(0.5,0.5)",500,STaR,50,1.0,0.08275268341378327,0.08340035229804854,0.07982279689191488,0.08527853006067236,1.8504062543373876,2.616869620783932,0.0008053255081176758,0.0
"Beta(0.5,0.5)",1000,Gaffke,50,0.98,0.058474129877570856,0.05843521289991799,0.057714673098789124,0.05905519136340885,1.849114346096267,2.6150425866279976,0.0161025333404541,0.0
"Beta(0.5,0.5)",1000,Probit-STaR,50,0.98,0.06026821443320831,0.06055496442964675,0.05496340661006684,0.06671389130197734,1.905848281203721,2.6952764871037544,0.004190359115600586,0.0
"Beta(0.5,0.5)",1000,STaR,50,0.98,0.058933175906273866,0.05922966059764667,0.057308552209823414,0.060298966019132684,1.8636306561118323,2.6355717491276227,0.0016005134582519531,0.0
"Beta(0.5,0.5)",5000,Gaffke,50,0.98,0.02595466291080032,0.025980658581769123,0.025807896136566144,0.02611789395418329,1.8352718147637885,2.5954662910800317,0.4248377799987793,0.0
"Beta(0.5,0.5)",5000,Probit-STaR,50,0.98,0.026761149829955304,0.02627087182702459,0.02497798470787612,0.0285204846901848,1.8922990517110616,2.6761149829955304,0.020054125785827638,0.0
"Beta(0.5,0.5)",5000,STaR,50,0.96,0.026252967409853927,0.02639488183642691,0.025586455877306614,0.02678457003129554,1.8563651281777143,2.6252967409853927,0.007727136611938476,0.0
"Beta(0.5,0.5)",10000,Gaffke,50,0.98,0.018324325106930616,0.018333598770007203,0.018239088683711525,0.018389157120354483,1.8324325106930615,2.591450908755509,0.02014345645904541,0.0
"Beta(0.5,0.5)",10000,Probit-STaR,50,0.98,0.01879172946790941,0.019095334217883564,0.017094275811918636,0.019633289415154288,1.879172946790941,2.657551867396363,0.03835315704345703,0.0
"Beta(0.5,0.5)",10000,STaR,50,0.96,0.01851886570769188,0.01865755574137351,0.01792802666293373,0.018968027472858938,1.8518865707691876,2.6189631043583876,0.01456085205078125,0.0
"Beta(0.5,0.5)",50000,Gaffke,30,1.0,0.008162846741820724,0.00816117503326394,0.008146949306795081,0.008178749004792601,1.8252680204623815,2.5813187895037917,0.016959754625956218,0.0
"Beta(0.5,0.5)",50000,Probit-STaR,30,1.0,0.008251068315275207,0.008293831943267688,0.007834658594768151,0.008562708659976482,1.8449949639950032,2.6092169005917936,0.18192050457000733,0.0
"Beta(0.5,0.5)",50000,STaR,30,1.0,0.008296790207347327,0.008371792684742918,0.008003516142548827,0.008466299281529921,1.8552186898683196,2.623675432379822,0.08734442392985026,0.0
"Beta(0.5,0.5)",100000,Gaffke,30,1.0,0.005769002847518684,0.005769173359842755,0.0057605383509189536,0.005779522364545342,1.8243188826156103,2.579976505888326,0.01930699348449707,0.0
"Beta(0.5,0.5)",100000,Probit-STaR,30,1.0,0.005833481488567166,0.005849659491398096,0.005588315023497198,0.006124038615205429,1.8447088192301735,2.608812230784569,0.35863770643870035,0.0
"Beta(0.5,0.5)",100000,STaR,30,1.0,0.005879961849064874,0.005925424171559501,0.005704709337765646,0.005977402831338519,1.859407199794021,2.629598879922883,0.15478814442952474,0.0
"Beta(0.5,0.5)",500000,Gaffke,20,0.95,0.0025773832226830247,0.0025774342795794325,0.0025756178260826156,0.0025790757284235464,1.8224851544756042,2.577383222683024,0.022072315216064453,0.0
"Beta(0.5,0.5)",500000,Probit-STaR,20,0.95,0.002567636713182997,0.0025729997327094134,0.0025069247140535266,0.002649671815149712,1.8155933315152357,2.567636713182997,1.8091947436332703,0.0
"Beta(0.5,0.5)",500000,STaR,20,1.0,0.0026349617935058993,0.002644080719392816,0.0025833481424466344,0.0026821504825440545,1.863199352355489,2.6349617935058993,0.6305698752403259,0.0
"Beta(0.5,0.5)",1000000,Gaffke,20,1.0,0.0018222654594206883,0.0018222761012730015,0.0018217033281132833,0.001822950939860607,1.8222654594206884,2.5770725269567762,0.035127675533294676,0.0
"Beta(0.5,0.5)",1000000,Probit-STaR,20,1.0,0.001829838365144651,0.00182421311821504,0.0017812236260082103,0.0018930508154830327,1.829838365144651,2.587782232938177,3.629338526725769,0.0
"Beta(0.5,0.5)",1000000,STaR,20,0.95,0.001852441745235786,0.0018675463451784668,0.0018117547619192042,0.0018954706504260232,1.852441745235786,2.6197482396185343,1.2291650772094727,0.0
"Beta(1,5)",10,Gaffke,50,1.0,0.44659898525208247,0.4432202867512992,0.428628082029954,0.4713033695969925,1.412269994116528,5.013061176282603,0.0003238964080810547,0.0
"Beta(1,5)",10,Probit-STaR,50,1.0,0.5524663814577339,0.5719124447320778,0.3560137795421302,0.7186673913341406,1.7470520960778537,6.2014197513768,0.0001889181137084961,0.0
"Beta(1,5)",10,STaR,50,1.0,0.4954070985403182,0.4914493194022329,0.4631565788545005,0.5311102259412347,1.5666148004028835,5.560930889140884,0.0003317594528198242,0.0
"Beta(1,5)",50,Gaffke,50,1.0,0.14206744618336997,0.14173005379611853,0.1346175990183599,0.1537454882024042,1.004568545821158,3.5658645988021997,0.0002733612060546875,0.0
"Beta(1,5)",50,Probit-STaR,50,1.0,0.16220918516417085,0.15924670595640222,0.12221127590421442,0.20388432202011048,1.1469921480032956,4.07141823490578,0.00032122611999511717,0.0
"Beta(1,5)",50,STaR,50,1.0,0.15254155841548223,0.15115476646177606,0.13895547310337136,0.16555682697213261,1.0786317036835136,3.8287627293433983,0.0002088785171508789,0.0
"Beta(1,5)",100,Gaffke,50,0.98,0.08936742066193869,0.08930728581193091,0.08480606336684977,0.09429855210599161,0.8936742066193868,3.172228743875126,0.00046204090118408204,0.0
"Beta(1,5)",100,Probit-STaR,50,1.0,0.10086985789537088,0.10004169648668076,0.08488019553087978,0.1220289540423941,1.0086985789537088,3.5805247621136096,0.0005292606353759766,0.0
"Beta(1,5)",100,STaR,50,1.0,0.09381938211061813,0.09338169844255648,0.0859621429325403,0.10104827485051755,0.9381938211061813,3.330257698605154,0.00030765533447265627,0.0
"Beta(1,5)",500,Gaffke,50,0.96,0.03520610904799357,0.035114935621534005,0.03357286252161677,0.03705337112516641,0.7872325305458402,2.794398275136358,0.0048237133026123044,0.0
"Beta(1,5)",500,Probit-STaR,50,0.98,0.036878851142816076,0.0367936547715869,0.03133670366816845,0.041828091465568,0.8246361808743256,2.9271680628498458,0.0022528934478759765,0.0
"Beta(1,5)",500,STaR,50,0.98,0.034911393363218454,0.03519243856394892,0.03162341326391449,0.03739188509190232,0.7806424874939148,2.771005942854807,0.0008641147613525391,0.0
"Beta(1,5)",1000,Gaffke,50,1.0,0.02424613678938742,0.02421145056372981,0.023432973030010264,0.025245376251264228,0.7667301671446651,2.721622104562286,0.018591899871826172,0.0
"Beta(1,5)",1000,Probit-STaR,50,1.0,0.02507376182302721,0.0252113217571662,0.022485957305578327,0.028036649657071474,0.7929019686934171,2.814522784180206,0.004386124610900879,0.0
"Beta(1,5)",1000,STaR,50,1.0,0.024378903169743137,0.02446257482926878,0.02257062916629572,0.025801973036093613,0.7709286087308682,2.7365250937954824,0.0017608737945556641,0.0
"Beta(1,5)",5000,Gaffke,50,1.0,0.010462816716760082,0.010460828721886015,0.010317062199730415,0.010637041376563617,0.7398328650733024,2.626146153559698,0.4902125358581543,0.0
"Beta(1,5)",5000,Probit-STaR,50,0.96,0.010559254324449943,0.010610687018375323,0.009778659853807206,0.011454802859537674,0.7466520337091932,2.6503518009823024,0.02022444725036621,0.0
"Beta(1,5)",5000,STaR,50,0.98,0.010583122499224577,0.01061645422690026,0.01016603197856485,0.010952856418558286,0.748339768532962,2.656342665304382,0.007744836807250977,0.0
"Beta(1,5)",10000,Gaffke,50,1.0,0.007352975887783089,0.007359051303299752,0.007266159094633693,0.007433053426347083,0.7352975887783089,2.610047519719949,0.02362894535064697,0.0
"Beta(1,5)",10000,Probit-STaR,50,1.0,0.007422647702336529,0.007403104078152534,0.0069313712221495795,0.00804207285996426,0.7422647702336529,2.6347785605318377,0.039060630798339845,0.0
"Beta(1,5)",10000,STaR,50,1.0,0.007379695573293257,0.007454269014647505,0.00699461114443693,0.007646394388045682,0.7379695573293258,2.619532067195398,0.014998407363891601,0.0
"Beta(1,5)",50000,Gaffke,30,1.0,0.003262665541579094,0.0032616967054352186,0.003250803183921289,0.003275743118653629,0.7295541938817022,2.589660490259446,0.02705503304799398,0.0
"Beta(1,5)",50000,Probit-STaR,30,1.0,0.0032939604228780653,0.0032551243670354557,0.0031414905728220865,0.0034497059350622806,0.7365519420749307,2.6145000322273546,0.18451273441314697,0.0
"Beta(1,5)",50000,STaR,30,1.0,0.0032936267033617183,0.003319532434668926,0.0031838205776513946,0.00337859549682219,0.7364773201225338,2.6142351505729833,0.08875712553660074,0.0
"Beta(1,5)",100000,Gaffke,30,1.0,0.0023042888103089426,0.0023037330535322226,0.002299080446368104,0.002312129242186023,0.7286801027415942,2.5865577745058985,0.02271284262339274,0.0
"Beta(1,5)",100000,Probit-STaR,30,1.0,0.0023124211233759517,0.002325682720755451,0.0021667124461301006,0.002403320177385729,0.731251765935324,2.595686273283518,0.36551698048909503,0.0
"Beta(1,5)",100000,STaR,30,1.0,0.0023447850411997206,0.0023715005756799884,0.0022823297498315936,0.0024019000455936857,0.741486135368287,2.632014680940593,0.1568418025970459,0.0
"Beta(1,5)",500000,Gaffke,20,1.0,0.0010280446430493196,0.001027855348083112,0.0010267178578826641,0.0010294665568937266,0.7269373384626776,2.580371574995574,0.025033724308013917,0.0
"Beta(1,5)",500000,Probit-STaR,20,1.0,0.0010452434291296428,0.0010460680204383566,0.0010108436336430022,0.001079644779807981,0.739098716728251,2.6235401854505254,1.816477930545807,0.0
"Beta(1,5)",500000,STaR,20,1.0,0.0010608880662034276,0.001063023772756147,0.0010394658944453323,0.0010704353106391923,0.7501611456923266,2.6628079128583315,0.6427532792091369,0.0
"Beta(1,5)",1000000,Gaffke,20,1.0,0.0007264925295981009,0.0007265576795570106,0.0007259587544752227,0.0007271138173867459,0.726492529598101,2.5787926601569344,0.0403422474861145,0.0
"Beta(1,5)",1000000,Probit-STaR,20,1.0,0.0007308319719190604,0.0007312506963792348,0.0007119922938348761,0.0007502193456409595,0.7308319719190604,2.594196152347908,3.663530373573303,0.0
"Beta(1,5)",1000000,STaR,20,1.0,0.0007423368144703444,0.000745071697480601,0.0007130348890403676,0.0007590432401077734,0.7423368144703443,2.635034292203145,1.2388253688812256,0.0
"Beta(2,2)",10,Gaffke,50,1.0,0.4719387774995165,0.4662625894206111,0.44868346292321126,0.5077296410232945,1.4924014530538967,3.3371110987479744,0.00035060882568359374,0.0
"Beta(2,2)",10,Probit-STaR,50,1.0,0.6660376400986671,0.7093887034303623,0.5340988066319863,0.7605926822744172,2.106195950115282,4.709597318392527,0.00030200958251953126,0.0
"Beta(2,2)",10,STaR,50,1.0,0.5823270487316734,0.5776351737188445,0.558571732159648,0.6096068555737172,1.8414798171159543,4.117674050265155,0.0006296968460083008,0.0
"Beta(2,2)",50,Gaffke,50,0.98,0.1831374941366848,0.18311873900215167,0.17050737985425296,0.19624084071147405,1.294977639935614,2.8956580322382797,0.000438075065612793,0.0
"Beta(2,2)",50,Probit-STaR,50,1.0,0.21783206047329734,0.21075912206184738,0.1653793667441271,0.27653887680368144,1.5403052712050667,3.4442272925157784,0.0007215642929077149,0.0
"Beta(2,2)",50,STaR,50,0.98,0.1934534379849904,0.19031475396022263,0.1815543242397511,0.20808303537237488,1.3679223784303796,3.058767426113521,0.0003477334976196289,0.0
"Beta(2,2)",100,Gaffke,50,0.96,0.12541567697177486,0.12431503607280331,0.11887593845765802,0.13285679730976485,1.2541567697177487,2.8043797915304354,0.0005098628997802734,0.0
"Beta(2,2)",100,Probit-STaR,50,0.98,0.1423209845343621,0.14596109795412227,0.10992464426732791,0.1679383558727853,1.4232098453436208,3.182393960435298,0.001555638313293457,0.0
"Beta(2,2)",100,STaR,50,0.98,0.12826626279367803,0.12809878393021024,0.12193846431432107,0.13553701968480306,1.2826626279367803,2.868120828265162,0.0007564353942871093,0.0
"Beta(2,2)",500,Gaffke,50,0.98,0.053534669865251024,0.053402011884076256,0.05217095083824222,0.05510421690768737,1.1970716097171081,2.6767334932625517,0.006432404518127441,0.0
"Beta(2,2)",500,Probit-STaR,50,0.98,0.05711291032909765,0.05626950474634507,0.04991978616254498,0.06465764511235676,1.2770834988871222,2.855645516454883,0.004230976104736328,0.0
"Beta(2,2)",500,STaR,50,0.96,0.053525143308006395,0.05378881421794196,0.05090539104425031,0.05565092427685049,1.1968585894212027,2.6762571654003198,0.0017181110382080078,0.0
"Beta(2,2)",1000,Gaffke,50,1.0,0.03738787954359507,0.0373334936078257,0.03669479632176221,0.038095703185982266,1.1823085624177703,2.643722315946188,0.01664146900177002,0.0
"Beta(2,2)",1000,Probit-STaR,50,1.0,0.03930676164031345,0.039669814807876125,0.03475371633359549,0.04329655465778988,1.2429889422872662,2.7794077702348905,0.0046788549423217776,0.0
"Beta(2,2)",1000,STaR,50,1.0,0.03776731010075379,0.0378516749143456,0.03627355387711939,0.03893110560804634,1.1943072101626528,2.6705521079418197,0.0022167205810546876,0.0
"Beta(2,2)",5000,Gaffke,50,1.0,0.01650014054227624,0.01647796420093739,0.016337707725530958,0.016713405707251938,1.1667361267974607,2.608901291323937,0.42819645881652835,0.0
"Beta(2,2)",5000,Probit-STaR,50,1.0,0.016948194629342283,0.016992425088744545,0.015659052107832007,0.018405368108948817,1.1984183351277353,2.6797448628277403,0.020623974800109864,0.0
"Beta(2,2)",5000,STaR,50,1.0,0.016750372144390926,0.016794799299324925,0.01626362542068639,0.017137491514388092,1.1844301730697075,2.6484663815857075,0.0080318021774292,0.0
"Beta(2,2)",10000,Gaffke,50,0.98,0.01162691868132709,0.011623004373165907,0.011558258953536871,0.011700362338968545,1.162691868132709,2.599858054030959,0.020077719688415527,0.0
"Beta(2,2)",10000,Probit-STaR,50,0.98,0.011627395735113323,0.01170390029090887,0.010960477099893489,0.012387207839933611,1.1627395735113324,2.599964726500453,0.03949784278869629,0.0
"Beta(2,2)",10000,STaR,50,0.98,0.011843970217813271,0.011884307701692354,0.011577380955754502,0.012102822223059407,1.184397021781327,2.648392253051347,0.015138225555419922,0.0
"Beta(2,2)",50000,Gaffke,30,1.0,0.005170656076159571,0.005169320413582812,0.005154221653211355,0.005186360734293916,1.156193847456513,2.5853280380797856,0.020932785669962563,0.0
"Beta(2,2)",50000,Probit-STaR,30,1.0,0.005218766059510751,0.005220937544761661,0.004955560204479759,0.0054200852836359835,1.1669515667734751,2.6093830297553757,0.18410786787668865,0.0
"Beta(2,2)",50000,STaR,30,1.0,0.005286532180290225,0.005318092170950167,0.005154357822724531,0.005388171558526477,1.1821045320369117,2.6432660901451124,0.0914586623509725,0.0
"Beta(2,2)",100000,Gaffke,30,1.0,0.003652510521826639,0.003652212839238722,0.0036459562219608556,0.0036591869947529667,1.1550252426702332,2.582714958338832,0.01927207310994466,0.0
"Beta(2,2)",100000,Probit-STaR,30,0.9666666666666667,0.003648503642057497,0.0036668188280176706,0.0034700470934292404,0.003809799216923099,1.1537581560321395,2.5798816664826725,0.3593753178914388,0.0
"Beta(2,2)",100000,STaR,30,1.0,0.0037379261574580418,0.0037445224342936567,0.0036709530219851795,0.0038081134676891393,1.1820360383088597,2.6431129335131565,0.15706121921539307,0.0
"Beta(2,2)",500000,Gaffke,20,1.0,0.0016308253536932715,0.0016307608486971492,0.001629318929051138,0.0016324046573352124,1.1531676665274622,2.5785612918102143,0.020482444763183595,0.0
"Beta(2,2)",500000,Probit-STaR,20,1.0,0.001625391278266064,0.0016378274652343594,0.0015365510376674552,0.0016961734666724128,1.1493251949434045,2.5699692641466503,1.8188961625099183,0.0
"Beta(2,2)",500000,STaR,20,1.0,0.0016675475724245465,0.0016772171574518657,0.0016258203817505756,0.0016998746120507834,1.1791341964125623,2.636624217773078,0.6364307165145874,0.0
"Beta(2,2)",1000000,Gaffke,20,1.0,0.0011528697975025399,0.0011529339977885134,0.0011524170491627518,0.0011534419492716553,1.15286979750254,2.5778952364220964,0.037968671321868895,0.0
"Beta(2,2)",1000000,Probit-STaR,20,1.0,0.001160725503803059,0.0011638994900882715,0.0011168528246928932,0.0011980660758346918,1.1607255038030588,2.5954611297213304,3.6697899103164673,0.0
"Beta(2,2)",1000000,STaR,20,1.0,0.0011683338983886154,0.0011735889181412607,0.00112542467624826,0.0011975235918138094,1.1683338983886153,2.612474017214276,1.225806677341461,0.0
"Uniform(0,1)",10,Gaffke,50,1.0,0.5110007584770883,0.5145225036003327,0.4658108020931235,0.5598351227348211,1.6159262828611938,2.798866423201505,0.0003221750259399414,0.0
"Uniform(0,1)",10,Probit-STaR,50,0.98,0.6912866208519008,0.7239010514982229,0.5145539246980574,0.7861174710301766,2.1860402378932546,3.7863327594210734,0.0001949930191040039,0.0
"Uniform(0,1)",10,STaR,50,1.0,0.6041648503423374,0.6075887956753251,0.5613355209946042,0.642195319890318,1.910537009296546,3.3091471698423103,0.0003283500671386719,0.0
"Uniform(0,1)",50,Gaffke,50,1.0,0.22630596407704096,0.22752009522973465,0.21082978482966983,0.23954791764538716,1.600224818218349,2.7716706886868514,0.0002791261672973633,0.0
"Uniform(0,1)",50,Probit-STaR,50,1.0,0.284257599972404,0.281611627892055,0.22523070650154128,0.3369893090981261,2.010004765442998,3.4814303772028374,0.0003063201904296875,0.0
"Uniform(0,1)",50,STaR,50,1.0,0.2340961176356393,0.23457823483838597,0.22097355421814768,0.24753821214165,1.6553095222960428,2.867080194869314,0.0001969289779663086,0.0
"Uniform(0,1)",100,Gaffke,50,1.0,0.15809223337464412,0.15874341785828439,0.1497421227013388,0.1675129052876787,1.580922333746441,2.7382378048691978,0.00038275718688964846,0.0
"Uniform(0,1)",100,Probit-STaR,50,0.98,0.17548689683340948,0.1727298133213152,0.1365610741886679,0.2101410189873497,1.754868968334095,3.039522213780632,0.0004984378814697265,0.0
"Uniform(0,1)",100,STaR,50,1.0,0.15923370247478025,0.15955372421098962,0.14881799711393684,0.16870958665217894,1.5923370247478024,2.758008629636255,0.00024381160736083984,0.0
"Uniform(0,1)",500,Gaffke,50,1.0,0.06838947154798239,0.06841560492607085,0.06661017933406144,0.07021396232323754,1.529235073265764,2.648712843612618,0.0043329429626464844,0.0
"Uniform(0,1)",500,Probit-STaR,50,1.0,0.07168133950344076,0.07284649281113875,0.06342366412137262,0.07939655705993152,1.6028434784793455,2.776206341306659,0.0021378374099731445,0.0
"Uniform(0,1)",500,STaR,50,1.0,0.06855604462020173,0.06834279348577837,0.06614674031797121,0.07144108575873967,1.5329597603927985,2.6551641909589394,0.0008297538757324218,0.0
"Uniform(0,1)",1000,Gaffke,50,0.98,0.04792268838228167,0.04795201937263244,0.04681544722539103,0.048813942634431534,1.5154484688650003,2.6248337443266427,0.016525635719299315,0.0
"Uniform(0,1)",1000,Probit-STaR,50,1.0,0.05027593971511883,0.049780430828337774,0.045053159491050335,0.05610775128871269,1.5898648100509245,2.753726628174044,0.004272027015686035,0.0
"Uniform(0,1)",1000,STaR,50,1.0,0.048237460936079085,0.04839945753360986,0.04695089666500252,0.04945971964471857,1.5254024510140778,2.6420745471464784,0.001653742790222168,0.0
"Uniform(0,1)",5000,Gaffke,50,0.98,0.021216301420993372,0.02122054052483216,0.02105810382274844,0.021417451794768255,1.50021906064822,2.598455635525972,0.43259463787078856,0.0
"Uniform(0,1)",5000,Probit-STaR,50,0.98,0.021848352058723056,0.02178728902904281,0.020041249982693476,0.02405613021901848,1.5449117898474136,2.6758657132278927,0.020317230224609375,0.0
"Uniform(0,1)",5000,STaR,50,0.98,0.021401725597728412,0.02147967938580314,0.020640488364547793,0.021921646151253547,1.5133305299247477,2.6211653664747963,0.007896652221679687,0.0
"Uniform(0,1)",10000,Gaffke,50,1.0,0.01495940759715551,0.014960775535860282,0.014888817158308082,0.015062806710850668,1.4959407597155507,2.5910454009405197,0.01976139545440674,0.0
"Uniform(0,1)",10000,Probit-STaR,50,1.0,0.015412228577740845,0.0155115916291661,0.014284739699915904,0.016532458641328372,1.5412228577740845,2.6694762954512163,0.038778886795043946,0.0
"Uniform(0,1)",10000,STaR,50,0.98,0.01523061387815377,0.015342559713905968,0.01471092785565139,0.015546762841564098,1.5230613878153774,2.638019706742599,0.014889039993286134,0.0
"Uniform(0,1)",50000,Gaffke,30,1.0,0.006671761413662393,0.006668301784151259,0.006659723938378515,0.006688159727162463,1.4918512050609205,2.58396208449837,0.01927799383799235,0.0
"Uniform(0,1)",50000,Probit-STaR,30,1.0,0.006857441700035464,0.006914466424324139,0.006472226992201724,0.007139357970957949,1.533370579302102,2.6558757501825627,0.18227359453837078,0.0
"Uniform(0,1)",50000,STaR,30,1.0,0.006794926194102582,0.0068391724614861316,0.006618485658599427,0.0069409252382794055,1.5193916872107303,2.6316635988467847,0.09195653597513835,0.0
"Uniform(0,1)",100000,Gaffke,30,1.0,0.004714084120542861,0.00471345695206557,0.0047069431942477315,0.004721769304180645,1.490724290254719,2.582010210798228,0.01899261474609375,0.0
"Uniform(0,1)",100000,Probit-STaR,30,1.0,0.004694563065063225,0.004696047272201576,0.0044939836790332975,0.004951059856831197,1.484551190490103,2.5713180883657216,0.3576333125432332,0.0
"Uniform(0,1)",100000,STaR,30,1.0,0.0048116066046499,0.004825974910565911,0.004689254868998316,0.004890609220637021,1.521563607540301,2.6354254752075925,0.15557211240132648,0.0
"Uniform(0,1)",500000,Gaffke,20,1.0,0.0021049529116391906,0.002105148224257919,0.0021032846717870647,0.0021059453946293384,1.4884264778984393,2.578030283050892,0.022559452056884765,0.0
"Uniform(0,1)",500000,Probit-STaR,20,1.0,0.0020857500515829826,0.002082547355384823,0.0020175598375507973,0.0021654874818735903,1.4748480053345183,2.554511678681,1.8201707363128663,0.0
"Uniform(0,1)",500000,STaR,20,1.0,0.0021387277997201525,0.0021561110488199087,0.002099704281821618,0.00219272302309127,1.5123089302943042,2.619395904009875,0.6338062405586242,0.0
"Uniform(0,1)",1000000,Gaffke,20,1.0,0.001487883983268709,0.001487959858741783,0.0014871640603019765,0.0014885453224461943,1.487883983268709,2.5770906547893655,0.035163474082946775,0.0
"Uniform(0,1)",1000000,Probit-STaR,20,1.0,0.001493117488730386,0.0014964211617009837,0.0014560674129100782,0.0015297869264857434,1.4931174887303862,2.5861553521506795,3.6435021638870237,0.0
"Uniform(0,1)",1000000,STaR,20,1.0,0.0015219718982158402,0.0015251656259308577,0.0014883726543021615,0.0015546660035083981,1.5219718982158403,2.6361326554018834,1.2321653246879578,0.0
