distribution,population_mean,population_variance,population_size,n,sampling_fraction,method,calibration,sqrt_n_mean_width,sqrt_n_standard_error,gaussian_sqrt_n_width,num_simulations
"Uniform(0,1)",0.49999999999999994,0.0833,50,25,0.5,Bridge-efficient betting,Deterministic Markov,1.418896698951721,0.01272130854371382,1.062041629209329,50
"Uniform(0,1)",0.5,0.08332500000000001,100,50,0.5,Bridge-efficient betting,Deterministic Markov,1.2658972177417551,0.010390550546561721,1.056822719840894,50
"Uniform(0,1)",0.5,0.083333,500,250,0.5,Bridge-efficient betting,Deterministic Markov,1.1345522423693677,0.005789250646804321,1.0526289623464398,50
"Uniform(0,1)",0.5,0.08333325,1000,500,0.5,Bridge-efficient betting,Deterministic Markov,1.108794776646847,0.004053055559893633,1.0521035672738557,50
"Uniform(0,1)",0.5,0.08333333,5000,2500,0.5,Bridge-efficient betting,Deterministic Markov,1.0740386247634888,0.0016629569048536002,1.0516830622341677,50
"Uniform(0,1)",0.5,0.08333333250000001,10000,5000,0.5,Bridge-efficient betting,Deterministic Markov,1.066897905359434,0.0009881612278968158,1.0516304872816398,50
"Uniform(0,1)",0.5,0.08333333329999999,50000,25000,0.5,Bridge-efficient betting,Deterministic Markov,1.0585440689774137,0.0006057816867067476,1.0515884254270798,30
"Uniform(0,1)",0.5,0.08333333332499998,100000,50000,0.5,Bridge-efficient betting,Deterministic Markov,1.056493975064972,0.00046727319914940734,1.0515831675769651,30
"Uniform(0,1)",0.5,0.08333333333300001,500000,250000,0.5,Bridge-efficient betting,Deterministic Markov,1.0539636015891958,0.0002168728632456198,1.0515789612779454,20
"Uniform(0,1)",0.5,0.08333333333324999,1000000,500000,0.5,Bridge-efficient betting,Deterministic Markov,1.0532423685887584,0.0002469482547422246,1.051578435489385,20
"Uniform(0,1)",0.49999999999999994,0.0833,50,25,0.5,Bridge-efficient betting,Uniformly randomized Markov,1.1828269630670547,0.015743121730964607,1.062041629209329,50
"Uniform(0,1)",0.5,0.08332500000000001,100,50,0.5,Bridge-efficient betting,Uniformly randomized Markov,1.1064155870986847,0.012862740593977911,1.056822719840894,50
"Uniform(0,1)",0.5,0.083333,500,250,0.5,Bridge-efficient betting,Uniformly randomized Markov,1.062581193993028,0.005422188451049614,1.0526289623464398,50
"Uniform(0,1)",0.5,0.08333325,1000,500,0.5,Bridge-efficient betting,Uniformly randomized Markov,1.0604979561806518,0.003918208616034483,1.0521035672738557,50
"Uniform(0,1)",0.5,0.08333333,5000,2500,0.5,Bridge-efficient betting,Uniformly randomized Markov,1.0539570450782776,0.001594949516535452,1.0516830622341677,50
"Uniform(0,1)",0.5,0.08333333250000001,10000,5000,0.5,Bridge-efficient betting,Uniformly randomized Markov,1.0534212398138327,0.0013111672049553242,1.0516304872816398,50
"Uniform(0,1)",0.5,0.08333333329999999,50000,25000,0.5,Bridge-efficient betting,Uniformly randomized Markov,1.0524284694693935,0.0006767160679784687,1.0515884254270798,30
"Uniform(0,1)",0.5,0.08333333332499998,100000,50000,0.5,Bridge-efficient betting,Uniformly randomized Markov,1.051938685516874,0.0005681307480470058,1.0515831675769651,30
"Uniform(0,1)",0.5,0.08333333333300001,500000,250000,0.5,Bridge-efficient betting,Uniformly randomized Markov,1.0518327355384756,0.000404834830221012,1.0515789612779454,20
"Uniform(0,1)",0.5,0.08333333333324999,1000000,500000,0.5,Bridge-efficient betting,Uniformly randomized Markov,1.051544904264982,0.00016209819129598747,1.051578435489385,20
"Uniform(0,1)",0.49999999999999994,0.0833,50,25,0.5,WSR running intersection,Deterministic Markov,1.36635961830616,0.012265823490565887,1.062041629209329,50
"Uniform(0,1)",0.5,0.08332500000000001,100,50,0.5,WSR running intersection,Deterministic Markov,1.3073318182302938,0.00922233893067517,1.056822719840894,50
"Uniform(0,1)",0.5,0.083333,500,250,0.5,WSR running intersection,Deterministic Markov,1.2762457336305113,0.011806852835523032,1.0526289623464398,50
"Uniform(0,1)",0.5,0.08333325,1000,500,0.5,WSR running intersection,Deterministic Markov,1.2693781227959382,0.009645239269871498,1.0521035672738557,50
"Uniform(0,1)",0.5,0.08333333,5000,2500,0.5,WSR running intersection,Deterministic Markov,1.2707486152648926,0.008498274049741392,1.0516830622341677,50
"Uniform(0,1)",0.5,0.08333333250000001,10000,5000,0.5,WSR running intersection,Deterministic Markov,1.2681658392978117,0.007800575312894391,1.0516304872816398,50
"Uniform(0,1)",0.5,0.08333333329999999,50000,25000,0.5,WSR running intersection,Deterministic Markov,1.2730325236680715,0.008515577681569636,1.0515884254270798,30
"Uniform(0,1)",0.5,0.08333333332499998,100000,50000,0.5,WSR running intersection,Deterministic Markov,1.2690385385884089,0.008175116652987455,1.0515831675769651,30
"Uniform(0,1)",0.5,0.08333333333300001,500000,250000,0.5,WSR running intersection,Deterministic Markov,1.2767039239406515,0.018370635692825234,1.0515789612779454,20
"Uniform(0,1)",0.5,0.08333333333324999,1000000,500000,0.5,WSR running intersection,Deterministic Markov,1.2713923491387202,0.00961671755395408,1.051578435489385,20
"Uniform(0,1)",0.49999999999999994,0.0833,50,25,0.5,WSR running intersection,Uniformly randomized Markov,1.2466625541448593,0.01593993345525335,1.062041629209329,50
"Uniform(0,1)",0.5,0.08332500000000001,100,50,0.5,WSR running intersection,Uniformly randomized Markov,1.2023495651149207,0.013816077992386816,1.056822719840894,50
"Uniform(0,1)",0.5,0.083333,500,250,0.5,WSR running intersection,Uniformly randomized Markov,1.1829747189385076,0.017082659804692653,1.0526289623464398,50
"Uniform(0,1)",0.5,0.08333325,1000,500,0.5,WSR running intersection,Uniformly randomized Markov,1.1856673302875733,0.013024030366523505,1.0521035672738557,50
"Uniform(0,1)",0.5,0.08333333,5000,2500,0.5,WSR running intersection,Uniformly randomized Markov,1.2066649794578552,0.01117062266518698,1.0516830622341677,50
"Uniform(0,1)",0.5,0.08333333250000001,10000,5000,0.5,WSR running intersection,Uniformly randomized Markov,1.193906758997437,0.01029065858741031,1.0516304872816398,50
"Uniform(0,1)",0.5,0.08333333329999999,50000,25000,0.5,WSR running intersection,Uniformly randomized Markov,1.2021173291880425,0.011588378969334436,1.0515884254270798,30
"Uniform(0,1)",0.5,0.08333333332499998,100000,50000,0.5,WSR running intersection,Uniformly randomized Markov,1.183050701066164,0.02003162567715963,1.0515831675769651,30
"Uniform(0,1)",0.5,0.08333333333300001,500000,250000,0.5,WSR running intersection,Uniformly randomized Markov,1.1627271771430898,0.03342523920344396,1.0515789612779454,20
"Uniform(0,1)",0.5,0.08333333333324999,1000000,500000,0.5,WSR running intersection,Uniformly randomized Markov,1.1928274625007758,0.016231080323555865,1.051578435489385,20
"Uniform(0,1)",0.49999999999999994,0.0833,50,25,0.5,Bardenet--Maillard EBS,As published,2.5,3.8064789415719653e-17,1.062041629209329,50
"Uniform(0,1)",0.5,0.08332500000000001,100,50,0.5,Bardenet--Maillard EBS,As published,3.5355339059327378,6.531683220313437e-17,1.056822719840894,50
"Uniform(0,1)",0.5,0.083333,500,250,0.5,Bardenet--Maillard EBS,As published,5.409573171282276,0.005001288206243285,1.0526289623464398,50
"Uniform(0,1)",0.5,0.08333325,1000,500,0.5,Bardenet--Maillard EBS,As published,4.270328449022234,0.003479558654685564,1.0521035672738557,50
"Uniform(0,1)",0.5,0.08333333,5000,2500,0.5,Bardenet--Maillard EBS,As published,2.7446571172582783,0.0012205682427037065,1.0516830622341677,50
"Uniform(0,1)",0.5,0.08333333250000001,10000,5000,0.5,Bardenet--Maillard EBS,As published,2.3874823155025795,0.001050065912907002,1.0516304872816398,50
"Uniform(0,1)",0.5,0.08333333329999999,50000,25000,0.5,Bardenet--Maillard EBS,As published,1.9068219514528666,0.0005115021695733419,1.0515884254270798,30
"Uniform(0,1)",0.5,0.08333333332499998,100000,50000,0.5,Bardenet--Maillard EBS,As published,1.792407748197731,0.00041607831159699724,1.0515831675769651,30
"Uniform(0,1)",0.5,0.08333333333300001,500000,250000,0.5,Bardenet--Maillard EBS,As published,1.6410411024348854,0.00017641318649566802,1.0515789612779454,20
"Uniform(0,1)",0.5,0.08333333333324999,1000000,500000,0.5,Bardenet--Maillard EBS,As published,1.604491335643927,0.00012789868288526834,1.051578435489385,20
"Uniform(0,1)",0.49999999999999994,0.0833,50,25,0.5,Shekhar--Ramdas AS-CI,As published,2.5,3.8064789415719653e-17,1.062041629209329,50
"Uniform(0,1)",0.5,0.08332500000000001,100,50,0.5,Shekhar--Ramdas AS-CI,As published,3.5305075818023828,0.0020582394458860836,1.056822719840894,50
"Uniform(0,1)",0.5,0.083333,500,250,0.5,Shekhar--Ramdas AS-CI,As published,4.081131447802994,0.007210649438092424,1.0526289623464398,50
"Uniform(0,1)",0.5,0.08333325,1000,500,0.5,Shekhar--Ramdas AS-CI,As published,4.158744293563447,0.005208544398876315,1.0521035672738557,50
"Uniform(0,1)",0.5,0.08333333,5000,2500,0.5,Shekhar--Ramdas AS-CI,As published,4.345072294956813,0.002325465325437775,1.0516830622341677,50
"Uniform(0,1)",0.5,0.08333333250000001,10000,5000,0.5,Shekhar--Ramdas AS-CI,As published,4.421068569373364,0.0020300721814659173,1.0516304872816398,50
"Uniform(0,1)",0.5,0.08333333329999999,50000,25000,0.5,Shekhar--Ramdas AS-CI,As published,4.585954055287781,0.001014948839632313,1.0515884254270798,30
"Uniform(0,1)",0.5,0.08333333332499998,100000,50000,0.5,Shekhar--Ramdas AS-CI,As published,4.655782581069228,0.0009574484738411885,1.0515831675769651,30
"Uniform(0,1)",0.5,0.08333333333300001,500000,250000,0.5,Shekhar--Ramdas AS-CI,As published,4.817622629760073,0.000582830407182703,1.0515789612779454,20
"Uniform(0,1)",0.5,0.08333333333324999,1000000,500000,0.5,Shekhar--Ramdas AS-CI,As published,4.883846298915173,0.0002600414513911793,1.051578435489385,20
"Beta(0.5,0.5)",0.49999999999999994,0.125,50,25,0.5,Bridge-efficient betting,Deterministic Markov,1.7051213145256043,0.014384813001713612,1.3009902626560355,50
"Beta(0.5,0.5)",0.49999999999999994,0.125,100,50,0.5,Bridge-efficient betting,Deterministic Markov,1.5120353440956675,0.009680992149723736,1.2944029278597224,50
"Beta(0.5,0.5)",0.5,0.125,500,250,0.5,Bridge-efficient betting,Deterministic Markov,1.3715683100932134,0.00410815154412144,1.2892045015236338,50
"Beta(0.5,0.5)",0.49999999999999994,0.125,1000,500,0.5,Bridge-efficient betting,Deterministic Markov,1.347460419352973,0.003808305515965669,1.2885590924711579,50
"Beta(0.5,0.5)",0.5,0.125,5000,2500,0.5,Bridge-efficient betting,Deterministic Markov,1.3112821877002716,0.001773332156859613,1.288043462561568,50
"Beta(0.5,0.5)",0.5,0.125,10000,5000,0.5,Bridge-efficient betting,Deterministic Markov,1.308265699670228,0.0016768971595795077,1.2879790523371215,50
"Beta(0.5,0.5)",0.5,0.125,50000,25000,0.5,Bridge-efficient betting,Deterministic Markov,1.2948325507829577,0.0007314558161476138,1.2879275311141585,30
"Beta(0.5,0.5)",0.49999999999999994,0.125,100000,50000,0.5,Bridge-efficient betting,Deterministic Markov,1.2936229300374837,0.00043492997711343543,1.2879210913960064,30
"Beta(0.5,0.5)",0.5,0.125,500000,250000,0.5,Bridge-efficient betting,Deterministic Markov,1.2904331088066032,0.0002511037067339792,1.287915939691034,20
"Beta(0.5,0.5)",0.49999999999999994,0.125,1000000,500000,0.5,Bridge-efficient betting,Deterministic Markov,1.2898105219379732,0.00023643729083325777,1.2879152957322593,20
"Beta(0.5,0.5)",0.49999999999999994,0.125,50,25,0.5,Bridge-efficient betting,Uniformly randomized Markov,1.409696564078331,0.02021091555957686,1.3009902626560355,50
"Beta(0.5,0.5)",0.49999999999999994,0.125,100,50,0.5,Bridge-efficient betting,Uniformly randomized Markov,1.333746289219229,0.013765587020364357,1.2944029278597224,50
"Beta(0.5,0.5)",0.5,0.125,500,250,0.5,Bridge-efficient betting,Uniformly randomized Markov,1.3055344242567903,0.005738035724409787,1.2892045015236338,50
"Beta(0.5,0.5)",0.49999999999999994,0.125,1000,500,0.5,Bridge-efficient betting,Uniformly randomized Markov,1.2974383687694597,0.0037745606511328106,1.2885590924711579,50
"Beta(0.5,0.5)",0.5,0.125,5000,2500,0.5,Bridge-efficient betting,Uniformly randomized Markov,1.2875670194625854,0.0018345157685969622,1.288043462561568,50
"Beta(0.5,0.5)",0.5,0.125,10000,5000,0.5,Bridge-efficient betting,Uniformly randomized Markov,1.2911545006432903,0.001327155822680652,1.2879790523371215,50
"Beta(0.5,0.5)",0.5,0.125,50000,25000,0.5,Bridge-efficient betting,Uniformly randomized Markov,1.2883431198423172,0.0004974828313786057,1.2879275311141585,30
"Beta(0.5,0.5)",0.49999999999999994,0.125,100000,50000,0.5,Bridge-efficient betting,Uniformly randomized Markov,1.289086077561239,0.0005153261369305966,1.2879210913960064,30
"Beta(0.5,0.5)",0.5,0.125,500000,250000,0.5,Bridge-efficient betting,Uniformly randomized Markov,1.2884363532066276,0.00023302827465804325,1.287915939691034,20
"Beta(0.5,0.5)",0.49999999999999994,0.125,1000000,500000,0.5,Bridge-efficient betting,Uniformly randomized Markov,1.2880719644368988,0.00023382293852112045,1.2879152957322593,20
"Beta(0.5,0.5)",0.49999999999999994,0.125,50,25,0.5,WSR running intersection,Deterministic Markov,1.6550370901823044,0.011634477432169762,1.3009902626560355,50
"Beta(0.5,0.5)",0.49999999999999994,0.125,100,50,0.5,WSR running intersection,Deterministic Markov,1.581550290833959,0.011325538664777215,1.2944029278597224,50
"Beta(0.5,0.5)",0.5,0.125,500,250,0.5,WSR running intersection,Deterministic Markov,1.558962147381574,0.009625042833430495,1.2892045015236338,50
"Beta(0.5,0.5)",0.49999999999999994,0.125,1000,500,0.5,WSR running intersection,Deterministic Markov,1.5704557016349288,0.008714555322834156,1.2885590924711579,50
"Beta(0.5,0.5)",0.5,0.125,5000,2500,0.5,WSR running intersection,Deterministic Markov,1.5658605694770813,0.009364555936599711,1.288043462561568,50
"Beta(0.5,0.5)",0.5,0.125,10000,5000,0.5,WSR running intersection,Deterministic Markov,1.566812718021457,0.008646645343029528,1.2879790523371215,50
"Beta(0.5,0.5)",0.5,0.125,50000,25000,0.5,WSR running intersection,Deterministic Markov,1.5401112073269385,0.021262490909874532,1.2879275311141585,30
"Beta(0.5,0.5)",0.49999999999999994,0.125,100000,50000,0.5,WSR running intersection,Deterministic Markov,1.5448880100532423,0.013999890944629174,1.2879210913960064,30
"Beta(0.5,0.5)",0.5,0.125,500000,250000,0.5,WSR running intersection,Deterministic Markov,1.5523716807365349,0.012685183565958,1.287915939691034,20
"Beta(0.5,0.5)",0.49999999999999994,0.125,1000000,500000,0.5,WSR running intersection,Deterministic Markov,1.5423017546546116,0.018640939290432652,1.2879152957322593,20
"Beta(0.5,0.5)",0.49999999999999994,0.125,50,25,0.5,WSR running intersection,Uniformly randomized Markov,1.505846518278122,0.01852662539526139,1.3009902626560355,50
"Beta(0.5,0.5)",0.49999999999999994,0.125,100,50,0.5,WSR running intersection,Uniformly randomized Markov,1.4621834405476783,0.018749578995867072,1.2944029278597224,50
"Beta(0.5,0.5)",0.5,0.125,500,250,0.5,WSR running intersection,Uniformly randomized Markov,1.451952280930092,0.016045951649632684,1.2892045015236338,50
"Beta(0.5,0.5)",0.49999999999999994,0.125,1000,500,0.5,WSR running intersection,Uniformly randomized Markov,1.4795000461925385,0.014788640369801556,1.2885590924711579,50
"Beta(0.5,0.5)",0.5,0.125,5000,2500,0.5,WSR running intersection,Uniformly randomized Markov,1.4450439512729645,0.019030246840689664,1.288043462561568,50
"Beta(0.5,0.5)",0.5,0.125,10000,5000,0.5,WSR running intersection,Uniformly randomized Markov,1.4904531652318451,0.010883598786271214,1.2879790523371215,50
"Beta(0.5,0.5)",0.5,0.125,50000,25000,0.5,WSR running intersection,Uniformly randomized Markov,1.4341851284616742,0.024526406050424193,1.2879275311141585,30
"Beta(0.5,0.5)",0.49999999999999994,0.125,100000,50000,0.5,WSR running intersection,Uniformly randomized Markov,1.4727490790934472,0.02118017294220798,1.2879210913960064,30
"Beta(0.5,0.5)",0.5,0.125,500000,250000,0.5,WSR running intersection,Uniformly randomized Markov,1.490057259798043,0.012969462280553703,1.287915939691034,20
"Beta(0.5,0.5)",0.49999999999999994,0.125,1000000,500000,0.5,WSR running intersection,Uniformly randomized Markov,1.4501445093719034,0.02311164619348237,1.2879152957322593,20
"Beta(0.5,0.5)",0.49999999999999994,0.125,50,25,0.5,Bardenet--Maillard EBS,As published,2.5,4.1114671657129845e-17,1.3009902626560355,50
"Beta(0.5,0.5)",0.49999999999999994,0.125,100,50,0.5,Bardenet--Maillard EBS,As published,3.5355339059327378,6.832838811750647e-17,1.2944029278597224,50
"Beta(0.5,0.5)",0.5,0.125,500,250,0.5,Bardenet--Maillard EBS,As published,5.754731530843957,0.0046177221839242485,1.2892045015236338,50
"Beta(0.5,0.5)",0.49999999999999994,0.125,1000,500,0.5,Bardenet--Maillard EBS,As published,4.6119100904621755,0.0028281362952624835,1.2885590924711579,50
"Beta(0.5,0.5)",0.5,0.125,5000,2500,0.5,Bardenet--Maillard EBS,As published,3.08877778461321,0.001461198442616387,1.288043462561568,50
"Beta(0.5,0.5)",0.5,0.125,10000,5000,0.5,Bardenet--Maillard EBS,As published,2.729282207702294,0.0010089294786649792,1.2879790523371215,50
"Beta(0.5,0.5)",0.5,0.125,50000,25000,0.5,Bardenet--Maillard EBS,As published,2.248265781004255,0.00048103696808322877,1.2879275311141585,30
"Beta(0.5,0.5)",0.49999999999999994,0.125,100000,50000,0.5,Bardenet--Maillard EBS,As published,2.1342376503102543,0.0004101752561296804,1.2879210913960064,30
"Beta(0.5,0.5)",0.5,0.125,500000,250000,0.5,Bardenet--Maillard EBS,As published,1.9818143352378246,0.0002016925912154202,1.287915939691034,20
"Beta(0.5,0.5)",0.49999999999999994,0.125,1000000,500000,0.5,Bardenet--Maillard EBS,As published,1.945364537322238,0.0001335483507032456,1.2879152957322593,20
"Beta(0.5,0.5)",0.49999999999999994,0.125,50,25,0.5,Shekhar--Ramdas AS-CI,As published,2.5,4.1114671657129845e-17,1.3009902626560355,50
"Beta(0.5,0.5)",0.49999999999999994,0.125,100,50,0.5,Shekhar--Ramdas AS-CI,As published,3.505399818621578,0.01083697285441349,1.2944029278597224,50
"Beta(0.5,0.5)",0.5,0.125,500,250,0.5,Shekhar--Ramdas AS-CI,As published,4.070474605957649,0.010215761588748326,1.2892045015236338,50
"Beta(0.5,0.5)",0.49999999999999994,0.125,1000,500,0.5,Shekhar--Ramdas AS-CI,As published,4.162709742186451,0.006243277980319493,1.2885590924711579,50
"Beta(0.5,0.5)",0.5,0.125,5000,2500,0.5,Shekhar--Ramdas AS-CI,As published,4.343788227481547,0.0032576244511335287,1.288043462561568,50
"Beta(0.5,0.5)",0.5,0.125,10000,5000,0.5,Shekhar--Ramdas AS-CI,As published,4.420077975510676,0.0018909023473283068,1.2879790523371215,50
"Beta(0.5,0.5)",0.5,0.125,50000,25000,0.5,Shekhar--Ramdas AS-CI,As published,4.587376431091739,0.001262582197630127,1.2879275311141585,30
"Beta(0.5,0.5)",0.49999999999999994,0.125,100000,50000,0.5,Shekhar--Ramdas AS-CI,As published,4.655947975962224,0.0008583444094412949,1.2879210913960064,30
"Beta(0.5,0.5)",0.5,0.125,500000,250000,0.5,Shekhar--Ramdas AS-CI,As published,4.816929695284639,0.0005231150600444558,1.287915939691034,20
"Beta(0.5,0.5)",0.49999999999999994,0.125,1000000,500000,0.5,Shekhar--Ramdas AS-CI,As published,4.8846258742081705,0.000504972060010483,1.2879152957322593,20
Bernoulli(0.1),0.1,0.09,50,25,0.5,Bridge-efficient betting,Deterministic Markov,1.1498950600624085,0.03377677431920327,1.1039268443781,50
Bernoulli(0.1),0.1,0.09,100,50,0.5,Bridge-efficient betting,Deterministic Markov,1.177147591522686,0.022330098878081846,1.0983373054527974,50
Bernoulli(0.1),0.1,0.09,500,250,0.5,Bridge-efficient betting,Deterministic Markov,1.244163127402925,0.021395890092341076,1.0939262944363009,50
Bernoulli(0.1),0.1,0.09000000000000004,1000,500,0.5,Bridge-efficient betting,Deterministic Markov,1.1823481242338603,0.013138187740361301,1.0933786466951272,50
Bernoulli(0.1),0.1,0.09000000000000004,5000,2500,0.5,Bridge-efficient betting,Deterministic Markov,1.1245549023151398,0.005778873160018197,1.0929411202083428,50
Bernoulli(0.1),0.1,0.09000000000000002,10000,5000,0.5,Bridge-efficient betting,Deterministic Markov,1.1234870037153133,0.003982336157526239,1.0928864663205622,50
Bernoulli(0.1),0.1,0.09000000000000004,50000,25000,0.5,Bridge-efficient betting,Deterministic Markov,1.1102344322828155,0.0028062882774992975,1.0928427491132036,30
Bernoulli(0.1),0.1,0.09000000000000002,100000,50000,0.5,Bridge-efficient betting,Deterministic Markov,1.1020370966765367,0.0017430831773440766,1.0928372848311545,30
Bernoulli(0.1),0.1,0.09000000000000004,500000,250000,0.5,Bridge-efficient betting,Deterministic Markov,1.0996803641319275,0.0011241895060312825,1.0928329134645296,20
Bernoulli(0.1),0.1,0.09000000000000002,1000000,500000,0.5,Bridge-efficient betting,Deterministic Markov,1.095891818268139,0.0006492737150643312,1.0928323670473898,20
Bernoulli(0.1),0.1,0.09,50,25,0.5,Bridge-efficient betting,Uniformly randomized Markov,1.1100065052509307,0.0347025509741165,1.1039268443781,50
Bernoulli(0.1),0.1,0.09,100,50,0.5,Bridge-efficient betting,Uniformly randomized Markov,1.1544448122506565,0.023102951435165355,1.0983373054527974,50
Bernoulli(0.1),0.1,0.09,500,250,0.5,Bridge-efficient betting,Uniformly randomized Markov,1.1348982751940284,0.02164115731647776,1.0939262944363009,50
Bernoulli(0.1),0.1,0.09000000000000004,1000,500,0.5,Bridge-efficient betting,Uniformly randomized Markov,1.120726592035341,0.013653718530741734,1.0933786466951272,50
Bernoulli(0.1),0.1,0.09000000000000004,5000,2500,0.5,Bridge-efficient betting,Uniformly randomized Markov,1.0940892100334167,0.006796116676761606,1.0929411202083428,50
Bernoulli(0.1),0.1,0.09000000000000002,10000,5000,0.5,Bridge-efficient betting,Uniformly randomized Markov,1.0956294119893102,0.004684249082672767,1.0928864663205622,50
Bernoulli(0.1),0.1,0.09000000000000004,50000,25000,0.5,Bridge-efficient betting,Uniformly randomized Markov,1.096532410773052,0.0029366961270234,1.0928427491132036,30
Bernoulli(0.1),0.1,0.09000000000000002,100000,50000,0.5,Bridge-efficient betting,Uniformly randomized Markov,1.0910463805181136,0.0019246342163717093,1.0928372848311545,30
Bernoulli(0.1),0.1,0.09000000000000004,500000,250000,0.5,Bridge-efficient betting,Uniformly randomized Markov,1.0943979024887085,0.0011088230506925538,1.0928329134645296,20
Bernoulli(0.1),0.1,0.09000000000000002,1000000,500000,0.5,Bridge-efficient betting,Uniformly randomized Markov,1.092402059211437,0.0008490536602182937,1.0928323670473898,20
Bernoulli(0.1),0.1,0.09,50,25,0.5,WSR running intersection,Deterministic Markov,1.5390996307134628,0.06869957654832518,1.1039268443781,50
Bernoulli(0.1),0.1,0.09,100,50,0.5,WSR running intersection,Deterministic Markov,1.7350576562768285,0.06615479941801031,1.0983373054527974,50
Bernoulli(0.1),0.1,0.09,500,250,0.5,WSR running intersection,Deterministic Markov,1.4880244853183007,0.04976263507395422,1.0939262944363009,50
Bernoulli(0.1),0.1,0.09000000000000004,1000,500,0.5,WSR running intersection,Deterministic Markov,1.3912172952460535,0.014484070838740972,1.0933786466951272,50
Bernoulli(0.1),0.1,0.09000000000000004,5000,2500,0.5,WSR running intersection,Deterministic Markov,1.328228920698166,0.009731176738819597,1.0929411202083428,50
Bernoulli(0.1),0.1,0.09000000000000002,10000,5000,0.5,WSR running intersection,Deterministic Markov,1.3283285689389297,0.008804056602585549,1.0928864663205622,50
Bernoulli(0.1),0.1,0.09000000000000004,50000,25000,0.5,WSR running intersection,Deterministic Markov,1.3282282634784297,0.00905368776611387,1.0928427491132036,30
Bernoulli(0.1),0.1,0.09000000000000002,100000,50000,0.5,WSR running intersection,Deterministic Markov,1.324005003117485,0.009025543000771847,1.0928372848311545,30
Bernoulli(0.1),0.1,0.09000000000000004,500000,250000,0.5,WSR running intersection,Deterministic Markov,1.3158425688743591,0.01164204229818323,1.0928329134645296,20
Bernoulli(0.1),0.1,0.09000000000000002,1000000,500000,0.5,WSR running intersection,Deterministic Markov,1.311448713963468,0.014410398134328681,1.0928323670473898,20
Bernoulli(0.1),0.1,0.09,50,25,0.5,WSR running intersection,Uniformly randomized Markov,1.5164607614278793,0.07007805991870183,1.1039268443781,50
Bernoulli(0.1),0.1,0.09,100,50,0.5,WSR running intersection,Uniformly randomized Markov,1.7209316553096445,0.06744328372032496,1.0983373054527974,50
Bernoulli(0.1),0.1,0.09,500,250,0.5,WSR running intersection,Uniformly randomized Markov,1.3679598503560717,0.0536196266591436,1.0939262944363009,50
Bernoulli(0.1),0.1,0.09000000000000004,1000,500,0.5,WSR running intersection,Uniformly randomized Markov,1.290733210019257,0.020752838231962546,1.0933786466951272,50
Bernoulli(0.1),0.1,0.09000000000000004,5000,2500,0.5,WSR running intersection,Uniformly randomized Markov,1.257252961397171,0.01162809858025272,1.0929411202083428,50
Bernoulli(0.1),0.1,0.09000000000000002,10000,5000,0.5,WSR running intersection,Uniformly randomized Markov,1.2445867427515431,0.014348713524634777,1.0928864663205622,50
Bernoulli(0.1),0.1,0.09000000000000004,50000,25000,0.5,WSR running intersection,Uniformly randomized Markov,1.2513308236442862,0.015722372909502774,1.0928427491132036,30
Bernoulli(0.1),0.1,0.09000000000000002,100000,50000,0.5,WSR running intersection,Uniformly randomized Markov,1.242469385247677,0.019951776818039287,1.0928372848311545,30
Bernoulli(0.1),0.1,0.09000000000000004,500000,250000,0.5,WSR running intersection,Uniformly randomized Markov,1.2476138770580292,0.017377454921430474,1.0928329134645296,20
Bernoulli(0.1),0.1,0.09000000000000002,1000000,500000,0.5,WSR running intersection,Uniformly randomized Markov,1.235055443695047,0.023427749446994467,1.0928323670473898,20
Bernoulli(0.1),0.1,0.09,50,25,0.5,Exact hypergeometric,As published,1.0999999999999999,0.02587252896610691,1.1039268443781,50
Bernoulli(0.1),0.1,0.09,100,50,0.5,Exact hypergeometric,As published,1.0931870837144024,0.020123090605327104,1.0983373054527974,50
Bernoulli(0.1),0.1,0.09,500,250,0.5,Exact hypergeometric,As published,1.1175489251035053,0.009459257424365194,1.0939262944363009,50
Bernoulli(0.1),0.1,0.09000000000000004,1000,500,0.5,Exact hypergeometric,As published,1.1140090663903952,0.0061508253967434675,1.0933786466951272,50
Bernoulli(0.1),0.1,0.09000000000000004,5000,2500,0.5,Exact hypergeometric,As published,1.0981999999999998,0.0025981154865849644,1.0929411202083428,50
Bernoulli(0.1),0.1,0.09000000000000002,10000,5000,0.5,Exact hypergeometric,As published,1.0996924661013185,0.0014602208387635017,1.0928864663205622,50
Bernoulli(0.1),0.1,0.09000000000000004,50000,25000,0.5,Exact hypergeometric,As published,1.096783301801733,0.0015616329011671301,1.0928427491132036,30
Bernoulli(0.1),0.1,0.09000000000000002,100000,50000,0.5,Exact hypergeometric,As published,1.0934372409973971,0.0009033780792243012,1.0928372848311545,30
Bernoulli(0.1),0.1,0.09000000000000004,500000,250000,0.5,Exact hypergeometric,As published,1.0942499999999997,0.0004095890109545749,1.0928329134645296,20
Bernoulli(0.1),0.1,0.09000000000000002,1000000,500000,0.5,Exact hypergeometric,As published,1.0929395963409871,0.00037089862425423385,1.0928323670473898,20
Bernoulli(0.1),0.1,0.09,50,25,0.5,Bardenet--Maillard EBS,As published,2.5,2.837181889425455e-17,1.1039268443781,50
Bernoulli(0.1),0.1,0.09,100,50,0.5,Bardenet--Maillard EBS,As published,3.5355339059327378,2.197671641581216e-17,1.0983373054527974,50
Bernoulli(0.1),0.1,0.09,500,250,0.5,Bardenet--Maillard EBS,As published,3.5205645129130065,0.023693020973596296,1.0939262944363009,50
Bernoulli(0.1),0.1,0.09000000000000004,1000,500,0.5,Bardenet--Maillard EBS,As published,3.2889709869229544,0.018326185267378014,1.0933786466951272,50
Bernoulli(0.1),0.1,0.09000000000000004,5000,2500,0.5,Bardenet--Maillard EBS,As published,2.8020678289849736,0.003714617397007133,1.0929411202083428,50
Bernoulli(0.1),0.1,0.09000000000000002,10000,5000,0.5,Bardenet--Maillard EBS,As published,2.4476486955982883,0.0020260242557526556,1.0928864663205622,50
Bernoulli(0.1),0.1,0.09000000000000004,50000,25000,0.5,Bardenet--Maillard EBS,As published,1.967460826314724,0.0021874907706035595,1.0928427491132036,30
Bernoulli(0.1),0.1,0.09000000000000002,100000,50000,0.5,Bardenet--Maillard EBS,As published,1.8499801721905071,0.0012856826236356522,1.0928372848311545,30
Bernoulli(0.1),0.1,0.09000000000000004,500000,250000,0.5,Bardenet--Maillard EBS,As published,1.7004915581135485,0.0005842560748539275,1.0928329134645296,20
Bernoulli(0.1),0.1,0.09000000000000002,1000000,500000,0.5,Bardenet--Maillard EBS,As published,1.663185325397293,0.0005208379572215771,1.0928323670473898,20
Bernoulli(0.1),0.1,0.09,50,25,0.5,Shekhar--Ramdas AS-CI,As published,0.7619999999999999,0.05435259038567208,1.1039268443781,50
Bernoulli(0.1),0.1,0.09,100,50,0.5,Shekhar--Ramdas AS-CI,As published,1.0190491680249583,0.03710537682571609,1.0983373054527974,50
Bernoulli(0.1),0.1,0.09,500,250,0.5,Shekhar--Ramdas AS-CI,As published,1.674424507845702,0.02623952365473326,1.0939262944363009,50
Bernoulli(0.1),0.1,0.09000000000000004,1000,500,0.5,Shekhar--Ramdas AS-CI,As published,1.8427982351620358,0.011936247321281237,1.0933786466951272,50
Bernoulli(0.1),0.1,0.09000000000000004,5000,2500,0.5,Shekhar--Ramdas AS-CI,As published,1.9303658948216045,0.00515585288493698,1.0929411202083428,50
Bernoulli(0.1),0.1,0.09000000000000002,10000,5000,0.5,Shekhar--Ramdas AS-CI,As published,1.9743334712449636,0.002863906853224854,1.0928864663205622,50
Bernoulli(0.1),0.1,0.09000000000000004,50000,25000,0.5,Shekhar--Ramdas AS-CI,As published,2.0524142711115863,0.0032044122640910427,1.0928427491132036,30
Bernoulli(0.1),0.1,0.09000000000000002,100000,50000,0.5,Shekhar--Ramdas AS-CI,As published,2.0789627404210234,0.001908826849077702,1.0928372848311545,30
Bernoulli(0.1),0.1,0.09000000000000004,500000,250000,0.5,Shekhar--Ramdas AS-CI,As published,2.154768920418314,0.0008981324705410043,1.0928329134645296,20
Bernoulli(0.1),0.1,0.09000000000000002,1000000,500000,0.5,Shekhar--Ramdas AS-CI,As published,2.18315512447161,0.000811307038885246,1.0928323670473898,20
Bernoulli(0.1),0.1,0.09,50,25,0.5,Shekhar--Ramdas rate CI,As published,2.490208853664979,0.0033409981402961995,1.1039268443781,50
Bernoulli(0.1),0.1,0.09,100,50,0.5,Shekhar--Ramdas rate CI,As published,3.030552690394131,0.015179096457924016,1.0983373054527974,50
Bernoulli(0.1),0.1,0.09,500,250,0.5,Shekhar--Ramdas rate CI,As published,3.6227065156066516,0.026174524078085248,1.0939262944363009,50
Bernoulli(0.1),0.1,0.09000000000000004,1000,500,0.5,Shekhar--Ramdas rate CI,As published,3.913288039112694,0.0217539796879353,1.0933786466951272,50
Bernoulli(0.1),0.1,0.09000000000000004,5000,2500,0.5,Shekhar--Ramdas rate CI,As published,4.458392334849733,0.01033964592878871,1.0929411202083428,50
Bernoulli(0.1),0.1,0.09000000000000002,10000,5000,0.5,Shekhar--Ramdas rate CI,As published,4.653098492039023,0.005912991196181057,1.0928864663205622,50
Bernoulli(0.1),0.1,0.09000000000000004,50000,25000,0.5,Shekhar--Ramdas rate CI,As published,5.027597106450136,0.006950560114696145,1.0928427491132036,30
Bernoulli(0.1),0.1,0.09000000000000002,100000,50000,0.5,Shekhar--Ramdas rate CI,As published,5.164993991543122,0.004211088349888868,1.0928372848311545,30
Bernoulli(0.1),0.1,0.09000000000000004,500000,250000,0.5,Shekhar--Ramdas rate CI,As published,5.501176115614456,0.002036951432450165,1.0928329134645296,20
Bernoulli(0.1),0.1,0.09000000000000002,1000000,500000,0.5,Shekhar--Ramdas rate CI,As published,5.631443719136699,0.0018606035405626833,1.0928323670473898,20
"Beta(2,2)",0.5,0.04980868553300359,50,25,0.5,Bridge-efficient betting,Deterministic Markov,1.1596014499664307,0.011166061642935115,0.8212428092366957,50
"Beta(2,2)",0.5,0.04993156852707626,100,50,0.5,Bridge-efficient betting,Deterministic Markov,1.0263105197462368,0.010214396148825057,0.8180918847703992,50
"Beta(2,2)",0.5,0.04999378598138215,500,250,0.5,Bridge-efficient betting,Deterministic Markov,0.889595787681578,0.004159839137802514,0.8153138504340078,50
"Beta(2,2)",0.5000000000000001,0.049997795264082226,1000,500,0.5,Bridge-efficient betting,Deterministic Markov,0.8719210973728121,0.0032722526468660093,0.8149383585527608,50
"Beta(2,2)",0.5,0.04999980188123982,5000,2500,0.5,Bridge-efficient betting,Deterministic Markov,0.8358893096446988,0.0013836182595855003,0.8146285994599969,50
"Beta(2,2)",0.5,0.049999929877487796,10000,5000,0.5,Bridge-efficient betting,Deterministic Markov,0.8283322442718855,0.0011470336119750915,0.8145889055832982,50
"Beta(2,2)",0.5,0.04999999371887814,50000,25000,0.5,Bridge-efficient betting,Deterministic Markov,0.8198237979954708,0.00048003381556402727,0.8145568407483109,30
"Beta(2,2)",0.49999999999999994,0.049999997778520225,100000,50000,0.5,Bridge-efficient betting,Deterministic Markov,0.8201980203267872,0.0005881580659271743,0.8145528009811274,30
"Beta(2,2)",0.5,0.04999999980121319,500000,250000,0.5,Bridge-efficient betting,Deterministic Markov,0.8165761828422505,0.000315732363530087,0.8145495592327273,20
"Beta(2,2)",0.5,0.049999999929710576,1000000,500000,0.5,Bridge-efficient betting,Deterministic Markov,0.8159387527330244,0.00019065197594260086,0.8145491530041129,20
"Beta(2,2)",0.5,0.04980868553300359,50,25,0.5,Bridge-efficient betting,Uniformly randomized Markov,0.961092159152031,0.016689306136284512,0.8212428092366957,50
"Beta(2,2)",0.5,0.04993156852707626,100,50,0.5,Bridge-efficient betting,Uniformly randomized Markov,0.8702736479697133,0.01359952441441421,0.8180918847703992,50
"Beta(2,2)",0.5,0.04999378598138215,500,250,0.5,Bridge-efficient betting,Uniformly randomized Markov,0.8398921499541194,0.004940418848945592,0.8153138504340078,50
"Beta(2,2)",0.5000000000000001,0.049997795264082226,1000,500,0.5,Bridge-efficient betting,Uniformly randomized Markov,0.8244886912457821,0.003780124803849147,0.8149383585527608,50
"Beta(2,2)",0.5,0.04999980188123982,5000,2500,0.5,Bridge-efficient betting,Uniformly randomized Markov,0.8143677711486813,0.002204788950265839,0.8146285994599969,50
"Beta(2,2)",0.5,0.049999929877487796,10000,5000,0.5,Bridge-efficient betting,Uniformly randomized Markov,0.8155928535472856,0.0011081244444364105,0.8145889055832982,50
"Beta(2,2)",0.5,0.04999999371887814,50000,25000,0.5,Bridge-efficient betting,Uniformly randomized Markov,0.8143630317826589,0.0005606428956324856,0.8145568407483109,30
"Beta(2,2)",0.49999999999999994,0.049999997778520225,100000,50000,0.5,Bridge-efficient betting,Uniformly randomized Markov,0.8160532332941662,0.000514621708673858,0.8145528009811274,30
"Beta(2,2)",0.5,0.04999999980121319,500000,250000,0.5,Bridge-efficient betting,Uniformly randomized Markov,0.8151099085807759,0.00028416425770071634,0.8145495592327273,20
"Beta(2,2)",0.5,0.049999999929710576,1000000,500000,0.5,Bridge-efficient betting,Uniformly randomized Markov,0.8144119831457173,0.0002493366192140071,0.8145491530041129,20
"Beta(2,2)",0.5,0.04980868553300359,50,25,0.5,WSR running intersection,Deterministic Markov,1.072212666273117,0.011510972913913781,0.8212428092366957,50
"Beta(2,2)",0.5,0.04993156852707626,100,50,0.5,WSR running intersection,Deterministic Markov,1.0248393755695941,0.0077294421456356914,0.8180918847703992,50
"Beta(2,2)",0.5,0.04999378598138215,500,250,0.5,WSR running intersection,Deterministic Markov,1.0045743706084276,0.005804049111976336,0.8153138504340078,50
"Beta(2,2)",0.5000000000000001,0.049997795264082226,1000,500,0.5,WSR running intersection,Deterministic Markov,1.0015975891796136,0.006061770737865758,0.8149383585527608,50
"Beta(2,2)",0.5,0.04999980188123982,5000,2500,0.5,WSR running intersection,Deterministic Markov,0.9811216890811917,0.008274140864452615,0.8146285994599969,50
"Beta(2,2)",0.5,0.049999929877487796,10000,5000,0.5,WSR running intersection,Deterministic Markov,0.9871940844341788,0.005977432493526361,0.8145889055832982,50
"Beta(2,2)",0.5,0.04999999371887814,50000,25000,0.5,WSR running intersection,Deterministic Markov,0.9970326198921641,0.00439223508228022,0.8145568407483109,30
"Beta(2,2)",0.49999999999999994,0.049999997778520225,100000,50000,0.5,WSR running intersection,Deterministic Markov,0.9933034658224227,0.0042307175665279965,0.8145528009811274,30
"Beta(2,2)",0.5,0.04999999980121319,500000,250000,0.5,WSR running intersection,Deterministic Markov,0.991912931203838,0.009610946277451517,0.8145495592327273,20
"Beta(2,2)",0.5,0.049999999929710576,1000000,500000,0.5,WSR running intersection,Deterministic Markov,0.9874174205844481,0.00906600585343974,0.8145491530041129,20
"Beta(2,2)",0.5,0.04980868553300359,50,25,0.5,WSR running intersection,Uniformly randomized Markov,0.9654322147369385,0.01753661585917528,0.8212428092366957,50
"Beta(2,2)",0.5,0.04993156852707626,100,50,0.5,WSR running intersection,Uniformly randomized Markov,0.9181055500063264,0.013948455758655,0.8180918847703992,50
"Beta(2,2)",0.5,0.04999378598138215,500,250,0.5,WSR running intersection,Uniformly randomized Markov,0.9472635428153514,0.008972043995127106,0.8153138504340078,50
"Beta(2,2)",0.5000000000000001,0.049997795264082226,1000,500,0.5,WSR running intersection,Uniformly randomized Markov,0.924098606034669,0.009760467430162748,0.8149383585527608,50
"Beta(2,2)",0.5,0.04999980188123982,5000,2500,0.5,WSR running intersection,Uniformly randomized Markov,0.9038748145103451,0.0119494564409246,0.8146285994599969,50
"Beta(2,2)",0.5,0.049999929877487796,10000,5000,0.5,WSR running intersection,Uniformly randomized Markov,0.9228564987138139,0.008120894484243888,0.8145889055832982,50
"Beta(2,2)",0.5,0.04999999371887814,50000,25000,0.5,WSR running intersection,Uniformly randomized Markov,0.928979749024172,0.010297115190875299,0.8145568407483109,30
"Beta(2,2)",0.49999999999999994,0.049999997778520225,100000,50000,0.5,WSR running intersection,Uniformly randomized Markov,0.9464910739871398,0.007680768180183217,0.8145528009811274,30
"Beta(2,2)",0.5,0.04999999980121319,500000,250000,0.5,WSR running intersection,Uniformly randomized Markov,0.938323140144344,0.014967421902463529,0.8145495592327273,20
"Beta(2,2)",0.5,0.049999999929710576,1000000,500000,0.5,WSR running intersection,Uniformly randomized Markov,0.9109335345917285,0.01639012220260627,0.8145491530041129,20
"Beta(2,2)",0.5,0.04980868553300359,50,25,0.5,Bardenet--Maillard EBS,As published,2.5,3.699232599507964e-17,0.8212428092366957,50
"Beta(2,2)",0.5,0.04993156852707626,100,50,0.5,Bardenet--Maillard EBS,As published,3.5355339059327378,5.3078812870950004e-17,0.8180918847703992,50
"Beta(2,2)",0.5,0.04999378598138215,500,250,0.5,Bardenet--Maillard EBS,As published,5.068900714948972,0.0036962101021007806,0.8153138504340078,50
"Beta(2,2)",0.5000000000000001,0.049997795264082226,1000,500,0.5,Bardenet--Maillard EBS,As published,3.928940069886709,0.002619220506753797,0.8149383585527608,50
"Beta(2,2)",0.5,0.04999980188123982,5000,2500,0.5,Bardenet--Maillard EBS,As published,2.404646074778652,0.0010429156600713688,0.8146285994599969,50
"Beta(2,2)",0.5,0.049999929877487796,10000,5000,0.5,Bardenet--Maillard EBS,As published,2.0448795309460013,0.0009579564547522503,0.8145889055832982,50
"Beta(2,2)",0.5,0.04999999371887814,50000,25000,0.5,Bardenet--Maillard EBS,As published,1.5642080726481085,0.0004054869705959038,0.8145568407483109,30
"Beta(2,2)",0.49999999999999994,0.049999997778520225,100000,50000,0.5,Bardenet--Maillard EBS,As published,1.4514098281125036,0.0003400895964522902,0.8145528009811274,30
"Beta(2,2)",0.5,0.04999999980121319,500000,250000,0.5,Bardenet--Maillard EBS,As published,1.298611482714,0.00021318383672447848,0.8145495592327273,20
"Beta(2,2)",0.5,0.049999999929710576,1000000,500000,0.5,Bardenet--Maillard EBS,As published,1.262320669437041,0.0001240321794719029,0.8145491530041129,20
"Beta(2,2)",0.5,0.04980868553300359,50,25,0.5,Shekhar--Ramdas AS-CI,As published,2.5,3.699232599507964e-17,0.8212428092366957,50
"Beta(2,2)",0.5,0.04993156852707626,100,50,0.5,Shekhar--Ramdas AS-CI,As published,3.5244816714314133,0.0042208711616119245,0.8180918847703992,50
"Beta(2,2)",0.5,0.04999378598138215,500,250,0.5,Shekhar--Ramdas AS-CI,As published,4.077233020307083,0.0056720132348565344,0.8153138504340078,50
"Beta(2,2)",0.5000000000000001,0.049997795264082226,1000,500,0.5,Shekhar--Ramdas AS-CI,As published,4.172395905738478,0.004774072488866606,0.8149383585527608,50
"Beta(2,2)",0.5,0.04999980188123982,5000,2500,0.5,Shekhar--Ramdas AS-CI,As published,4.345543548993411,0.002121454274273483,0.8146285994599969,50
"Beta(2,2)",0.5,0.049999929877487796,10000,5000,0.5,Shekhar--Ramdas AS-CI,As published,4.422178935339928,0.0012759118415767597,0.8145889055832982,50
"Beta(2,2)",0.5,0.04999999371887814,50000,25000,0.5,Shekhar--Ramdas AS-CI,As published,4.585704555199655,0.0007386765785702314,0.8145568407483109,30
"Beta(2,2)",0.49999999999999994,0.049999997778520225,100000,50000,0.5,Shekhar--Ramdas AS-CI,As published,4.656690274292673,0.0004713080951504281,0.8145528009811274,30
"Beta(2,2)",0.5,0.04999999980121319,500000,250000,0.5,Shekhar--Ramdas AS-CI,As published,4.816390369236736,0.0003415906176785891,0.8145495592327273,20
"Beta(2,2)",0.5,0.049999999929710576,1000000,500000,0.5,Shekhar--Ramdas AS-CI,As published,4.884527565905812,0.00027152479786631353,0.8145491530041129,20
"Beta(1,5)",0.16625600988402053,0.019400328854145422,50,25,0.5,Bridge-efficient betting,Deterministic Markov,1.02505521774292,0.008099903869501943,0.5125350679352529,50
"Beta(1,5)",0.16648730035654033,0.01963548153882836,100,50,0.5,Bridge-efficient betting,Deterministic Markov,0.8596310292410516,0.011887819946328898,0.5130211363149013,50
"Beta(1,5)",0.16664057899310544,0.019807688544980676,500,250,0.5,Bridge-efficient betting,Deterministic Markov,0.6173747322400704,0.007465260219876436,0.5131965239035154,50
"Beta(1,5)",0.16665530517136914,0.01982609344098912,1000,500,0.5,Bridge-efficient betting,Deterministic Markov,0.5756501298059515,0.00538598235180069,0.5131778555995701,50
"Beta(1,5)",0.16666501887588583,0.019838919587894282,5000,2500,0.5,Bridge-efficient betting,Deterministic Markov,0.5342744588851929,0.001915517517578575,0.5131384048069326,50
"Beta(1,5)",0.166665949362312,0.019840224500895263,10000,5000,0.5,Bridge-efficient betting,Deterministic Markov,0.5283420190456518,0.0012096483075721765,0.5131296195013659,50
"Beta(1,5)",0.16666656268039856,0.019841112318409508,50000,25000,0.5,Bridge-efficient betting,Deterministic Markov,0.5177507225145699,0.0007772462531728024,0.5131205737624005,30
"Beta(1,5)",0.16666662140339694,0.01984120038572515,100000,50000,0.5,Bridge-efficient betting,Deterministic Markov,0.5171896313553175,0.0006695920100594843,0.5131191468961632,30
"Beta(1,5)",0.1666666601053997,0.0198412595345392,500000,250000,0.5,Bridge-efficient betting,Deterministic Markov,0.5148604512214661,0.00029013311874493216,0.5131178592402166,20
"Beta(1,5)",0.16666666381070316,0.019841265319577448,1000000,500000,0.5,Bridge-efficient betting,Deterministic Markov,0.5144191448148661,0.00023070397814449044,0.5131176774848046,20
"Beta(1,5)",0.16625600988402053,0.019400328854145422,50,25,0.5,Bridge-efficient betting,Uniformly randomized Markov,0.8273079454898834,0.02047487894634289,0.5125350679352529,50
"Beta(1,5)",0.16648730035654033,0.01963548153882836,100,50,0.5,Bridge-efficient betting,Uniformly randomized Markov,0.6800961345960558,0.016303354163862634,0.5130211363149013,50
"Beta(1,5)",0.16664057899310544,0.019807688544980676,500,250,0.5,Bridge-efficient betting,Uniformly randomized Markov,0.5525510706915466,0.008579027644227286,0.5131965239035154,50
"Beta(1,5)",0.16665530517136914,0.01982609344098912,1000,500,0.5,Bridge-efficient betting,Uniformly randomized Markov,0.5355051829129291,0.00675455424349597,0.5131778555995701,50
"Beta(1,5)",0.16666501887588583,0.019838919587894282,5000,2500,0.5,Bridge-efficient betting,Uniformly randomized Markov,0.5174596309661865,0.002334186666610701,0.5131384048069326,50
"Beta(1,5)",0.166665949362312,0.019840224500895263,10000,5000,0.5,Bridge-efficient betting,Uniformly randomized Markov,0.514262400685254,0.001893322547550573,0.5131296195013659,50
"Beta(1,5)",0.16666656268039856,0.019841112318409508,50000,25000,0.5,Bridge-efficient betting,Uniformly randomized Markov,0.5125533660969283,0.0007226534223468867,0.5131205737624005,30
"Beta(1,5)",0.16666662140339694,0.01984120038572515,100000,50000,0.5,Bridge-efficient betting,Uniformly randomized Markov,0.5141230798260109,0.0008070397095920685,0.5131191468961632,30
"Beta(1,5)",0.1666666601053997,0.0198412595345392,500000,250000,0.5,Bridge-efficient betting,Uniformly randomized Markov,0.5134835839271545,0.0003853979714256575,0.5131178592402166,20
"Beta(1,5)",0.16666666381070316,0.019841265319577448,1000000,500000,0.5,Bridge-efficient betting,Uniformly randomized Markov,0.5134497672991155,0.00023633408792709368,0.5131176774848046,20
"Beta(1,5)",0.16625600988402053,0.019400328854145422,50,25,0.5,WSR running intersection,Deterministic Markov,0.9893907397985459,0.004680625107271252,0.5125350679352529,50
"Beta(1,5)",0.16648730035654033,0.01963548153882836,100,50,0.5,WSR running intersection,Deterministic Markov,0.8254361825820474,0.005065683357275797,0.5130211363149013,50
"Beta(1,5)",0.16664057899310544,0.019807688544980676,500,250,0.5,WSR running intersection,Deterministic Markov,0.6437484235781598,0.00598747097019203,0.5131965239035154,50
"Beta(1,5)",0.16665530517136914,0.01982609344098912,1000,500,0.5,WSR running intersection,Deterministic Markov,0.6333122852746735,0.003846242179867094,0.5131778555995701,50
"Beta(1,5)",0.16666501887588583,0.019838919587894282,5000,2500,0.5,WSR running intersection,Deterministic Markov,0.624445378780365,0.004754553015491697,0.5131384048069326,50
"Beta(1,5)",0.166665949362312,0.019840224500895263,10000,5000,0.5,WSR running intersection,Deterministic Markov,0.6239523556268575,0.00350130801909023,0.5131296195013659,50
"Beta(1,5)",0.16666656268039856,0.019841112318409508,50000,25000,0.5,WSR running intersection,Deterministic Markov,0.6183831598074884,0.004016334527293497,0.5131205737624005,30
"Beta(1,5)",0.16666662140339694,0.01984120038572515,100000,50000,0.5,WSR running intersection,Deterministic Markov,0.62011203044136,0.0061630673208810565,0.5131191468961632,30
"Beta(1,5)",0.1666666601053997,0.0198412595345392,500000,250000,0.5,WSR running intersection,Deterministic Markov,0.6118059158325195,0.007582314779188316,0.5131178592402166,20
"Beta(1,5)",0.16666666381070316,0.019841265319577448,1000000,500000,0.5,WSR running intersection,Deterministic Markov,0.6290648947917745,0.003521196281755653,0.5131176774848046,20
"Beta(1,5)",0.16625600988402053,0.019400328854145422,50,25,0.5,WSR running intersection,Uniformly randomized Markov,0.8296071499586105,0.017722273112283922,0.5125350679352529,50
"Beta(1,5)",0.16648730035654033,0.01963548153882836,100,50,0.5,WSR running intersection,Uniformly randomized Markov,0.6948472281175594,0.015224788165477253,0.5130211363149013,50
"Beta(1,5)",0.16664057899310544,0.019807688544980676,500,250,0.5,WSR running intersection,Uniformly randomized Markov,0.5905124180880211,0.00961889076704894,0.5131965239035154,50
"Beta(1,5)",0.16665530517136914,0.01982609344098912,1000,500,0.5,WSR running intersection,Uniformly randomized Markov,0.5877212894736437,0.007441910595629585,0.5131778555995701,50
"Beta(1,5)",0.16666501887588583,0.019838919587894282,5000,2500,0.5,WSR running intersection,Uniformly randomized Markov,0.5813553333282471,0.007052123997040685,0.5131384048069326,50
"Beta(1,5)",0.166665949362312,0.019840224500895263,10000,5000,0.5,WSR running intersection,Uniformly randomized Markov,0.5736594485294748,0.007021139526935695,0.5131296195013659,50
"Beta(1,5)",0.16666656268039856,0.019841112318409508,50000,25000,0.5,WSR running intersection,Uniformly randomized Markov,0.5784237211009435,0.004290125456724199,0.5131205737624005,30
"Beta(1,5)",0.16666662140339694,0.01984120038572515,100000,50000,0.5,WSR running intersection,Uniformly randomized Markov,0.5894713940886256,0.009423116209214839,0.5131191468961632,30
"Beta(1,5)",0.1666666601053997,0.0198412595345392,500000,250000,0.5,WSR running intersection,Uniformly randomized Markov,0.5806326866149902,0.010896331453000688,0.5131178592402166,20
"Beta(1,5)",0.16666666381070316,0.019841265319577448,1000000,500000,0.5,WSR running intersection,Uniformly randomized Markov,0.6011173195442006,0.00616256611598915,0.5131176774848046,20
"Beta(1,5)",0.16625600988402053,0.019400328854145422,50,25,0.5,Bardenet--Maillard EBS,As published,2.5,4.208220807194454e-17,0.5125350679352529,50
"Beta(1,5)",0.16648730035654033,0.01963548153882836,100,50,0.5,Bardenet--Maillard EBS,As published,3.5355339059327378,7.064525932915777e-17,0.5130211363149013,50
"Beta(1,5)",0.16664057899310544,0.019807688544980676,500,250,0.5,Bardenet--Maillard EBS,As published,3.6269963839413104,0.008998058406505199,0.5131965239035154,50
"Beta(1,5)",0.16665530517136914,0.01982609344098912,1000,500,0.5,Bardenet--Maillard EBS,As published,3.491375976249216,0.0029490495766090826,0.5131778555995701,50
"Beta(1,5)",0.16666501887588583,0.019838919587894282,5000,2500,0.5,Bardenet--Maillard EBS,As published,1.971908998809362,0.0012294479842608489,0.5131384048069326,50
"Beta(1,5)",0.166665949362312,0.019840224500895263,10000,5000,0.5,Bardenet--Maillard EBS,As published,1.6119807243047126,0.0009778973714267716,0.5131296195013659,50
"Beta(1,5)",0.16666656268039856,0.019841112318409508,50000,25000,0.5,Bardenet--Maillard EBS,As published,1.1283028383354974,0.0005708108428113421,0.5131205737624005,30
"Beta(1,5)",0.16666662140339694,0.01984120038572515,100000,50000,0.5,Bardenet--Maillard EBS,As published,1.0158703876429993,0.00036288531005379646,0.5131191468961632,30
"Beta(1,5)",0.1666666601053997,0.0198412595345392,500000,250000,0.5,Bardenet--Maillard EBS,As published,0.8633675581679976,0.00023078887455329748,0.5131178592402166,20
"Beta(1,5)",0.16666666381070316,0.019841265319577448,1000000,500000,0.5,Bardenet--Maillard EBS,As published,0.8275850698268373,0.00017089671143825908,0.5131176774848046,20
"Beta(1,5)",0.16625600988402053,0.019400328854145422,50,25,0.5,Shekhar--Ramdas AS-CI,As published,1.255347117204561,0.02141948028476917,0.5125350679352529,50
"Beta(1,5)",0.16648730035654033,0.01963548153882836,100,50,0.5,Shekhar--Ramdas AS-CI,As published,1.6239831770237267,0.014536495894162449,0.5130211363149013,50
"Beta(1,5)",0.16664057899310544,0.019807688544980676,500,250,0.5,Shekhar--Ramdas AS-CI,As published,2.32091781147484,0.0067415230384645685,0.5131965239035154,50
"Beta(1,5)",0.16665530517136914,0.01982609344098912,1000,500,0.5,Shekhar--Ramdas AS-CI,As published,2.3936462847945466,0.00441048997506854,0.5131778555995701,50
"Beta(1,5)",0.16666501887588583,0.019838919587894282,5000,2500,0.5,Shekhar--Ramdas AS-CI,As published,2.5078320403554137,0.0020192708660858555,0.5131384048069326,50
"Beta(1,5)",0.166665949362312,0.019840224500895263,10000,5000,0.5,Shekhar--Ramdas AS-CI,As published,2.5496814685334055,0.0015823370668108748,0.5131296195013659,50
"Beta(1,5)",0.16666656268039856,0.019841112318409508,50000,25000,0.5,Shekhar--Ramdas AS-CI,As published,2.645752464434433,0.0007332919971366375,0.5131205737624005,30
"Beta(1,5)",0.16666662140339694,0.01984120038572515,100000,50000,0.5,Shekhar--Ramdas AS-CI,As published,2.68855175425488,0.0006286510837819431,0.5131191468961632,30
"Beta(1,5)",0.1666666601053997,0.0198412595345392,500000,250000,0.5,Shekhar--Ramdas AS-CI,As published,2.781075774654653,0.0003522835129136036,0.5131178592402166,20
"Beta(1,5)",0.16666666381070316,0.019841265319577448,1000000,500000,0.5,Shekhar--Ramdas AS-CI,As published,2.8202374752367056,0.0003444562690839421,0.5131176774848046,20
Bernoulli(0.5),0.5,0.25,50,25,0.5,Bridge-efficient betting,Deterministic Markov,2.2365710914134977,0.00891637673174451,1.8398780739635003,50
Bernoulli(0.5),0.5,0.25,100,50,0.5,Bridge-efficient betting,Deterministic Markov,2.0906841154784375,0.006171124743090079,1.8305621757546622,50
Bernoulli(0.5),0.5,0.25,500,250,0.5,Bridge-efficient betting,Deterministic Markov,1.9093998812171806,0.0012353279026259497,1.8232104907271682,50
Bernoulli(0.5),0.5,0.25,1000,500,0.5,Bridge-efficient betting,Deterministic Markov,1.881767641304908,0.0006014183784615455,1.8222977444918784,50
Bernoulli(0.5),0.5,0.25,5000,2500,0.5,Bridge-efficient betting,Deterministic Markov,1.8478479385375977,0.00027689534728819255,1.8215685336805711,50
Bernoulli(0.5),0.5,0.25,10000,5000,0.5,Bridge-efficient betting,Deterministic Markov,1.8401552189550423,0.00016713403301040847,1.8214774438676034,50
Bernoulli(0.5),0.5,0.25,50000,25000,0.5,Bridge-efficient betting,Deterministic Markov,1.829925282042397,6.269977230137912e-05,1.821404581855339,30
Bernoulli(0.5),0.5,0.25,100000,50000,0.5,Bridge-efficient betting,Deterministic Markov,1.8272944150959178,8.791681233686333e-05,1.8213954747185908,30
Bernoulli(0.5),0.5,0.25,500000,250000,0.5,Bridge-efficient betting,Deterministic Markov,1.8240980803966522,2.34183893077522e-05,1.8213881891075494,20
Bernoulli(0.5),0.5,0.25,1000000,500000,0.5,Bridge-efficient betting,Deterministic Markov,1.8232705592388503,2.1937467145950724e-05,1.8213872784123162,20
Bernoulli(0.5),0.5,0.25,50,25,0.5,Bridge-efficient betting,Uniformly randomized Markov,1.8826739966869355,0.025700123648082152,1.8398780739635003,50
Bernoulli(0.5),0.5,0.25,100,50,0.5,Bridge-efficient betting,Uniformly randomized Markov,1.8235102062194835,0.0176970098012362,1.8305621757546622,50
Bernoulli(0.5),0.5,0.25,500,250,0.5,Bridge-efficient betting,Uniformly randomized Markov,1.8104793908334662,0.0060409862880939705,1.8232104907271682,50
Bernoulli(0.5),0.5,0.25,1000,500,0.5,Bridge-efficient betting,Uniformly randomized Markov,1.8177286891143536,0.0031135303425938467,1.8222977444918784,50
Bernoulli(0.5),0.5,0.25,5000,2500,0.5,Bridge-efficient betting,Uniformly randomized Markov,1.8232024908065796,0.0014649005324772776,1.8215685336805711,50
Bernoulli(0.5),0.5,0.25,10000,5000,0.5,Bridge-efficient betting,Uniformly randomized Markov,1.8201017484335589,0.0010601142584822536,1.8214774438676034,50
Bernoulli(0.5),0.5,0.25,50000,25000,0.5,Bridge-efficient betting,Uniformly randomized Markov,1.8213229181472965,0.0005654201615976399,1.821404581855339,30
Bernoulli(0.5),0.5,0.25,100000,50000,0.5,Bridge-efficient betting,Uniformly randomized Markov,1.8220411824181508,0.00034714853354147004,1.8213954747185908,30
Bernoulli(0.5),0.5,0.25,500000,250000,0.5,Bridge-efficient betting,Uniformly randomized Markov,1.8217891454696655,0.0002883259682473817,1.8213881891075494,20
Bernoulli(0.5),0.5,0.25,1000000,500000,0.5,Bridge-efficient betting,Uniformly randomized Markov,1.8214561374104563,0.00012337737120997038,1.8213872784123162,20
Bernoulli(0.5),0.5,0.25,50,25,0.5,WSR running intersection,Deterministic Markov,2.2003653049468994,0.011395438170554674,1.8398780739635003,50
Bernoulli(0.5),0.5,0.25,100,50,0.5,WSR running intersection,Deterministic Markov,2.198413411671369,0.010046084553763001,1.8305621757546622,50
Bernoulli(0.5),0.5,0.25,500,250,0.5,WSR running intersection,Deterministic Markov,2.2292236103204126,0.0082450753986071,1.8232104907271682,50
Bernoulli(0.5),0.5,0.25,1000,500,0.5,WSR running intersection,Deterministic Markov,2.2251650706727344,0.009508140441238336,1.8222977444918784,50
Bernoulli(0.5),0.5,0.25,5000,2500,0.5,WSR running intersection,Deterministic Markov,2.181717187166214,0.025201683422475682,1.8215685336805711,50
Bernoulli(0.5),0.5,0.25,10000,5000,0.5,WSR running intersection,Deterministic Markov,2.230202090534201,0.00820235628246153,1.8214774438676034,50
Bernoulli(0.5),0.5,0.25,50000,25000,0.5,WSR running intersection,Deterministic Markov,2.16232613931879,0.02542303879138984,1.821404581855339,30
Bernoulli(0.5),0.5,0.25,100000,50000,0.5,WSR running intersection,Deterministic Markov,2.2201417682729816,0.009997923997868566,1.8213954747185908,30
Bernoulli(0.5),0.5,0.25,500000,250000,0.5,WSR running intersection,Deterministic Markov,2.1733850240707397,0.024517120833379202,1.8213881891075494,20
Bernoulli(0.5),0.5,0.25,1000000,500000,0.5,WSR running intersection,Deterministic Markov,2.183163552344587,0.021549190413241152,1.8213872784123162,20
Bernoulli(0.5),0.5,0.25,50,25,0.5,WSR running intersection,Uniformly randomized Markov,1.9970411002635955,0.023060005199086506,1.8398780739635003,50
Bernoulli(0.5),0.5,0.25,100,50,0.5,WSR running intersection,Uniformly randomized Markov,2.002801138046559,0.020994574786328154,1.8305621757546622,50
Bernoulli(0.5),0.5,0.25,500,250,0.5,WSR running intersection,Uniformly randomized Markov,2.0154055296316624,0.03008211715330134,1.8232104907271682,50
Bernoulli(0.5),0.5,0.25,1000,500,0.5,WSR running intersection,Uniformly randomized Markov,2.054798889803671,0.022127284849020618,1.8222977444918784,50
Bernoulli(0.5),0.5,0.25,5000,2500,0.5,WSR running intersection,Uniformly randomized Markov,2.0558473765850067,0.03419220636833295,1.8215685336805711,50
Bernoulli(0.5),0.5,0.25,10000,5000,0.5,WSR running intersection,Uniformly randomized Markov,2.069391042921976,0.02041050835276009,1.8214774438676034,50
Bernoulli(0.5),0.5,0.25,50000,25000,0.5,WSR running intersection,Uniformly randomized Markov,2.0221440642469344,0.034016785139312805,1.821404581855339,30
Bernoulli(0.5),0.5,0.25,100000,50000,0.5,WSR running intersection,Uniformly randomized Markov,2.1065278667126868,0.020917217391520367,1.8213954747185908,30
Bernoulli(0.5),0.5,0.25,500000,250000,0.5,WSR running intersection,Uniformly randomized Markov,2.0606793463230133,0.03770238566471455,1.8213881891075494,20
Bernoulli(0.5),0.5,0.25,1000000,500000,0.5,WSR running intersection,Uniformly randomized Markov,2.046793209302738,0.03681859835527381,1.8213872784123162,20
Bernoulli(0.5),0.5,0.25,50,25,0.5,Exact hypergeometric,As published,1.744,0.007091242083423321,1.8398780739635003,50
Bernoulli(0.5),0.5,0.25,100,50,0.5,Exact hypergeometric,As published,1.815850214087054,0.004712120714991617,1.8305621757546622,50
Bernoulli(0.5),0.5,0.25,500,250,0.5,Exact hypergeometric,As published,1.8334885873656264,0.0006324555320336733,1.8232104907271682,50
Bernoulli(0.5),0.5,0.25,1000,500,0.5,Exact hypergeometric,As published,1.8335757415498275,3.172065784643304e-17,1.8222977444918784,50
Bernoulli(0.5),0.5,0.25,5000,2500,0.5,Exact hypergeometric,As published,1.83,0.0,1.8215685336805711,50
Bernoulli(0.5),0.5,0.25,10000,5000,0.5,Exact hypergeometric,As published,1.824335495461293,3.172065784643304e-17,1.8214774438676034,50
Bernoulli(0.5),0.5,0.25,50000,25000,0.5,Exact hypergeometric,As published,1.8214719322569861,1.236979440058307e-16,1.821404581855339,30
Bernoulli(0.5),0.5,0.25,100000,50000,0.5,Exact hypergeometric,As published,1.824631469639828,8.246529600388713e-17,1.8213954747185908,30
Bernoulli(0.5),0.5,0.25,500000,250000,0.5,Exact hypergeometric,As published,1.8220000000000003,5.0940525990875e-17,1.8213881891075494,20
Bernoulli(0.5),0.5,0.25,1000000,500000,0.5,Exact hypergeometric,As published,1.8215070683365464,5.0940525990875e-17,1.8213872784123162,20
Bernoulli(0.5),0.5,0.25,50,25,0.5,Bardenet--Maillard EBS,As published,2.5,2.197671641581216e-17,1.8398780739635003,50
Bernoulli(0.5),0.5,0.25,100,50,0.5,Bardenet--Maillard EBS,As published,3.5355339059327378,0.0,1.8305621757546622,50
Bernoulli(0.5),0.5,0.25,500,250,0.5,Bardenet--Maillard EBS,As published,6.522294915341366,0.0007031828546576814,1.8232104907271682,50
Bernoulli(0.5),0.5,0.25,1000,500,0.5,Bardenet--Maillard EBS,As published,5.382306066385691,0.00022194476541301863,1.8222977444918784,50
Bernoulli(0.5),0.5,0.25,5000,2500,0.5,Bardenet--Maillard EBS,As published,3.8594567618367477,3.4571685859245575e-05,1.8215685336805711,50
Bernoulli(0.5),0.5,0.25,10000,5000,0.5,Bardenet--Maillard EBS,As published,3.498727065944271,2.429774077734957e-05,1.8214774438676034,50
Bernoulli(0.5),0.5,0.25,50000,25000,0.5,Bardenet--Maillard EBS,As published,3.017525924827541,5.173873416375234e-06,1.821404581855339,30
Bernoulli(0.5),0.5,0.25,100000,50000,0.5,Bardenet--Maillard EBS,As published,2.903502461225095,2.8457458355441404e-06,1.8213954747185908,30
Bernoulli(0.5),0.5,0.25,500000,250000,0.5,Bardenet--Maillard EBS,As published,2.751351437377669,5.780272139121314e-07,1.8213881891075494,20
Bernoulli(0.5),0.5,0.25,1000000,500000,0.5,Bardenet--Maillard EBS,As published,2.7152983267885586,1.480478586500859e-07,1.8213872784123162,20
Bernoulli(0.5),0.5,0.25,50,25,0.5,Shekhar--Ramdas AS-CI,As published,2.5,2.197671641581216e-17,1.8398780739635003,50
Bernoulli(0.5),0.5,0.25,100,50,0.5,Shekhar--Ramdas AS-CI,As published,3.4958098097556864,0.011728253300016563,1.8305621757546622,50
Bernoulli(0.5),0.5,0.25,500,250,0.5,Shekhar--Ramdas AS-CI,As published,4.072250356471252,0.015376388174902328,1.8232104907271682,50
Bernoulli(0.5),0.5,0.25,1000,500,0.5,Shekhar--Ramdas AS-CI,As published,4.161763854430183,0.007741785301073291,1.8222977444918784,50
Bernoulli(0.5),0.5,0.25,5000,2500,0.5,Shekhar--Ramdas AS-CI,As published,4.343800643096282,0.003787904145528991,1.8215685336805711,50
Bernoulli(0.5),0.5,0.25,10000,5000,0.5,Shekhar--Ramdas AS-CI,As published,4.424257117055271,0.0033222923279254903,1.8214774438676034,50
Bernoulli(0.5),0.5,0.25,50000,25000,0.5,Shekhar--Ramdas AS-CI,As published,4.586766577222973,0.0017264244626763706,1.821404581855339,30
Bernoulli(0.5),0.5,0.25,100000,50000,0.5,Shekhar--Ramdas AS-CI,As published,4.657684882458002,0.0014389250212844859,1.8213954747185908,30
Bernoulli(0.5),0.5,0.25,500000,250000,0.5,Shekhar--Ramdas AS-CI,As published,4.8168278287312924,0.0005565402620632391,1.8213881891075494,20
Bernoulli(0.5),0.5,0.25,1000000,500000,0.5,Shekhar--Ramdas AS-CI,As published,4.884121355725939,0.0003564570482274029,1.8213872784123162,20
Bernoulli(0.5),0.5,0.25,50,25,0.5,Shekhar--Ramdas rate CI,As published,2.5,2.197671641581216e-17,1.8398780739635003,50
Bernoulli(0.5),0.5,0.25,100,50,0.5,Shekhar--Ramdas rate CI,As published,3.5355339059327378,0.0,1.8305621757546622,50
Bernoulli(0.5),0.5,0.25,500,250,0.5,Shekhar--Ramdas rate CI,As published,5.896041520520611,0.001511942663851313,1.8232104907271682,50
Bernoulli(0.5),0.5,0.25,1000,500,0.5,Shekhar--Ramdas rate CI,As published,6.471149590640894,0.0005310029709178773,1.8222977444918784,50
Bernoulli(0.5),0.5,0.25,5000,2500,0.5,Shekhar--Ramdas rate CI,As published,7.411376696442241,9.675848622676877e-05,1.8215685336805711,50
Bernoulli(0.5),0.5,0.25,10000,5000,0.5,Shekhar--Ramdas rate CI,As published,7.726845838996647,7.114490201877502e-05,1.8214774438676034,50
Bernoulli(0.5),0.5,0.25,50000,25000,0.5,Shekhar--Ramdas rate CI,As published,8.365777410553717,1.6452909953498464e-05,1.821404581855339,30
Bernoulli(0.5),0.5,0.25,100000,50000,0.5,Shekhar--Ramdas rate CI,As published,8.616619325895105,9.324971975575008e-06,1.8213954747185908,30
Bernoulli(0.5),0.5,0.25,500000,250000,0.5,Shekhar--Ramdas rate CI,As published,9.165122864349598,2.0154350103974795e-06,1.8213881891075494,20
Bernoulli(0.5),0.5,0.25,1000000,500000,0.5,Shekhar--Ramdas rate CI,As published,9.39005866778039,5.289030192397652e-07,1.8213872784123162,20
"Beta(50,50)",0.5,0.002417128559584205,50,25,0.5,Bridge-efficient betting,Deterministic Markov,0.746253615617752,0.0003564836128300197,0.18091264136185606,50
"Beta(50,50)",0.5,0.0024462210278909822,100,50,0.5,Bridge-efficient betting,Deterministic Markov,0.5680302353633476,0.0007818664808285612,0.1810765984651749,50
"Beta(50,50)",0.5,0.002469506313961783,500,250,0.5,Bridge-efficient betting,Deterministic Markov,0.306330767324641,0.0010807104126919376,0.18120570939030095,50
"Beta(50,50)",0.49999999999999994,0.0024723974060873156,1000,500,0.5,Bridge-efficient betting,Deterministic Markov,0.25047955857345344,0.0007266059294890764,0.1812209792915273,50
"Beta(50,50)",0.5,0.0024746888157164662,5000,2500,0.5,Bridge-efficient betting,Deterministic Markov,0.2013896703720091,0.0005261518632613095,0.18123238634288494,50
"Beta(50,50)",0.5,0.0024749708681693215,10000,5000,0.5,Bridge-efficient betting,Deterministic Markov,0.19289107920944368,0.000360630423089789,0.18123365075311712,50
"Beta(50,50)",0.5,0.0024751935189103757,50000,25000,0.5,Bridge-efficient betting,Deterministic Markov,0.18586568978638068,0.00021976544246957584,0.1812345525837647,30
"Beta(50,50)",0.5,0.0024752208176289036,100000,50000,0.5,Bridge-efficient betting,Deterministic Markov,0.18413858913266126,0.00014329682112540465,0.1812346458028771,30
"Beta(50,50)",0.5,0.0024752423233157105,500000,250000,0.5,Bridge-efficient betting,Deterministic Markov,0.18245801329612038,6.341844977875165e-05,0.18123470817528692,20
"Beta(50,50)",0.5,0.002475244954491559,1000000,500000,0.5,Bridge-efficient betting,Deterministic Markov,0.18204172175948002,6.445551171525958e-05,0.1812347138837464,20
"Beta(50,50)",0.5,0.002417128559584205,50,25,0.5,Bridge-efficient betting,Uniformly randomized Markov,0.6334094047546387,0.009559655027327772,0.18091264136185606,50
"Beta(50,50)",0.5,0.0024462210278909822,100,50,0.5,Bridge-efficient betting,Uniformly randomized Markov,0.4599066385438576,0.010631584144774628,0.1810765984651749,50
"Beta(50,50)",0.5,0.002469506313961783,500,250,0.5,Bridge-efficient betting,Uniformly randomized Markov,0.2629489081353347,0.004395125103489682,0.18120570939030095,50
"Beta(50,50)",0.49999999999999994,0.0024723974060873156,1000,500,0.5,Bridge-efficient betting,Uniformly randomized Markov,0.21893098750664475,0.0028806171355000836,0.1812209792915273,50
"Beta(50,50)",0.5,0.0024746888157164662,5000,2500,0.5,Bridge-efficient betting,Uniformly randomized Markov,0.1897692978382109,0.0016653857740698017,0.18123238634288494,50
"Beta(50,50)",0.5,0.0024749708681693215,10000,5000,0.5,Bridge-efficient betting,Uniformly randomized Markov,0.18562728060283365,0.0008618118239507218,0.18123365075311712,50
"Beta(50,50)",0.5,0.0024751935189103757,50000,25000,0.5,Bridge-efficient betting,Uniformly randomized Markov,0.18271011269337636,0.0004267547433892965,0.1812345525837647,30
"Beta(50,50)",0.5,0.0024752208176289036,100000,50000,0.5,Bridge-efficient betting,Uniformly randomized Markov,0.1820643074824863,0.0002979606467034673,0.1812346458028771,30
"Beta(50,50)",0.5,0.0024752423233157105,500000,250000,0.5,Bridge-efficient betting,Uniformly randomized Markov,0.18115118145941994,0.00031067792620368475,0.18123470817528692,20
"Beta(50,50)",0.5,0.002475244954491559,1000000,500000,0.5,Bridge-efficient betting,Uniformly randomized Markov,0.1813873919363484,0.00013455761151565882,0.1812347138837464,20
"Beta(50,50)",0.5,0.002417128559584205,50,25,0.5,WSR running intersection,Deterministic Markov,0.7212912201881408,0.00028883795415328667,0.18091264136185606,50
"Beta(50,50)",0.5,0.0024462210278909822,100,50,0.5,WSR running intersection,Deterministic Markov,0.5476836166517316,0.0004923246389657811,0.1810765984651749,50
"Beta(50,50)",0.5,0.002469506313961783,500,250,0.5,WSR running intersection,Deterministic Markov,0.29499142329785316,0.0007157483534010659,0.18120570939030095,50
"Beta(50,50)",0.49999999999999994,0.0024723974060873156,1000,500,0.5,WSR running intersection,Deterministic Markov,0.2445348957171829,0.0007964263350785439,0.1812209792915273,50
"Beta(50,50)",0.5,0.0024746888157164662,5000,2500,0.5,WSR running intersection,Deterministic Markov,0.2159901559352873,0.0020596498139085844,0.18123238634288494,50
"Beta(50,50)",0.5,0.0024749708681693215,10000,5000,0.5,WSR running intersection,Deterministic Markov,0.21870370584569815,0.001236333601833222,0.18123365075311712,50
"Beta(50,50)",0.5,0.0024751935189103757,50000,25000,0.5,WSR running intersection,Deterministic Markov,0.21910810018007149,0.0017841663633102458,0.1812345525837647,30
"Beta(50,50)",0.5,0.0024752208176289036,100000,50000,0.5,WSR running intersection,Deterministic Markov,0.2190868362971533,0.0011585687258107956,0.1812346458028771,30
"Beta(50,50)",0.5,0.0024752423233157105,500000,250000,0.5,WSR running intersection,Deterministic Markov,0.22024884819983742,0.0019639449812570453,0.18123470817528692,20
"Beta(50,50)",0.5,0.002475244954491559,1000000,500000,0.5,WSR running intersection,Deterministic Markov,0.22095063863352463,0.0019320268660245783,0.1812347138837464,20
"Beta(50,50)",0.5,0.002417128559584205,50,25,0.5,WSR running intersection,Uniformly randomized Markov,0.6133563280105591,0.009194690788041318,0.18091264136185606,50
"Beta(50,50)",0.5,0.0024462210278909822,100,50,0.5,WSR running intersection,Uniformly randomized Markov,0.4460083443551235,0.010229810784224988,0.1810765984651749,50
"Beta(50,50)",0.5,0.002469506313961783,500,250,0.5,WSR running intersection,Uniformly randomized Markov,0.2562992668650114,0.0041110866521640275,0.18120570939030095,50
"Beta(50,50)",0.49999999999999994,0.0024723974060873156,1000,500,0.5,WSR running intersection,Uniformly randomized Markov,0.21672790847090495,0.002776818945095878,0.1812209792915273,50
"Beta(50,50)",0.5,0.0024746888157164662,5000,2500,0.5,WSR running intersection,Uniformly randomized Markov,0.2026554644107817,0.002828168033995131,0.18123238634288494,50
"Beta(50,50)",0.5,0.0024749708681693215,10000,5000,0.5,WSR running intersection,Uniformly randomized Markov,0.20724490496625328,0.001694830905552042,0.18123365075311712,50
"Beta(50,50)",0.5,0.0024751935189103757,50000,25000,0.5,WSR running intersection,Uniformly randomized Markov,0.2081479280349418,0.002402252753815585,0.1812345525837647,30
"Beta(50,50)",0.5,0.0024752208176289036,100000,50000,0.5,WSR running intersection,Uniformly randomized Markov,0.20913570443117152,0.0018428422407413617,0.1812346458028771,30
"Beta(50,50)",0.5,0.0024752423233157105,500000,250000,0.5,WSR running intersection,Uniformly randomized Markov,0.20746067166327736,0.004339489996932034,0.18123470817528692,20
"Beta(50,50)",0.5,0.002475244954491559,1000000,500000,0.5,WSR running intersection,Uniformly randomized Markov,0.20953621838556172,0.0026599884321592115,0.1812347138837464,20
"Beta(50,50)",0.5,0.002417128559584205,50,25,0.5,Bardenet--Maillard EBS,As published,2.5,3.699232599507964e-17,0.18091264136185606,50
"Beta(50,50)",0.5,0.0024462210278909822,100,50,0.5,Bardenet--Maillard EBS,As published,3.5355339059327378,6.773678920645532e-17,0.1810765984651749,50
"Beta(50,50)",0.5,0.002469506313961783,500,250,0.5,Bardenet--Maillard EBS,As published,4.153319376877156,0.001182209171798087,0.18120570939030095,50
"Beta(50,50)",0.49999999999999994,0.0024723974060873156,1000,500,0.5,Bardenet--Maillard EBS,As published,3.013410555016528,0.0007091142356330275,0.1812209792915273,50
"Beta(50,50)",0.5,0.0024746888157164662,5000,2500,0.5,Bardenet--Maillard EBS,As published,1.4924389083312843,0.00043431532475157606,0.18123238634288494,50
"Beta(50,50)",0.5,0.0024749708681693215,10000,5000,0.5,Bardenet--Maillard EBS,As published,1.131609513329103,0.0002445995052157056,0.18123365075311712,50
"Beta(50,50)",0.5,0.0024751935189103757,50000,25000,0.5,Bardenet--Maillard EBS,As published,0.6506739847881369,0.00012433508245553122,0.1812345525837647,30
"Beta(50,50)",0.5,0.0024752208176289036,100000,50000,0.5,Bardenet--Maillard EBS,As published,0.5367803970619863,9.466348754524334e-05,0.1812346458028771,30
"Beta(50,50)",0.5,0.0024752423233157105,500000,250000,0.5,Bardenet--Maillard EBS,As published,0.3844934055911186,6.114800442263366e-05,0.18123470817528692,20
"Beta(50,50)",0.5,0.002475244954491559,1000000,500000,0.5,Bardenet--Maillard EBS,As published,0.3485514716107886,4.608502671747365e-05,0.1812347138837464,20
"Beta(50,50)",0.5,0.002417128559584205,50,25,0.5,Shekhar--Ramdas AS-CI,As published,2.5,3.699232599507964e-17,0.18091264136185606,50
"Beta(50,50)",0.5,0.0024462210278909822,100,50,0.5,Shekhar--Ramdas AS-CI,As published,3.5355339059327378,6.773678920645532e-17,0.1810765984651749,50
"Beta(50,50)",0.5,0.002469506313961783,500,250,0.5,Shekhar--Ramdas AS-CI,As published,4.081212174356372,0.0013938390047129857,0.18120570939030095,50
"Beta(50,50)",0.49999999999999994,0.0024723974060873156,1000,500,0.5,Shekhar--Ramdas AS-CI,As published,4.165451474051237,0.0008768001293240397,0.1812209792915273,50
"Beta(50,50)",0.5,0.0024746888157164662,5000,2500,0.5,Shekhar--Ramdas AS-CI,As published,4.346379312902666,0.00041626265569150145,0.18123238634288494,50
"Beta(50,50)",0.5,0.0024749708681693215,10000,5000,0.5,Shekhar--Ramdas AS-CI,As published,4.419938300613115,0.0003625179670784203,0.18123365075311712,50
"Beta(50,50)",0.5,0.0024751935189103757,50000,25000,0.5,Shekhar--Ramdas AS-CI,As published,4.586730279210356,0.0001942929872816914,0.1812345525837647,30
"Beta(50,50)",0.5,0.0024752208176289036,100000,50000,0.5,Shekhar--Ramdas AS-CI,As published,4.656764531921328,0.00014797553049610696,0.1812346458028771,30
"Beta(50,50)",0.5,0.0024752423233157105,500000,250000,0.5,Shekhar--Ramdas AS-CI,As published,4.816757664716315,6.535431085077326e-05,0.18123470817528692,20
"Beta(50,50)",0.5,0.002475244954491559,1000000,500000,0.5,Shekhar--Ramdas AS-CI,As published,4.884503520660003,4.3214079895332764e-05,0.1812347138837464,20
"Beta(20,80)",0.19995182910075268,0.0015451450275072148,50,25,0.5,Bridge-efficient betting,Deterministic Markov,0.8643108308315277,0.0034580736933016187,0.14464507928517015,50
"Beta(20,80)",0.19997583722263076,0.001564489730758118,100,50,0.5,Bridge-efficient betting,Deterministic Markov,0.6375866588152589,0.004343857453558701,0.14481076189805162,50
"Beta(20,80)",0.1999951717518977,0.001580181363257338,500,250,0.5,Bridge-efficient betting,Deterministic Markov,0.3233191535243352,0.0026582190692975155,0.14495068580305479,50
"Beta(20,80)",0.1999975924509567,0.0015821651605206913,1000,500,0.5,Bridge-efficient betting,Deterministic Markov,0.2522121990608558,0.0021529585974364497,0.14496903294185948,50
"Beta(20,80)",0.19999952313683184,0.0015837589255912193,5000,2500,0.5,Bridge-efficient betting,Deterministic Markov,0.17061486840248108,0.0010293563858681323,0.1449839904816514,50
"Beta(20,80)",0.19999976281223059,0.0015839587064457642,10000,5000,0.5,Bridge-efficient betting,Deterministic Markov,0.16108946969348806,0.0007348136946634655,0.14498588402243334,50
"Beta(20,80)",0.19999995321428746,0.00158411856161488,50000,25000,0.5,Bridge-efficient betting,Deterministic Markov,0.15001101445323084,0.0003933873294287011,0.14498739995968374,30
"Beta(20,80)",0.19999997675930012,0.0015841385196998473,100000,50000,0.5,Bridge-efficient betting,Deterministic Markov,0.14824916277007558,0.0002061833681786901,0.14498758834401768,30
"Beta(20,80)",0.19999999542623104,0.0015841544552577416,500000,250000,0.5,Bridge-efficient betting,Deterministic Markov,0.14637485146522522,0.00015556320606394862,0.1449877376340928,20
"Beta(20,80)",0.19999999772972438,0.0015841564403229545,1000000,500000,0.5,Bridge-efficient betting,Deterministic Markov,0.1460124883099285,8.533915207914385e-05,0.1449877559803539,20
"Beta(20,80)",0.19995182910075268,0.0015451450275072148,50,25,0.5,Bridge-efficient betting,Uniformly randomized Markov,0.673134046792984,0.01994494089194787,0.14464507928517015,50
"Beta(20,80)",0.19997583722263076,0.001564489730758118,100,50,0.5,Bridge-efficient betting,Uniformly randomized Markov,0.49819598410073757,0.010408966303287748,0.14481076189805162,50
"Beta(20,80)",0.1999951717518977,0.001580181363257338,500,250,0.5,Bridge-efficient betting,Uniformly randomized Markov,0.27460992311485044,0.005368508470451377,0.14495068580305479,50
"Beta(20,80)",0.1999975924509567,0.0015821651605206913,1000,500,0.5,Bridge-efficient betting,Uniformly randomized Markov,0.20875985472544184,0.004301223141494018,0.14496903294185948,50
"Beta(20,80)",0.19999952313683184,0.0015837589255912193,5000,2500,0.5,Bridge-efficient betting,Uniformly randomized Markov,0.15741115808486938,0.002137656279322882,0.1449839904816514,50
"Beta(20,80)",0.19999976281223059,0.0015839587064457642,10000,5000,0.5,Bridge-efficient betting,Uniformly randomized Markov,0.15247136640367748,0.0012871554693309826,0.14498588402243334,50
"Beta(20,80)",0.19999995321428746,0.00158411856161488,50000,25000,0.5,Bridge-efficient betting,Uniformly randomized Markov,0.1465868441880494,0.000655598788457197,0.14498739995968374,30
"Beta(20,80)",0.19999997675930012,0.0015841385196998473,100000,50000,0.5,Bridge-efficient betting,Uniformly randomized Markov,0.14530100834074144,0.00042918017197524636,0.14498758834401768,30
"Beta(20,80)",0.19999999542623104,0.0015841544552577416,500000,250000,0.5,Bridge-efficient betting,Uniformly randomized Markov,0.14522746205329895,0.0002311550727264764,0.1449877376340928,20
"Beta(20,80)",0.19999999772972438,0.0015841564403229545,1000000,500000,0.5,Bridge-efficient betting,Uniformly randomized Markov,0.14530336758373272,0.00011663155645036009,0.1449877559803539,20
"Beta(20,80)",0.19995182910075268,0.0015451450275072148,50,25,0.5,WSR running intersection,Deterministic Markov,0.8095631301403046,0.001068146033004393,0.14464507928517015,50
"Beta(20,80)",0.19997583722263076,0.001564489730758118,100,50,0.5,WSR running intersection,Deterministic Markov,0.5978215708605639,0.0009867009331571914,0.14481076189805162,50
"Beta(20,80)",0.1999951717518977,0.001580181363257338,500,250,0.5,WSR running intersection,Deterministic Markov,0.3113027473685808,0.0010116659795718344,0.14495068580305479,50
"Beta(20,80)",0.1999975924509567,0.0015821651605206913,1000,500,0.5,WSR running intersection,Deterministic Markov,0.24836375130626354,0.0010784336578393715,0.14496903294185948,50
"Beta(20,80)",0.19999952313683184,0.0015837589255912193,5000,2500,0.5,WSR running intersection,Deterministic Markov,0.18028166890144348,0.0010947689664266653,0.1449839904816514,50
"Beta(20,80)",0.19999976281223059,0.0015839587064457642,10000,5000,0.5,WSR running intersection,Deterministic Markov,0.174871615597096,0.0014296970963300366,0.14498588402243334,50
"Beta(20,80)",0.19999995321428746,0.00158411856161488,50000,25000,0.5,WSR running intersection,Deterministic Markov,0.17761092629480651,0.0007298735880615798,0.14498739995968374,30
"Beta(20,80)",0.19999997675930012,0.0015841385196998473,100000,50000,0.5,WSR running intersection,Deterministic Markov,0.17471169208081588,0.0011564340043624234,0.14498758834401768,30
"Beta(20,80)",0.19999999542623104,0.0015841544552577416,500000,250000,0.5,WSR running intersection,Deterministic Markov,0.17465725541114807,0.001473743705309435,0.1449877376340928,20
"Beta(20,80)",0.19999999772972438,0.0015841564403229545,1000000,500000,0.5,WSR running intersection,Deterministic Markov,0.17431831176984497,0.0013226230057111702,0.1449877559803539,20
"Beta(20,80)",0.19995182910075268,0.0015451450275072148,50,25,0.5,WSR running intersection,Uniformly randomized Markov,0.6632840424776077,0.018740141672094677,0.14464507928517015,50
"Beta(20,80)",0.19997583722263076,0.001564489730758118,100,50,0.5,WSR running intersection,Uniformly randomized Markov,0.49305082327507305,0.010164824369772677,0.14481076189805162,50
"Beta(20,80)",0.1999951717518977,0.001580181363257338,500,250,0.5,WSR running intersection,Uniformly randomized Markov,0.27240619624387313,0.004767429243708903,0.14495068580305479,50
"Beta(20,80)",0.1999975924509567,0.0015821651605206913,1000,500,0.5,WSR running intersection,Uniformly randomized Markov,0.20968789695450585,0.004204670448049775,0.14496903294185948,50
"Beta(20,80)",0.19999952313683184,0.0015837589255912193,5000,2500,0.5,WSR running intersection,Uniformly randomized Markov,0.1651490032672882,0.002228686135488092,0.1449839904816514,50
"Beta(20,80)",0.19999976281223059,0.0015839587064457642,10000,5000,0.5,WSR running intersection,Uniformly randomized Markov,0.16218570922325642,0.002279296816655249,0.14498588402243334,50
"Beta(20,80)",0.19999995321428746,0.00158411856161488,50000,25000,0.5,WSR running intersection,Uniformly randomized Markov,0.1679362316473944,0.0016725400075705966,0.14498739995968374,30
"Beta(20,80)",0.19999997675930012,0.0015841385196998473,100000,50000,0.5,WSR running intersection,Uniformly randomized Markov,0.16066930733060591,0.001976582749326728,0.14498758834401768,30
"Beta(20,80)",0.19999999542623104,0.0015841544552577416,500000,250000,0.5,WSR running intersection,Uniformly randomized Markov,0.16496926546096802,0.0019537590766723796,0.1449877376340928,20
"Beta(20,80)",0.19999999772972438,0.0015841564403229545,1000000,500000,0.5,WSR running intersection,Uniformly randomized Markov,0.16360247553595017,0.002708668139395193,0.1449877559803539,20
"Beta(20,80)",0.19995182910075268,0.0015451450275072148,50,25,0.5,Bardenet--Maillard EBS,As published,2.5,3.8064789415719653e-17,0.14464507928517015,50
"Beta(20,80)",0.19997583722263076,0.001564489730758118,100,50,0.5,Bardenet--Maillard EBS,As published,3.5355339059327378,6.215954082333798e-17,0.14481076189805162,50
"Beta(20,80)",0.1999951717518977,0.001580181363257338,500,250,0.5,Bardenet--Maillard EBS,As published,3.629703201079431,0.0022529471713073975,0.14495068580305479,50
"Beta(20,80)",0.1999975924509567,0.0015821651605206913,1000,500,0.5,Bardenet--Maillard EBS,As published,2.962459819954109,0.0006622236165356666,0.14496903294185948,50
"Beta(20,80)",0.19999952313683184,0.0015837589255912193,5000,2500,0.5,Bardenet--Maillard EBS,As published,1.4402557866961527,0.00025897768898773386,0.1449839904816514,50
"Beta(20,80)",0.19999976281223059,0.0015839587064457642,10000,5000,0.5,Bardenet--Maillard EBS,As published,1.0795937343069684,0.00021786232935781604,0.14498588402243334,50
"Beta(20,80)",0.19999995321428746,0.00158411856161488,50000,25000,0.5,Bardenet--Maillard EBS,As published,0.5984710294214554,0.00010815115146750606,0.14498739995968374,30
"Beta(20,80)",0.19999997675930012,0.0015841385196998473,100000,50000,0.5,Bardenet--Maillard EBS,As published,0.48464900253110077,8.031437632398812e-05,0.14498758834401768,30
"Beta(20,80)",0.19999999542623104,0.0015841544552577416,500000,250000,0.5,Bardenet--Maillard EBS,As published,0.3323047986416208,4.6763802759177036e-05,0.1449877376340928,20
"Beta(20,80)",0.19999999772972438,0.0015841564403229545,1000000,500000,0.5,Bardenet--Maillard EBS,As published,0.29632759491483196,3.156958872073249e-05,0.1449877559803539,20
"Beta(20,80)",0.19995182910075268,0.0015451450275072148,50,25,0.5,Shekhar--Ramdas AS-CI,As published,1.4919808023059542,0.006341239952459993,0.14464507928517015,50
"Beta(20,80)",0.19997583722263076,0.001564489730758118,100,50,0.5,Shekhar--Ramdas AS-CI,As published,1.8556732076826137,0.004226598295966267,0.14481076189805162,50
"Beta(20,80)",0.1999951717518977,0.001580181363257338,500,250,0.5,Shekhar--Ramdas AS-CI,As published,2.5558280867971335,0.0016504255330923414,0.14495068580305479,50
"Beta(20,80)",0.1999975924509567,0.0015821651605206913,1000,500,0.5,Shekhar--Ramdas AS-CI,As published,2.6210499340823383,0.0012728746171374098,0.14496903294185948,50
"Beta(20,80)",0.19999952313683184,0.0015837589255912193,5000,2500,0.5,Shekhar--Ramdas AS-CI,As published,2.745327503896639,0.0004859299912821092,0.1449839904816514,50
"Beta(20,80)",0.19999976281223059,0.0015839587064457642,10000,5000,0.5,Shekhar--Ramdas AS-CI,As published,2.79421750263363,0.00038823360897226035,0.14498588402243334,50
"Beta(20,80)",0.19999995321428746,0.00158411856161488,50000,25000,0.5,Shekhar--Ramdas AS-CI,As published,2.9007673982026976,0.00019703750851512763,0.14498739995968374,30
"Beta(20,80)",0.19999997675930012,0.0015841385196998473,100000,50000,0.5,Shekhar--Ramdas AS-CI,As published,2.9446568803109727,0.00014249401208145398,0.14498758834401768,30
"Beta(20,80)",0.19999999542623104,0.0015841544552577416,500000,250000,0.5,Shekhar--Ramdas AS-CI,As published,3.0463421275402607,8.939769927844897e-05,0.1449877376340928,20
"Beta(20,80)",0.19999999772972438,0.0015841564403229545,1000000,500000,0.5,Shekhar--Ramdas AS-CI,As published,3.0894756103932997,5.1591367432656296e-05,0.1449877559803539,20
"Uniform(0.45,0.55)",0.5,0.0008330000000000001,50,25,0.5,Bridge-efficient betting,Deterministic Markov,0.7361003339290619,0.00011403851658365649,0.10620416292093292,50
"Uniform(0.45,0.55)",0.5000000000000001,0.000833250000000001,100,50,0.5,Bridge-efficient betting,Deterministic Markov,0.5513142136174176,0.0002465381630217179,0.10568227198408944,50
"Uniform(0.45,0.55)",0.5,0.0008333300000000006,500,250,0.5,Bridge-efficient betting,Deterministic Markov,0.2707521617923195,0.00026329721248647954,0.10526289623464402,50
"Uniform(0.45,0.55)",0.5000000000000001,0.0008333325000000006,1000,500,0.5,Bridge-efficient betting,Deterministic Markov,0.2044590278675926,0.0002438294068381444,0.10521035672738561,50
"Uniform(0.45,0.55)",0.5,0.0008333333000000007,5000,2500,0.5,Bridge-efficient betting,Deterministic Markov,0.13088494539260873,0.0002601138608950746,0.10516830622341682,50
"Uniform(0.45,0.55)",0.5,0.0008333333250000007,10000,5000,0.5,Bridge-efficient betting,Deterministic Markov,0.11976056507164513,0.0002426098373041338,0.10516304872816401,50
"Uniform(0.45,0.55)",0.5,0.0008333333330000005,50000,25000,0.5,Bridge-efficient betting,Deterministic Markov,0.1095723489815908,0.00013658361024390005,0.10515884254270802,30
"Uniform(0.45,0.55)",0.5000000000000001,0.0008333333332500007,100000,50000,0.5,Bridge-efficient betting,Deterministic Markov,0.108211395240537,0.00010326467263432449,0.10515831675769659,30
"Uniform(0.45,0.55)",0.5,0.0008333333333300007,500000,250000,0.5,Bridge-efficient betting,Deterministic Markov,0.10644495487213552,6.188822642120243e-05,0.1051578961277946,20
"Uniform(0.45,0.55)",0.5,0.0008333333333325006,1000000,500000,0.5,Bridge-efficient betting,Deterministic Markov,0.10597087488214973,2.4330692618190803e-05,0.10515784354893852,20
"Uniform(0.45,0.55)",0.5,0.0008330000000000001,50,25,0.5,Bridge-efficient betting,Uniformly randomized Markov,0.5993169277906418,0.012284465190400327,0.10620416292093292,50
"Uniform(0.45,0.55)",0.5000000000000001,0.000833250000000001,100,50,0.5,Bridge-efficient betting,Uniformly randomized Markov,0.45268412699004884,0.008623573778633086,0.10568227198408944,50
"Uniform(0.45,0.55)",0.5,0.0008333300000000006,500,250,0.5,Bridge-efficient betting,Uniformly randomized Markov,0.22899114459307893,0.004432469314535548,0.10526289623464402,50
"Uniform(0.45,0.55)",0.5000000000000001,0.0008333325000000006,1000,500,0.5,Bridge-efficient betting,Uniformly randomized Markov,0.17240900398772208,0.0034371249535247307,0.10521035672738561,50
"Uniform(0.45,0.55)",0.5,0.0008333333000000007,5000,2500,0.5,Bridge-efficient betting,Uniformly randomized Markov,0.11743336915969856,0.0016481881988438907,0.10516830622341682,50
"Uniform(0.45,0.55)",0.5,0.0008333333250000007,10000,5000,0.5,Bridge-efficient betting,Uniformly randomized Markov,0.11092780788236854,0.0011460607561210186,0.10516304872816401,50
"Uniform(0.45,0.55)",0.5,0.0008333333330000005,50000,25000,0.5,Bridge-efficient betting,Uniformly randomized Markov,0.10583890388832948,0.0006300089566407811,0.10515884254270802,30
"Uniform(0.45,0.55)",0.5000000000000001,0.0008333333332500007,100000,50000,0.5,Bridge-efficient betting,Uniformly randomized Markov,0.10636435605428678,0.0003994429453960014,0.10515831675769659,30
"Uniform(0.45,0.55)",0.5,0.0008333333333300007,500000,250000,0.5,Bridge-efficient betting,Uniformly randomized Markov,0.10531991720200003,0.0001834397957997157,0.1051578961277946,20
"Uniform(0.45,0.55)",0.5,0.0008333333333325006,1000000,500000,0.5,Bridge-efficient betting,Uniformly randomized Markov,0.10507209333765491,0.00017625325212686842,0.10515784354893852,20
"Uniform(0.45,0.55)",0.5,0.0008330000000000001,50,25,0.5,WSR running intersection,Deterministic Markov,0.7119639843702317,0.00011005180175242226,0.10620416292093292,50
"Uniform(0.45,0.55)",0.5000000000000001,0.000833250000000001,100,50,0.5,WSR running intersection,Deterministic Markov,0.5331227318575577,0.0001045053235016776,0.10568227198408944,50
"Uniform(0.45,0.55)",0.5,0.0008333300000000006,500,250,0.5,WSR running intersection,Deterministic Markov,0.2622448170513575,0.00019154007151970902,0.10526289623464402,50
"Uniform(0.45,0.55)",0.5000000000000001,0.0008333325000000006,1000,500,0.5,WSR running intersection,Deterministic Markov,0.19820163673134963,0.00029737456414411607,0.10521035672738561,50
"Uniform(0.45,0.55)",0.5,0.0008333333000000007,5000,2500,0.5,WSR running intersection,Deterministic Markov,0.12941318750381478,0.0005436529375521459,0.10516830622341682,50
"Uniform(0.45,0.55)",0.5,0.0008333333250000007,10000,5000,0.5,WSR running intersection,Deterministic Markov,0.12837420079551357,0.0006936435005161359,0.10516304872816401,50
"Uniform(0.45,0.55)",0.5,0.0008333333330000005,50000,25000,0.5,WSR running intersection,Deterministic Markov,0.1260096228307056,0.001339291324950343,0.10515884254270802,30
"Uniform(0.45,0.55)",0.5000000000000001,0.0008333333332500007,100000,50000,0.5,WSR running intersection,Deterministic Markov,0.12645298970534397,0.001252954769709704,0.10515831675769659,30
"Uniform(0.45,0.55)",0.5,0.0008333333333300007,500000,250000,0.5,WSR running intersection,Deterministic Markov,0.12477934360504565,0.0012120717498271048,0.1051578961277946,20
"Uniform(0.45,0.55)",0.5,0.0008333333333325006,1000000,500000,0.5,WSR running intersection,Deterministic Markov,0.12773340011074985,0.0010507849420586784,0.10515784354893852,20
"Uniform(0.45,0.55)",0.5,0.0008330000000000001,50,25,0.5,WSR running intersection,Uniformly randomized Markov,0.5803214877843856,0.01184690826152161,0.10620416292093292,50
"Uniform(0.45,0.55)",0.5000000000000001,0.000833250000000001,100,50,0.5,WSR running intersection,Uniformly randomized Markov,0.438962664118927,0.008325258989600084,0.10568227198408944,50
"Uniform(0.45,0.55)",0.5,0.0008333300000000006,500,250,0.5,WSR running intersection,Uniformly randomized Markov,0.22253195001831183,0.004281739467630348,0.10526289623464402,50
"Uniform(0.45,0.55)",0.5000000000000001,0.0008333325000000006,1000,500,0.5,WSR running intersection,Uniformly randomized Markov,0.16800716418945727,0.0033135362656676903,0.10521035672738561,50
"Uniform(0.45,0.55)",0.5,0.0008333333000000007,5000,2500,0.5,WSR running intersection,Uniformly randomized Markov,0.11807820200920112,0.0014632104997147277,0.10516830622341682,50
"Uniform(0.45,0.55)",0.5,0.0008333333250000007,10000,5000,0.5,WSR running intersection,Uniformly randomized Markov,0.1176067346721929,0.0014517466632012596,0.10516304872816401,50
"Uniform(0.45,0.55)",0.5,0.0008333333330000005,50000,25000,0.5,WSR running intersection,Uniformly randomized Markov,0.11665127125274653,0.0020445382036056335,0.10515884254270802,30
"Uniform(0.45,0.55)",0.5000000000000001,0.0008333333332500007,100000,50000,0.5,WSR running intersection,Uniformly randomized Markov,0.12083723532559745,0.0017617592762491222,0.10515831675769659,30
"Uniform(0.45,0.55)",0.5,0.0008333333333300007,500000,250000,0.5,WSR running intersection,Uniformly randomized Markov,0.11844933032989917,0.0015744426763305305,0.1051578961277946,20
"Uniform(0.45,0.55)",0.5,0.0008333333333325006,1000000,500000,0.5,WSR running intersection,Uniformly randomized Markov,0.117545453154454,0.002091641855795572,0.10515784354893852,20
"Uniform(0.45,0.55)",0.5,0.0008330000000000001,50,25,0.5,Bardenet--Maillard EBS,As published,2.5,3.3569988834012606e-17,0.10620416292093292,50
"Uniform(0.45,0.55)",0.5000000000000001,0.000833250000000001,100,50,0.5,Bardenet--Maillard EBS,As published,3.5355339059327378,6.593014924743647e-17,0.10568227198408944,50
"Uniform(0.45,0.55)",0.5,0.0008333300000000006,500,250,0.5,Bardenet--Maillard EBS,As published,4.044811358616833,0.00041861130569597395,0.10526289623464402,50
"Uniform(0.45,0.55)",0.5000000000000001,0.0008333325000000006,1000,500,0.5,Bardenet--Maillard EBS,As published,2.904861256850598,0.0002714850938176938,0.10521035672738561,50
"Uniform(0.45,0.55)",0.5,0.0008333333000000007,5000,2500,0.5,Bardenet--Maillard EBS,As published,1.3825094258842392,0.00014539604310741253,0.10516830622341682,50
"Uniform(0.45,0.55)",0.5,0.0008333333250000007,10000,5000,0.5,Bardenet--Maillard EBS,As published,1.0220454486916133,8.773083688685802e-05,0.10516304872816401,50
"Uniform(0.45,0.55)",0.5,0.0008333333330000005,50000,25000,0.5,Bardenet--Maillard EBS,As published,0.5410011355726851,5.921515122034553e-05,0.10515884254270802,30
"Uniform(0.45,0.55)",0.5000000000000001,0.0008333333332500007,100000,50000,0.5,Bardenet--Maillard EBS,As published,0.4269849060983806,3.573778573569565e-05,0.10515831675769659,30
"Uniform(0.45,0.55)",0.5,0.0008333333333300007,500000,250000,0.5,Bardenet--Maillard EBS,As published,0.2748660514626869,2.535817458542194e-05,0.1051578961277946,20
"Uniform(0.45,0.55)",0.5,0.0008333333333325006,1000000,500000,0.5,Bardenet--Maillard EBS,As published,0.23875134793128958,1.1371907475273883e-05,0.10515784354893852,20
"Uniform(0.45,0.55)",0.5,0.0008330000000000001,50,25,0.5,Shekhar--Ramdas AS-CI,As published,2.5,3.3569988834012606e-17,0.10620416292093292,50
"Uniform(0.45,0.55)",0.5000000000000001,0.000833250000000001,100,50,0.5,Shekhar--Ramdas AS-CI,As published,3.5355339059327378,6.593014924743647e-17,0.10568227198408944,50
"Uniform(0.45,0.55)",0.5,0.0008333300000000006,500,250,0.5,Shekhar--Ramdas AS-CI,As published,4.079203474146911,0.0006800383622587699,0.10526289623464402,50
"Uniform(0.45,0.55)",0.5000000000000001,0.0008333325000000006,1000,500,0.5,Shekhar--Ramdas AS-CI,As published,4.164404560381629,0.0005834827071399434,0.10521035672738561,50
"Uniform(0.45,0.55)",0.5,0.0008333333000000007,5000,2500,0.5,Shekhar--Ramdas AS-CI,As published,4.345978713676627,0.00026244878691658146,0.10516830622341682,50
"Uniform(0.45,0.55)",0.5,0.0008333333250000007,10000,5000,0.5,Shekhar--Ramdas AS-CI,As published,4.419821184403267,0.00017543313605225484,0.10516304872816401,50
"Uniform(0.45,0.55)",0.5,0.0008333333330000005,50000,25000,0.5,Shekhar--Ramdas AS-CI,As published,4.586464656116377,0.00012430662357177053,0.10515884254270802,30
"Uniform(0.45,0.55)",0.5000000000000001,0.0008333333332500007,100000,50000,0.5,Shekhar--Ramdas AS-CI,As published,4.656766669181106,7.999115308490086e-05,0.10515831675769659,30
"Uniform(0.45,0.55)",0.5,0.0008333333333300007,500000,250000,0.5,Shekhar--Ramdas AS-CI,As published,4.816853654955278,4.471160717267349e-05,0.1051578961277946,20
"Uniform(0.45,0.55)",0.5,0.0008333333333325006,1000000,500000,0.5,Shekhar--Ramdas AS-CI,As published,4.884547377522614,3.304212940306534e-05,0.10515784354893852,20
