distribution,population_mean,population_variance,n,sampling_fraction,method,calibration,normalized_mean_width,normalized_standard_error,num_simulations
"Uniform(0,1)",0.5,0.08333332812500001,400,0.1,Bridge-efficient betting,Deterministic Markov,1.0444228398754012,0.002363127338697766,200
"Uniform(0,1)",0.5,0.08333332812500001,1200,0.3,Bridge-efficient betting,Deterministic Markov,1.0283747251557613,0.0012872939886937503,200
"Uniform(0,1)",0.5,0.08333332812500001,2000,0.5,Bridge-efficient betting,Deterministic Markov,1.0255724007442293,0.00102134410569473,200
"Uniform(0,1)",0.5,0.08333332812500001,2800,0.7,Bridge-efficient betting,Deterministic Markov,1.0288284324250998,0.0010623696942729116,200
"Uniform(0,1)",0.5,0.08333332812500001,3200,0.8,Bridge-efficient betting,Deterministic Markov,1.0308608844462852,0.0009837960381341715,200
"Uniform(0,1)",0.5,0.08333332812500001,3600,0.9,Bridge-efficient betting,Deterministic Markov,1.0425395262718233,0.0013229480467690953,200
"Uniform(0,1)",0.5,0.08333332812500001,400,0.1,Bridge-efficient betting,Uniformly randomized Markov,1.004432998916436,0.0020837665361087727,200
"Uniform(0,1)",0.5,0.08333332812500001,1200,0.3,Bridge-efficient betting,Uniformly randomized Markov,1.0042960160907592,0.0011394484542195512,200
"Uniform(0,1)",0.5,0.08333332812500001,2000,0.5,Bridge-efficient betting,Uniformly randomized Markov,1.0030517382375124,0.001167495177722552,200
"Uniform(0,1)",0.5,0.08333332812500001,2800,0.7,Bridge-efficient betting,Uniformly randomized Markov,1.0043277050592048,0.0008416111616635817,200
"Uniform(0,1)",0.5,0.08333332812500001,3200,0.8,Bridge-efficient betting,Uniformly randomized Markov,1.0031604695234213,0.0011234052041293417,200
"Uniform(0,1)",0.5,0.08333332812500001,3600,0.9,Bridge-efficient betting,Uniformly randomized Markov,1.005699494734939,0.0015888416641903912,200
"Uniform(0,1)",0.5,0.08333332812500001,400,0.1,WSR running intersection,Deterministic Markov,1.163899241016459,0.004541449138536613,200
"Uniform(0,1)",0.5,0.08333332812500001,1200,0.3,WSR running intersection,Deterministic Markov,1.1827801881783213,0.004282574064933528,200
"Uniform(0,1)",0.5,0.08333332812500001,2000,0.5,WSR running intersection,Deterministic Markov,1.2124061445236496,0.0034728849612394425,200
"Uniform(0,1)",0.5,0.08333332812500001,2800,0.7,WSR running intersection,Deterministic Markov,1.2856962601028477,0.0028269553821872765,200
"Uniform(0,1)",0.5,0.08333332812500001,3200,0.8,WSR running intersection,Deterministic Markov,1.359882500575664,0.0027781472659166337,200
"Uniform(0,1)",0.5,0.08333332812500001,3600,0.9,WSR running intersection,Deterministic Markov,1.5319393241927264,0.00260639231465856,200
"Uniform(0,1)",0.5,0.08333332812500001,400,0.1,WSR running intersection,Uniformly randomized Markov,1.0969097818359483,0.006452534406243763,200
"Uniform(0,1)",0.5,0.08333332812500001,1200,0.3,WSR running intersection,Uniformly randomized Markov,1.1117861541592788,0.006140947020480116,200
"Uniform(0,1)",0.5,0.08333332812500001,2000,0.5,WSR running intersection,Uniformly randomized Markov,1.132054410975939,0.006729625286403144,200
"Uniform(0,1)",0.5,0.08333332812500001,2800,0.7,WSR running intersection,Uniformly randomized Markov,1.2013646449884563,0.005659430773242715,200
"Uniform(0,1)",0.5,0.08333332812500001,3200,0.8,WSR running intersection,Uniformly randomized Markov,1.2524728381400623,0.006854721910131802,200
"Uniform(0,1)",0.5,0.08333332812500001,3600,0.9,WSR running intersection,Uniformly randomized Markov,1.3913983097746678,0.008639063432353692,200
"Uniform(0,1)",0.5,0.08333332812500001,400,0.1,Bardenet--Maillard EBS,As published,3.6169501573751894,0.0022101615689201454,200
"Uniform(0,1)",0.5,0.08333332812500001,1200,0.3,Bardenet--Maillard EBS,As published,2.8704718901784156,0.0011464203011749415,200
"Uniform(0,1)",0.5,0.08333332812500001,2000,0.5,Bardenet--Maillard EBS,As published,2.7514692999603,0.0007628039955874514,200
"Uniform(0,1)",0.5,0.08333332812500001,2800,0.7,Bardenet--Maillard EBS,As published,2.8702944025832506,0.0005037009608786634,200
"Uniform(0,1)",0.5,0.08333332812500001,3200,0.8,Bardenet--Maillard EBS,As published,3.0784365594580625,0.00039103980076673274,200
"Uniform(0,1)",0.5,0.08333332812500001,3600,0.9,Bardenet--Maillard EBS,As published,3.623880424597652,0.00025582878297050114,200
"Uniform(0,1)",0.5,0.08333332812500001,400,0.1,Shekhar--Ramdas AS-CI,As published,4.161666181793844,0.0038831141348961047,200
"Uniform(0,1)",0.5,0.08333332812500001,1200,0.3,Shekhar--Ramdas AS-CI,As published,4.1478523928227515,0.0018256853248845052,200
"Uniform(0,1)",0.5,0.08333332812500001,2000,0.5,Shekhar--Ramdas AS-CI,As published,4.108957730942068,0.0013846816325671204,200
"Uniform(0,1)",0.5,0.08333332812500001,2800,0.7,Shekhar--Ramdas AS-CI,As published,4.0313785649713,0.0009324468539992661,200
"Uniform(0,1)",0.5,0.08333332812500001,3200,0.8,Shekhar--Ramdas AS-CI,As published,3.9604318912056042,0.0006834479629719051,200
"Uniform(0,1)",0.5,0.08333332812500001,3600,0.9,Shekhar--Ramdas AS-CI,As published,3.824005566244101,0.00044368756036025815,200
"Beta(0.5,0.5)",0.5,0.125,400,0.1,Bridge-efficient betting,Deterministic Markov,1.040161916856493,0.0018219194176928941,200
"Beta(0.5,0.5)",0.5,0.125,1200,0.3,Bridge-efficient betting,Deterministic Markov,1.0241498930684063,0.0008808808834948114,200
"Beta(0.5,0.5)",0.5,0.125,2000,0.5,Bridge-efficient betting,Deterministic Markov,1.021342468147232,0.0007547662588034067,200
"Beta(0.5,0.5)",0.5,0.125,2800,0.7,Bridge-efficient betting,Deterministic Markov,1.0233345223143622,0.000797450752618717,200
"Beta(0.5,0.5)",0.5,0.125,3200,0.8,Bridge-efficient betting,Deterministic Markov,1.02841828703136,0.0008375822751977686,200
"Beta(0.5,0.5)",0.5,0.125,3600,0.9,Bridge-efficient betting,Deterministic Markov,1.034413495497883,0.0010172657750864094,200
"Beta(0.5,0.5)",0.5,0.125,400,0.1,Bridge-efficient betting,Uniformly randomized Markov,1.0026078590198202,0.0016023307068023791,200
"Beta(0.5,0.5)",0.5,0.125,1200,0.3,Bridge-efficient betting,Uniformly randomized Markov,1.0021019212790816,0.0009167903969557839,200
"Beta(0.5,0.5)",0.5,0.125,2000,0.5,Bridge-efficient betting,Uniformly randomized Markov,1.0029659690501247,0.0007835985193567836,200
"Beta(0.5,0.5)",0.5,0.125,2800,0.7,Bridge-efficient betting,Uniformly randomized Markov,1.0028034524450589,0.0007835715964627478,200
"Beta(0.5,0.5)",0.5,0.125,3200,0.8,Bridge-efficient betting,Uniformly randomized Markov,1.0028523461991872,0.0009633113430547636,200
"Beta(0.5,0.5)",0.5,0.125,3600,0.9,Bridge-efficient betting,Uniformly randomized Markov,1.0039723877745588,0.0012307143888280103,200
"Beta(0.5,0.5)",0.5,0.125,400,0.1,WSR running intersection,Deterministic Markov,1.1654499729905685,0.004067395290992735,200
"Beta(0.5,0.5)",0.5,0.125,1200,0.3,WSR running intersection,Deterministic Markov,1.1736270255074033,0.004383787328352549,200
"Beta(0.5,0.5)",0.5,0.125,2000,0.5,WSR running intersection,Deterministic Markov,1.217640849646813,0.002892410213617054,200
"Beta(0.5,0.5)",0.5,0.125,2800,0.7,WSR running intersection,Deterministic Markov,1.2844967266396048,0.0036777914770006162,200
"Beta(0.5,0.5)",0.5,0.125,3200,0.8,WSR running intersection,Deterministic Markov,1.353749989418609,0.004038703349406984,200
"Beta(0.5,0.5)",0.5,0.125,3600,0.9,WSR running intersection,Deterministic Markov,1.526555329240781,0.004453552461521545,200
"Beta(0.5,0.5)",0.5,0.125,400,0.1,WSR running intersection,Uniformly randomized Markov,1.0955766488131686,0.0057781616873030005,200
"Beta(0.5,0.5)",0.5,0.125,1200,0.3,WSR running intersection,Uniformly randomized Markov,1.097666041358996,0.0063492073813276205,200
"Beta(0.5,0.5)",0.5,0.125,2000,0.5,WSR running intersection,Uniformly randomized Markov,1.1483846835472824,0.005538012612736302,200
"Beta(0.5,0.5)",0.5,0.125,2800,0.7,WSR running intersection,Uniformly randomized Markov,1.194747117443861,0.006643738717479368,200
"Beta(0.5,0.5)",0.5,0.125,3200,0.8,WSR running intersection,Uniformly randomized Markov,1.2528068761925801,0.006688208973933783,200
"Beta(0.5,0.5)",0.5,0.125,3600,0.9,WSR running intersection,Uniformly randomized Markov,1.398408239448363,0.007915080094006727,200
"Beta(0.5,0.5)",0.5,0.125,400,0.1,Bardenet--Maillard EBS,As published,3.222554603427668,0.0018754296048347787,200
"Beta(0.5,0.5)",0.5,0.125,1200,0.3,Bardenet--Maillard EBS,As published,2.609100913231479,0.0009383067216784506,200
"Beta(0.5,0.5)",0.5,0.125,2000,0.5,Bardenet--Maillard EBS,As published,2.5113383757636036,0.0005865308161383792,200
"Beta(0.5,0.5)",0.5,0.125,2800,0.7,Bardenet--Maillard EBS,As published,2.6086795623026795,0.0003449518833540482,200
"Beta(0.5,0.5)",0.5,0.125,3200,0.8,Bardenet--Maillard EBS,As published,2.7784013564893506,0.0002890164800385516,200
"Beta(0.5,0.5)",0.5,0.125,3600,0.9,Bardenet--Maillard EBS,As published,3.2235032026282107,0.0001837421553251815,200
"Beta(0.5,0.5)",0.5,0.125,400,0.1,Shekhar--Ramdas AS-CI,As published,3.3860570978909594,0.0038885380335556777,200
"Beta(0.5,0.5)",0.5,0.125,1200,0.3,Shekhar--Ramdas AS-CI,As published,3.3836052522751006,0.0019600568611989146,200
"Beta(0.5,0.5)",0.5,0.125,2000,0.5,Shekhar--Ramdas AS-CI,As published,3.3520652172205554,0.001359233489273331,200
"Beta(0.5,0.5)",0.5,0.125,2800,0.7,Shekhar--Ramdas AS-CI,As published,3.290422607363006,0.0008379358408273567,200
"Beta(0.5,0.5)",0.5,0.125,3200,0.8,Shekhar--Ramdas AS-CI,As published,3.233791829421698,0.0006053573547533883,200
"Beta(0.5,0.5)",0.5,0.125,3600,0.9,Shekhar--Ramdas AS-CI,As published,3.1225698520380947,0.00044147164895203775,200
Bernoulli(0.1),0.1,0.09000000000000004,400,0.1,Bridge-efficient betting,Deterministic Markov,1.0811596988159342,0.0073856965319577875,200
Bernoulli(0.1),0.1,0.09000000000000004,1200,0.3,Bridge-efficient betting,Deterministic Markov,1.0465780955911292,0.0037869592271313314,200
Bernoulli(0.1),0.1,0.09000000000000004,2000,0.5,Bridge-efficient betting,Deterministic Markov,1.0451803954983014,0.002756533556343469,200
Bernoulli(0.1),0.1,0.09000000000000004,2800,0.7,Bridge-efficient betting,Deterministic Markov,1.0445337269690542,0.0023394843143298527,200
Bernoulli(0.1),0.1,0.09000000000000004,3200,0.8,Bridge-efficient betting,Deterministic Markov,1.045798738255794,0.0023798387579410454,200
Bernoulli(0.1),0.1,0.09000000000000004,3600,0.9,Bridge-efficient betting,Deterministic Markov,1.0660223026374254,0.003012410969400696,200
Bernoulli(0.1),0.1,0.09000000000000004,400,0.1,Bridge-efficient betting,Uniformly randomized Markov,1.03509060297636,0.007564275677187714,200
Bernoulli(0.1),0.1,0.09000000000000004,1200,0.3,Bridge-efficient betting,Uniformly randomized Markov,1.012232957035473,0.004202125146251633,200
Bernoulli(0.1),0.1,0.09000000000000004,2000,0.5,Bridge-efficient betting,Uniformly randomized Markov,1.0135262259593407,0.0032676760476504254,200
Bernoulli(0.1),0.1,0.09000000000000004,2800,0.7,Bridge-efficient betting,Uniformly randomized Markov,1.0101583565864476,0.002776154166503569,200
Bernoulli(0.1),0.1,0.09000000000000004,3200,0.8,Bridge-efficient betting,Uniformly randomized Markov,1.0082354274377778,0.003081409981370161,200
Bernoulli(0.1),0.1,0.09000000000000004,3600,0.9,Bridge-efficient betting,Uniformly randomized Markov,1.0152083022529081,0.003796727692077556,200
Bernoulli(0.1),0.1,0.09000000000000004,400,0.1,WSR running intersection,Deterministic Markov,1.2187183216267545,0.00927660930761446,200
Bernoulli(0.1),0.1,0.09000000000000004,1200,0.3,WSR running intersection,Deterministic Markov,1.1972080014492457,0.005761586228989559,200
Bernoulli(0.1),0.1,0.09000000000000004,2000,0.5,WSR running intersection,Deterministic Markov,1.2275298989818186,0.0043682933872779516,200
Bernoulli(0.1),0.1,0.09000000000000004,2800,0.7,WSR running intersection,Deterministic Markov,1.2937609098612455,0.0033227818954794115,200
Bernoulli(0.1),0.1,0.09000000000000004,3200,0.8,WSR running intersection,Deterministic Markov,1.3699690471107784,0.0032708327229792602,200
Bernoulli(0.1),0.1,0.09000000000000004,3600,0.9,WSR running intersection,Deterministic Markov,1.544670181839991,0.003191900088331242,200
Bernoulli(0.1),0.1,0.09000000000000004,400,0.1,WSR running intersection,Uniformly randomized Markov,1.156515644529075,0.009801718923403055,200
Bernoulli(0.1),0.1,0.09000000000000004,1200,0.3,WSR running intersection,Uniformly randomized Markov,1.1298349386767137,0.007583465961787296,200
Bernoulli(0.1),0.1,0.09000000000000004,2000,0.5,WSR running intersection,Uniformly randomized Markov,1.1436546603925928,0.006496945010625801,200
Bernoulli(0.1),0.1,0.09000000000000004,2800,0.7,WSR running intersection,Uniformly randomized Markov,1.1972863110840126,0.007026196248797514,200
Bernoulli(0.1),0.1,0.09000000000000004,3200,0.8,WSR running intersection,Uniformly randomized Markov,1.260559942446933,0.006907082667421105,200
Bernoulli(0.1),0.1,0.09000000000000004,3600,0.9,WSR running intersection,Uniformly randomized Markov,1.4115958104484392,0.007879962921490383,200
Bernoulli(0.1),0.1,0.09000000000000004,400,0.1,Exact hypergeometric,As published,1.0254737358511465,0.0042880006457105425,200
Bernoulli(0.1),0.1,0.09000000000000004,1200,0.3,Exact hypergeometric,As published,1.01491403199904,0.0022025407548398965,200
Bernoulli(0.1),0.1,0.09000000000000004,2000,0.5,Exact hypergeometric,As published,1.0093795828869492,0.0014319186449695054,200
Bernoulli(0.1),0.1,0.09000000000000004,2800,0.7,Exact hypergeometric,As published,1.0037863963782754,0.0011254682119069418,200
Bernoulli(0.1),0.1,0.09000000000000004,3200,0.8,Exact hypergeometric,As published,1.0024747820919284,0.0008331204754431236,200
Bernoulli(0.1),0.1,0.09000000000000004,3600,0.9,Exact hypergeometric,As published,1.0005823552073674,0.0010634530776123057,200
Bernoulli(0.1),0.1,0.09000000000000004,400,0.1,Bardenet--Maillard EBS,As published,2.990737586022692,0.015040233135019511,200
Bernoulli(0.1),0.1,0.09000000000000004,1200,0.3,Bardenet--Maillard EBS,As published,2.816545174912333,0.003261232301255333,200
Bernoulli(0.1),0.1,0.09000000000000004,2000,0.5,Bardenet--Maillard EBS,As published,2.7017263828490106,0.0020819137572439255,200
Bernoulli(0.1),0.1,0.09000000000000004,2800,0.7,Bardenet--Maillard EBS,As published,2.81454051691522,0.001362788047726822,200
Bernoulli(0.1),0.1,0.09000000000000004,3200,0.8,Bardenet--Maillard EBS,As published,3.016876254443263,0.0009973918423069668,200
Bernoulli(0.1),0.1,0.09000000000000004,3600,0.9,Bardenet--Maillard EBS,As published,2.996786238670579,0.0017067412417853434,200
Bernoulli(0.1),0.1,0.09000000000000004,400,0.1,Shekhar--Ramdas AS-CI,As published,1.8620242278398529,0.008464744566263824,200
Bernoulli(0.1),0.1,0.09000000000000004,1200,0.3,Shekhar--Ramdas AS-CI,As published,1.8092608936266845,0.0044961746373434735,200
Bernoulli(0.1),0.1,0.09000000000000004,2000,0.5,Shekhar--Ramdas AS-CI,As published,1.7622743172876465,0.0028865004360287654,200
Bernoulli(0.1),0.1,0.09000000000000004,2800,0.7,Shekhar--Ramdas AS-CI,As published,1.695201991073413,0.0018798070424442177,200
Bernoulli(0.1),0.1,0.09000000000000004,3200,0.8,Shekhar--Ramdas AS-CI,As published,1.6452044558434904,0.0013673301548296215,200
Bernoulli(0.1),0.1,0.09000000000000004,3600,0.9,Shekhar--Ramdas AS-CI,As published,1.5427926419980083,0.0009600764701386384,200
Bernoulli(0.1),0.1,0.09000000000000004,400,0.1,Shekhar--Ramdas rate CI,As published,4.004951977631296,0.014590815885568832,200
Bernoulli(0.1),0.1,0.09000000000000004,1200,0.3,Shekhar--Ramdas rate CI,As published,4.043857478844958,0.008672846415862629,200
Bernoulli(0.1),0.1,0.09000000000000004,2000,0.5,Shekhar--Ramdas rate CI,As published,4.03761428479176,0.005696771425705798,200
Bernoulli(0.1),0.1,0.09000000000000004,2800,0.7,Shekhar--Ramdas rate CI,As published,4.0044349499018415,0.0038046420703942026,200
Bernoulli(0.1),0.1,0.09000000000000004,3200,0.8,Shekhar--Ramdas rate CI,As published,3.9680747025496816,0.0028470280322620916,200
Bernoulli(0.1),0.1,0.09000000000000004,3600,0.9,Shekhar--Ramdas rate CI,As published,3.734048583261171,0.002191049954866509,200
"Beta(2,2)",0.5,0.0499997232432935,400,0.1,Bridge-efficient betting,Deterministic Markov,1.0561321718224346,0.0025775284765139836,200
"Beta(2,2)",0.5,0.0499997232432935,1200,0.3,Bridge-efficient betting,Deterministic Markov,1.0323394027193724,0.0013395031218515498,200
"Beta(2,2)",0.5,0.0499997232432935,2000,0.5,Bridge-efficient betting,Deterministic Markov,1.0316628995547412,0.001104283693065771,200
"Beta(2,2)",0.5,0.0499997232432935,2800,0.7,Bridge-efficient betting,Deterministic Markov,1.0319014251717165,0.0010117773578553115,200
"Beta(2,2)",0.5,0.0499997232432935,3200,0.8,Bridge-efficient betting,Deterministic Markov,1.0379263012088809,0.0013412038012713635,200
"Beta(2,2)",0.5,0.0499997232432935,3600,0.9,Bridge-efficient betting,Deterministic Markov,1.0475729825343152,0.0014251878089023638,200
"Beta(2,2)",0.5,0.0499997232432935,400,0.1,Bridge-efficient betting,Uniformly randomized Markov,1.010769171608559,0.0023351232849733554,200
"Beta(2,2)",0.5,0.0499997232432935,1200,0.3,Bridge-efficient betting,Uniformly randomized Markov,1.0047331319596147,0.0013250967382880813,200
"Beta(2,2)",0.5,0.0499997232432935,2000,0.5,Bridge-efficient betting,Uniformly randomized Markov,1.0030273432238404,0.0013711082075176,200
"Beta(2,2)",0.5,0.0499997232432935,2800,0.7,Bridge-efficient betting,Uniformly randomized Markov,1.0033971175579814,0.0013364031069876545,200
"Beta(2,2)",0.5,0.0499997232432935,3200,0.8,Bridge-efficient betting,Uniformly randomized Markov,1.0047929866008136,0.0014310006196093267,200
"Beta(2,2)",0.5,0.0499997232432935,3600,0.9,Bridge-efficient betting,Uniformly randomized Markov,1.0095176857328765,0.00193085590595583,200
"Beta(2,2)",0.5,0.0499997232432935,400,0.1,WSR running intersection,Deterministic Markov,1.1712208936355704,0.004472807583631846,200
"Beta(2,2)",0.5,0.0499997232432935,1200,0.3,WSR running intersection,Deterministic Markov,1.1724795883090922,0.004509144360901109,200
"Beta(2,2)",0.5,0.0499997232432935,2000,0.5,WSR running intersection,Deterministic Markov,1.2094445428239602,0.003804634541815763,200
"Beta(2,2)",0.5,0.0499997232432935,2800,0.7,WSR running intersection,Deterministic Markov,1.285527731688201,0.0029163546380208336,200
"Beta(2,2)",0.5,0.0499997232432935,3200,0.8,WSR running intersection,Deterministic Markov,1.3627226169784858,0.0026081900030573827,200
"Beta(2,2)",0.5,0.0499997232432935,3600,0.9,WSR running intersection,Deterministic Markov,1.534289364532359,0.00222039743838946,200
"Beta(2,2)",0.5,0.0499997232432935,400,0.1,WSR running intersection,Uniformly randomized Markov,1.1059492810474763,0.005842765759135901,200
"Beta(2,2)",0.5,0.0499997232432935,1200,0.3,WSR running intersection,Uniformly randomized Markov,1.1054640920543628,0.0058292777185835,200
"Beta(2,2)",0.5,0.0499997232432935,2000,0.5,WSR running intersection,Uniformly randomized Markov,1.121658153284639,0.00701693008936546,200
"Beta(2,2)",0.5,0.0499997232432935,2800,0.7,WSR running intersection,Uniformly randomized Markov,1.1900045948036608,0.006475847784954241,200
"Beta(2,2)",0.5,0.0499997232432935,3200,0.8,WSR running intersection,Uniformly randomized Markov,1.255189095352035,0.006627237685344989,200
"Beta(2,2)",0.5,0.0499997232432935,3600,0.9,WSR running intersection,Uniformly randomized Markov,1.4139038646636706,0.007035607369280739,200
"Beta(2,2)",0.5,0.0499997232432935,400,0.1,Bardenet--Maillard EBS,As published,4.254573317587574,0.0023458867767539044,200
"Beta(2,2)",0.5,0.0499997232432935,1200,0.3,Bardenet--Maillard EBS,As published,3.2840171169223407,0.0012815816456599727,200
"Beta(2,2)",0.5,0.0499997232432935,2000,0.5,Bardenet--Maillard EBS,As published,3.13222130443993,0.0009105106452333212,200
"Beta(2,2)",0.5,0.0499997232432935,2800,0.7,Bardenet--Maillard EBS,As published,3.2861894311405075,0.0005461907404609096,200
"Beta(2,2)",0.5,0.0499997232432935,3200,0.8,Bardenet--Maillard EBS,As published,3.5543956742217153,0.00041730055206251046,200
"Beta(2,2)",0.5,0.0499997232432935,3600,0.9,Bardenet--Maillard EBS,As published,4.258346336172619,0.000299336199642003,200
"Beta(2,2)",0.5,0.0499997232432935,400,0.1,Shekhar--Ramdas AS-CI,As published,5.367755111407542,0.0034739692170382445,200
"Beta(2,2)",0.5,0.0499997232432935,1200,0.3,Shekhar--Ramdas AS-CI,As published,5.352911445917543,0.001970956172378631,200
"Beta(2,2)",0.5,0.0499997232432935,2000,0.5,Shekhar--Ramdas AS-CI,As published,5.304878634014014,0.001288978973378314,200
"Beta(2,2)",0.5,0.0499997232432935,2800,0.7,Shekhar--Ramdas AS-CI,As published,5.2061616694085755,0.000903667610820793,200
"Beta(2,2)",0.5,0.0499997232432935,3200,0.8,Shekhar--Ramdas AS-CI,As published,5.115002687306166,0.0007109184467757321,200
"Beta(2,2)",0.5,0.0499997232432935,3600,0.9,Shekhar--Ramdas AS-CI,As published,4.937709212792736,0.0004643551709073666,200
"Beta(1,5)",0.16666451300779833,0.019838221580868946,400,0.1,Bridge-efficient betting,Deterministic Markov,1.1103301351983992,0.005650303211053047,200
"Beta(1,5)",0.16666451300779833,0.019838221580868946,1200,0.3,Bridge-efficient betting,Deterministic Markov,1.0580824103330042,0.002821982487670808,200
"Beta(1,5)",0.16666451300779833,0.019838221580868946,2000,0.5,Bridge-efficient betting,Deterministic Markov,1.0483467297921902,0.002263498179110389,200
"Beta(1,5)",0.16666451300779833,0.019838221580868946,2800,0.7,Bridge-efficient betting,Deterministic Markov,1.047943958769941,0.0021931336018763243,200
"Beta(1,5)",0.16666451300779833,0.019838221580868946,3200,0.8,Bridge-efficient betting,Deterministic Markov,1.056501813042746,0.0021304916042821378,200
"Beta(1,5)",0.16666451300779833,0.019838221580868946,3600,0.9,Bridge-efficient betting,Deterministic Markov,1.077416576791787,0.0027885380531614177,200
"Beta(1,5)",0.16666451300779833,0.019838221580868946,400,0.1,Bridge-efficient betting,Uniformly randomized Markov,1.043535839781449,0.006276479267075319,200
"Beta(1,5)",0.16666451300779833,0.019838221580868946,1200,0.3,Bridge-efficient betting,Uniformly randomized Markov,1.0183761464509464,0.003130902792077455,200
"Beta(1,5)",0.16666451300779833,0.019838221580868946,2000,0.5,Bridge-efficient betting,Uniformly randomized Markov,1.0130266636049514,0.002786307495695412,200
"Beta(1,5)",0.16666451300779833,0.019838221580868946,2800,0.7,Bridge-efficient betting,Uniformly randomized Markov,1.0099030478217041,0.0027322821452335434,200
"Beta(1,5)",0.16666451300779833,0.019838221580868946,3200,0.8,Bridge-efficient betting,Uniformly randomized Markov,1.0130202157297363,0.0031404835862068677,200
"Beta(1,5)",0.16666451300779833,0.019838221580868946,3600,0.9,Bridge-efficient betting,Uniformly randomized Markov,1.0219775636789072,0.003505147462510991,200
"Beta(1,5)",0.16666451300779833,0.019838221580868946,400,0.1,WSR running intersection,Deterministic Markov,1.1849344178865153,0.005789684887986104,200
"Beta(1,5)",0.16666451300779833,0.019838221580868946,1200,0.3,WSR running intersection,Deterministic Markov,1.1825277830118588,0.004627632205946895,200
"Beta(1,5)",0.16666451300779833,0.019838221580868946,2000,0.5,WSR running intersection,Deterministic Markov,1.2164993872427183,0.0034796227392889655,200
"Beta(1,5)",0.16666451300779833,0.019838221580868946,2800,0.7,WSR running intersection,Deterministic Markov,1.281116122187818,0.0036658203064418326,200
"Beta(1,5)",0.16666451300779833,0.019838221580868946,3200,0.8,WSR running intersection,Deterministic Markov,1.3557449560571966,0.003707685081009074,200
"Beta(1,5)",0.16666451300779833,0.019838221580868946,3600,0.9,WSR running intersection,Deterministic Markov,1.524367484395018,0.004021435617105358,200
"Beta(1,5)",0.16666451300779833,0.019838221580868946,400,0.1,WSR running intersection,Uniformly randomized Markov,1.1153831216983887,0.007163470817902923,200
"Beta(1,5)",0.16666451300779833,0.019838221580868946,1200,0.3,WSR running intersection,Uniformly randomized Markov,1.1102319322838214,0.006289493703835224,200
"Beta(1,5)",0.16666451300779833,0.019838221580868946,2000,0.5,WSR running intersection,Uniformly randomized Markov,1.141727315565958,0.0055564694238120745,200
"Beta(1,5)",0.16666451300779833,0.019838221580868946,2800,0.7,WSR running intersection,Uniformly randomized Markov,1.1832662928260296,0.006887916129614466,200
"Beta(1,5)",0.16666451300779833,0.019838221580868946,3200,0.8,WSR running intersection,Uniformly randomized Markov,1.2481698299660609,0.0069985650348110984,200
"Beta(1,5)",0.16666451300779833,0.019838221580868946,3600,0.9,WSR running intersection,Uniformly randomized Markov,1.3918480939626239,0.00843785563773282,200
"Beta(1,5)",0.16666451300779833,0.019838221580868946,400,0.1,Bardenet--Maillard EBS,As published,5.912276109858549,0.004239350518246033,200
"Beta(1,5)",0.16666451300779833,0.019838221580868946,1200,0.3,Bardenet--Maillard EBS,As published,4.371237181837679,0.002192405250361197,200
"Beta(1,5)",0.16666451300779833,0.019838221580868946,2000,0.5,Bardenet--Maillard EBS,As published,4.125145338464233,0.0014074954790683817,200
"Beta(1,5)",0.16666451300779833,0.019838221580868946,2800,0.7,Bardenet--Maillard EBS,As published,4.369460363370138,0.000928315175879731,200
"Beta(1,5)",0.16666451300779833,0.019838221580868946,3200,0.8,Bardenet--Maillard EBS,As published,4.79519403473556,0.0007227536877493638,200
"Beta(1,5)",0.16666451300779833,0.019838221580868946,3600,0.9,Bardenet--Maillard EBS,As published,5.912759353886763,0.0004792006195000165,200
"Beta(1,5)",0.16666451300779833,0.019838221580868946,400,0.1,Shekhar--Ramdas AS-CI,As published,5.057746527040399,0.0067910321254721715,200
"Beta(1,5)",0.16666451300779833,0.019838221580868946,1200,0.3,Shekhar--Ramdas AS-CI,As published,4.953002486403816,0.003320027747892318,200
"Beta(1,5)",0.16666451300779833,0.019838221580868946,2000,0.5,Shekhar--Ramdas AS-CI,As published,4.8588715652693,0.002311222626974365,200
"Beta(1,5)",0.16666451300779833,0.019838221580868946,2800,0.7,Shekhar--Ramdas AS-CI,As published,4.716106473058505,0.0015678706977397296,200
"Beta(1,5)",0.16666451300779833,0.019838221580868946,3200,0.8,Shekhar--Ramdas AS-CI,As published,4.59524071706133,0.0011987980333529513,200
"Beta(1,5)",0.16666451300779833,0.019838221580868946,3600,0.9,Shekhar--Ramdas AS-CI,As published,4.36462379081419,0.0007289637337434577,200
Bernoulli(0.5),0.5,0.25,400,0.1,Bridge-efficient betting,Deterministic Markov,1.0252966732413995,0.0002722426401191364,200
Bernoulli(0.5),0.5,0.25,1200,0.3,Bridge-efficient betting,Deterministic Markov,1.0172737449607023,9.759308633919752e-05,200
Bernoulli(0.5),0.5,0.25,2000,0.5,Bridge-efficient betting,Deterministic Markov,1.015873992837683,9.761568470698041e-05,200
Bernoulli(0.5),0.5,0.25,2800,0.7,Bridge-efficient betting,Deterministic Markov,1.0175915380593132,9.450076704365874e-05,200
Bernoulli(0.5),0.5,0.25,3200,0.8,Bridge-efficient betting,Deterministic Markov,1.0203224162751814,0.00010134466363433936,200
Bernoulli(0.5),0.5,0.25,3600,0.9,Bridge-efficient betting,Deterministic Markov,1.0268619969179498,0.00016384180116848143,200
Bernoulli(0.5),0.5,0.25,400,0.1,Bridge-efficient betting,Uniformly randomized Markov,0.9982594839707091,0.00081855888963495,200
Bernoulli(0.5),0.5,0.25,1200,0.3,Bridge-efficient betting,Uniformly randomized Markov,0.9991138248209316,0.000523821183837488,200
Bernoulli(0.5),0.5,0.25,2000,0.5,Bridge-efficient betting,Uniformly randomized Markov,0.9997606163434091,0.0004526560820700167,200
Bernoulli(0.5),0.5,0.25,2800,0.7,Bridge-efficient betting,Uniformly randomized Markov,1.0007008273582458,0.0005018683492947967,200
Bernoulli(0.5),0.5,0.25,3200,0.8,Bridge-efficient betting,Uniformly randomized Markov,1.0018948778108077,0.0005829204050859251,200
Bernoulli(0.5),0.5,0.25,3600,0.9,Bridge-efficient betting,Uniformly randomized Markov,1.001322811068728,0.0007236767335529448,200
Bernoulli(0.5),0.5,0.25,400,0.1,WSR running intersection,Deterministic Markov,1.158119160589247,0.004002217989046166,200
Bernoulli(0.5),0.5,0.25,1200,0.3,WSR running intersection,Deterministic Markov,1.1774661168453513,0.003834467016431431,200
Bernoulli(0.5),0.5,0.25,2000,0.5,WSR running intersection,Deterministic Markov,1.207446050263137,0.004276795346000801,200
Bernoulli(0.5),0.5,0.25,2800,0.7,WSR running intersection,Deterministic Markov,1.277227543423595,0.00377941662828078,200
Bernoulli(0.5),0.5,0.25,3200,0.8,WSR running intersection,Deterministic Markov,1.3550129418271843,0.002988720489706644,200
Bernoulli(0.5),0.5,0.25,3600,0.9,WSR running intersection,Deterministic Markov,1.5297206973388655,0.0031441200703639697,200
Bernoulli(0.5),0.5,0.25,400,0.1,WSR running intersection,Uniformly randomized Markov,1.094705681626219,0.0062275463147010955,200
Bernoulli(0.5),0.5,0.25,1200,0.3,WSR running intersection,Uniformly randomized Markov,1.097944601243736,0.0059429978925404055,200
Bernoulli(0.5),0.5,0.25,2000,0.5,WSR running intersection,Uniformly randomized Markov,1.1211252544710453,0.006558275418847375,200
Bernoulli(0.5),0.5,0.25,2800,0.7,WSR running intersection,Uniformly randomized Markov,1.1879501055896196,0.006198257976151253,200
Bernoulli(0.5),0.5,0.25,3200,0.8,WSR running intersection,Uniformly randomized Markov,1.263620424370723,0.006857802387376104,200
Bernoulli(0.5),0.5,0.25,3600,0.9,WSR running intersection,Uniformly randomized Markov,1.4041099859416182,0.00772395737486326,200
Bernoulli(0.5),0.5,0.25,400,0.1,Exact hypergeometric,As published,1.0123665485642035,0.00012456981102788113,200
Bernoulli(0.5),0.5,0.25,1200,0.3,Exact hypergeometric,As published,1.007474030088507,0.0001249356078605852,200
Bernoulli(0.5),0.5,0.25,2000,0.5,Exact hypergeometric,As published,1.0065665158963852,1.5740324710485608e-17,200
Bernoulli(0.5),0.5,0.25,2800,0.7,Exact hypergeometric,As published,1.0028332368175799,0.0001221400699688739,200
Bernoulli(0.5),0.5,0.25,3200,0.8,Exact hypergeometric,As published,1.0039273475925106,0.00035748361987753533,200
Bernoulli(0.5),0.5,0.25,3600,0.9,Exact hypergeometric,As published,1.0003675391826332,0.0006137446493674862,200
Bernoulli(0.5),0.5,0.25,400,0.1,Bardenet--Maillard EBS,As published,2.700261040906274,0.00018319599843737722,200
Bernoulli(0.5),0.5,0.25,1200,0.3,Bardenet--Maillard EBS,As published,2.2668774284088573,5.0545220244826843e-05,200
Bernoulli(0.5),0.5,0.25,2000,0.5,Bardenet--Maillard EBS,As published,2.198459229949654,1.9181653233224648e-05,200
Bernoulli(0.5),0.5,0.25,2800,0.7,Bardenet--Maillard EBS,As published,2.267270050806443,7.166744308790258e-06,200
Bernoulli(0.5),0.5,0.25,3200,0.8,Bardenet--Maillard EBS,As published,2.387316858030762,4.888377912224007e-06,200
Bernoulli(0.5),0.5,0.25,3600,0.9,Bardenet--Maillard EBS,As published,2.7020944792680406,2.2422059407544944e-06,200
Bernoulli(0.5),0.5,0.25,400,0.1,Shekhar--Ramdas AS-CI,As published,2.405535767640923,0.004123897278137608,200
Bernoulli(0.5),0.5,0.25,1200,0.3,Shekhar--Ramdas AS-CI,As published,2.3936984092567624,0.0021389713578673854,200
Bernoulli(0.5),0.5,0.25,2000,0.5,Shekhar--Ramdas AS-CI,As published,2.3738318669966456,0.0013169394500705813,200
Bernoulli(0.5),0.5,0.25,2800,0.7,Shekhar--Ramdas AS-CI,As published,2.329761419193015,0.0008637684511710397,200
Bernoulli(0.5),0.5,0.25,3200,0.8,Shekhar--Ramdas AS-CI,As published,2.2885068436372387,0.0006812074171372927,200
Bernoulli(0.5),0.5,0.25,3600,0.9,Shekhar--Ramdas AS-CI,As published,2.208855967477881,0.00042921359302577525,200
Bernoulli(0.5),0.5,0.25,400,0.1,Shekhar--Ramdas rate CI,As published,3.8029439386745527,0.0004531989938033784,200
Bernoulli(0.5),0.5,0.25,1200,0.3,Shekhar--Ramdas rate CI,As published,3.976517388337841,0.00013666677465307557,200
Bernoulli(0.5),0.5,0.25,2000,0.5,Shekhar--Ramdas rate CI,As published,4.008159656461061,5.280396803190815e-05,200
Bernoulli(0.5),0.5,0.25,2800,0.7,Shekhar--Ramdas rate CI,As published,4.011462631287437,1.9905551719788213e-05,200
Bernoulli(0.5),0.5,0.25,3200,0.8,Shekhar--Ramdas rate CI,As published,4.000470158914716,1.3636194072977376e-05,200
Bernoulli(0.5),0.5,0.25,3600,0.9,Shekhar--Ramdas rate CI,As published,3.9552961445304016,6.3155904715748304e-06,200
"Beta(50,50)",0.5,0.002474547035930437,400,0.1,Bridge-efficient betting,Deterministic Markov,1.4105882442672653,0.002269792034307708,200
"Beta(50,50)",0.5,0.002474547035930437,1200,0.3,Bridge-efficient betting,Deterministic Markov,1.1704177238181364,0.0018033357406464902,200
"Beta(50,50)",0.5,0.002474547035930437,2000,0.5,Bridge-efficient betting,Deterministic Markov,1.1295271404755736,0.001611574771074618,200
"Beta(50,50)",0.5,0.002474547035930437,2800,0.7,Bridge-efficient betting,Deterministic Markov,1.131871047773426,0.001517057415885625,200
"Beta(50,50)",0.5,0.002474547035930437,3200,0.8,Bridge-efficient betting,Deterministic Markov,1.151067523291118,0.0014462061987983174,200
"Beta(50,50)",0.5,0.002474547035930437,3600,0.9,Bridge-efficient betting,Deterministic Markov,1.2038435172237212,0.0016745815627795917,200
"Beta(50,50)",0.5,0.002474547035930437,400,0.1,Bridge-efficient betting,Uniformly randomized Markov,1.2358748109915392,0.010427851624741597,200
"Beta(50,50)",0.5,0.002474547035930437,1200,0.3,Bridge-efficient betting,Uniformly randomized Markov,1.0692056215756685,0.00627506473208468,200
"Beta(50,50)",0.5,0.002474547035930437,2000,0.5,Bridge-efficient betting,Uniformly randomized Markov,1.0464460344305846,0.004663171835190134,200
"Beta(50,50)",0.5,0.002474547035930437,2800,0.7,Bridge-efficient betting,Uniformly randomized Markov,1.0518926739413725,0.004916224212143982,200
"Beta(50,50)",0.5,0.002474547035930437,3200,0.8,Bridge-efficient betting,Uniformly randomized Markov,1.0657647513359239,0.004931487586390281,200
"Beta(50,50)",0.5,0.002474547035930437,3600,0.9,Bridge-efficient betting,Uniformly randomized Markov,1.0870172159914562,0.006637416158428107,200
"Beta(50,50)",0.5,0.002474547035930437,400,0.1,WSR running intersection,Deterministic Markov,1.384130543545976,0.0031085281194840123,200
"Beta(50,50)",0.5,0.002474547035930437,1200,0.3,WSR running intersection,Deterministic Markov,1.1830081364770757,0.00509683026612813,200
"Beta(50,50)",0.5,0.002474547035930437,2000,0.5,WSR running intersection,Deterministic Markov,1.2115165499697569,0.00421886098084006,200
"Beta(50,50)",0.5,0.002474547035930437,2800,0.7,WSR running intersection,Deterministic Markov,1.2707245302907446,0.0037936248257952566,200
"Beta(50,50)",0.5,0.002474547035930437,3200,0.8,WSR running intersection,Deterministic Markov,1.3413960891890202,0.0031578061627794388,200
"Beta(50,50)",0.5,0.002474547035930437,3600,0.9,WSR running intersection,Deterministic Markov,1.509337805955415,0.002567235087923702,200
"Beta(50,50)",0.5,0.002474547035930437,400,0.1,WSR running intersection,Uniformly randomized Markov,1.2293084448027494,0.010338317728947666,200
"Beta(50,50)",0.5,0.002474547035930437,1200,0.3,WSR running intersection,Uniformly randomized Markov,1.090255646791809,0.007511729395740412,200
"Beta(50,50)",0.5,0.002474547035930437,2000,0.5,WSR running intersection,Uniformly randomized Markov,1.118614977554441,0.006795624857142027,200
"Beta(50,50)",0.5,0.002474547035930437,2800,0.7,WSR running intersection,Uniformly randomized Markov,1.1729741688409363,0.006753094276875619,200
"Beta(50,50)",0.5,0.002474547035930437,3200,0.8,WSR running intersection,Uniformly randomized Markov,1.2366095781789872,0.0066285772377412625,200
"Beta(50,50)",0.5,0.002474547035930437,3600,0.9,WSR running intersection,Uniformly randomized Markov,1.367657133197102,0.007878055276114324,200
"Beta(50,50)",0.5,0.002474547035930437,400,0.1,Bardenet--Maillard EBS,As published,14.09765572227634,0.003273028057857353,200
"Beta(50,50)",0.5,0.002474547035930437,1200,0.3,Bardenet--Maillard EBS,As published,9.729514627588975,0.0018796616836506508,200
"Beta(50,50)",0.5,0.002474547035930437,2000,0.5,Bardenet--Maillard EBS,As published,9.036794328474645,0.0011941878867239575,200
"Beta(50,50)",0.5,0.002474547035930437,2800,0.7,Bardenet--Maillard EBS,As published,9.728893198691425,0.000799947010860646,200
"Beta(50,50)",0.5,0.002474547035930437,3200,0.8,Bardenet--Maillard EBS,As published,10.935853831595347,0.000574564035408989,200
"Beta(50,50)",0.5,0.002474547035930437,3600,0.9,Bardenet--Maillard EBS,As published,14.09888800914507,0.00041712768799705233,200
"Beta(50,50)",0.5,0.002474547035930437,400,0.1,Shekhar--Ramdas AS-CI,As published,24.13931945793138,0.0040313801341682765,200
"Beta(50,50)",0.5,0.002474547035930437,1200,0.3,Shekhar--Ramdas AS-CI,As published,24.066067967317966,0.001965701541869918,200
"Beta(50,50)",0.5,0.002474547035930437,2000,0.5,Shekhar--Ramdas AS-CI,As published,23.845613519961088,0.0014127231139707873,200
"Beta(50,50)",0.5,0.002474547035930437,2800,0.7,Shekhar--Ramdas AS-CI,As published,23.401181812373412,0.0008210461120382338,200
"Beta(50,50)",0.5,0.002474547035930437,3200,0.8,Shekhar--Ramdas AS-CI,As published,22.990790970468055,0.0006506752376619732,200
"Beta(50,50)",0.5,0.002474547035930437,3600,0.9,Shekhar--Ramdas AS-CI,As published,22.195193374805548,0.0004663399199489842,200
"Beta(20,80)",0.19999940298608823,0.0015836590846305262,400,0.1,Bridge-efficient betting,Deterministic Markov,1.8131560260448127,0.007340965887152666,200
"Beta(20,80)",0.19999940298608823,0.0015836590846305262,1200,0.3,Bridge-efficient betting,Deterministic Markov,1.3253309958734298,0.005167450425887316,200
"Beta(20,80)",0.19999940298608823,0.0015836590846305262,2000,0.5,Bridge-efficient betting,Deterministic Markov,1.2270061154806324,0.004659642377705451,200
"Beta(20,80)",0.19999940298608823,0.0015836590846305262,2800,0.7,Bridge-efficient betting,Deterministic Markov,1.2023128628274524,0.004106214712789736,200
"Beta(20,80)",0.19999940298608823,0.0015836590846305262,3200,0.8,Bridge-efficient betting,Deterministic Markov,1.2268330375776935,0.0043190736015903085,200
"Beta(20,80)",0.19999940298608823,0.0015836590846305262,3600,0.9,Bridge-efficient betting,Deterministic Markov,1.2968084666459236,0.005136415722221989,200
"Beta(20,80)",0.19999940298608823,0.0015836590846305262,400,0.1,Bridge-efficient betting,Uniformly randomized Markov,1.5174041354128252,0.015081473848753078,200
"Beta(20,80)",0.19999940298608823,0.0015836590846305262,1200,0.3,Bridge-efficient betting,Uniformly randomized Markov,1.1823491838640487,0.009969151888621585,200
"Beta(20,80)",0.19999940298608823,0.0015836590846305262,2000,0.5,Bridge-efficient betting,Uniformly randomized Markov,1.120847141364709,0.00792729996834743,200
"Beta(20,80)",0.19999940298608823,0.0015836590846305262,2800,0.7,Bridge-efficient betting,Uniformly randomized Markov,1.0925109421439216,0.0076195583449591665,200
"Beta(20,80)",0.19999940298608823,0.0015836590846305262,3200,0.8,Bridge-efficient betting,Uniformly randomized Markov,1.1062720169178994,0.008546822040895043,200
"Beta(20,80)",0.19999940298608823,0.0015836590846305262,3600,0.9,Bridge-efficient betting,Uniformly randomized Markov,1.156719926627223,0.009431067795540987,200
"Beta(20,80)",0.19999940298608823,0.0015836590846305262,400,0.1,WSR running intersection,Deterministic Markov,1.80506833307156,0.004069307143721922,200
"Beta(20,80)",0.19999940298608823,0.0015836590846305262,1200,0.3,WSR running intersection,Deterministic Markov,1.3638627867615267,0.0035995765018721963,200
"Beta(20,80)",0.19999940298608823,0.0015836590846305262,2000,0.5,WSR running intersection,Deterministic Markov,1.2791739990865971,0.002799075369425968,200
"Beta(20,80)",0.19999940298608823,0.0015836590846305262,2800,0.7,WSR running intersection,Deterministic Markov,1.297194982169455,0.0026742151776077473,200
"Beta(20,80)",0.19999940298608823,0.0015836590846305262,3200,0.8,WSR running intersection,Deterministic Markov,1.352389285284974,0.002742026501166616,200
"Beta(20,80)",0.19999940298608823,0.0015836590846305262,3600,0.9,WSR running intersection,Deterministic Markov,1.5012364399630362,0.002225149549383222,200
"Beta(20,80)",0.19999940298608823,0.0015836590846305262,400,0.1,WSR running intersection,Uniformly randomized Markov,1.5384039267621148,0.014557377754055335,200
"Beta(20,80)",0.19999940298608823,0.0015836590846305262,1200,0.3,WSR running intersection,Uniformly randomized Markov,1.2105030323052832,0.010466009652334556,200
"Beta(20,80)",0.19999940298608823,0.0015836590846305262,2000,0.5,WSR running intersection,Uniformly randomized Markov,1.1658960957151865,0.008224529693196753,200
"Beta(20,80)",0.19999940298608823,0.0015836590846305262,2800,0.7,WSR running intersection,Uniformly randomized Markov,1.1748695827035733,0.007103967209098242,200
"Beta(20,80)",0.19999940298608823,0.0015836590846305262,3200,0.8,WSR running intersection,Uniformly randomized Markov,1.2237679966518342,0.00730150356025246,200
"Beta(20,80)",0.19999940298608823,0.0015836590846305262,3600,0.9,WSR running intersection,Uniformly randomized Markov,1.3523439496911562,0.009201757089100576,200
"Beta(20,80)",0.19999940298608823,0.0015836590846305262,400,0.1,Bardenet--Maillard EBS,As published,17.259381795918035,0.0037325914404731236,200
"Beta(20,80)",0.19999940298608823,0.0015836590846305262,1200,0.3,Bardenet--Maillard EBS,As published,11.801556629589806,0.0018285120594690887,200
"Beta(20,80)",0.19999940298608823,0.0015836590846305262,2000,0.5,Bardenet--Maillard EBS,As published,10.93594865451361,0.0011004702697023957,200
"Beta(20,80)",0.19999940298608823,0.0015836590846305262,2800,0.7,Bardenet--Maillard EBS,As published,11.799780090909005,0.0007337877996849676,200
"Beta(20,80)",0.19999940298608823,0.0015836590846305262,3200,0.8,Bardenet--Maillard EBS,As published,13.307855409559993,0.0006115712460088155,200
"Beta(20,80)",0.19999940298608823,0.0015836590846305262,3600,0.9,Bardenet--Maillard EBS,As published,17.262776342861994,0.00040763271334445236,200
"Beta(20,80)",0.19999940298608823,0.0015836590846305262,400,0.1,Shekhar--Ramdas AS-CI,As published,19.48318744660824,0.006624125768734832,200
"Beta(20,80)",0.19999940298608823,0.0015836590846305262,1200,0.3,Shekhar--Ramdas AS-CI,As published,19.15385147498979,0.003303150283380304,200
"Beta(20,80)",0.19999940298608823,0.0015836590846305262,2000,0.5,Shekhar--Ramdas AS-CI,As published,18.82981682226254,0.0021363177617794047,200
"Beta(20,80)",0.19999940298608823,0.0015836590846305262,2800,0.7,Shekhar--Ramdas AS-CI,As published,18.323180287429828,0.0013580120949231026,200
"Beta(20,80)",0.19999940298608823,0.0015836590846305262,3200,0.8,Shekhar--Ramdas AS-CI,As published,17.88726628223457,0.0010727610547934733,200
"Beta(20,80)",0.19999940298608823,0.0015836590846305262,3600,0.9,Shekhar--Ramdas AS-CI,As published,17.051458983566995,0.0006840865755755705,200
"Uniform(0.45,0.55)",0.5,0.0008333332812500005,400,0.1,Bridge-efficient betting,Deterministic Markov,2.041612696307732,0.0012641179815617045,200
"Uniform(0.45,0.55)",0.5,0.0008333332812500005,1200,0.3,Bridge-efficient betting,Deterministic Markov,1.4211262963580318,0.0013944471113554908,200
"Uniform(0.45,0.55)",0.5,0.0008333332812500005,2000,0.5,Bridge-efficient betting,Deterministic Markov,1.299231081330645,0.0016059575255651611,200
"Uniform(0.45,0.55)",0.5,0.0008333332812500005,2800,0.7,Bridge-efficient betting,Deterministic Markov,1.279606895630162,0.0017732554135162434,200
"Uniform(0.45,0.55)",0.5,0.0008333332812500005,3200,0.8,Bridge-efficient betting,Deterministic Markov,1.3110104270350809,0.0017606271234684306,200
"Uniform(0.45,0.55)",0.5,0.0008333332812500005,3600,0.9,Bridge-efficient betting,Deterministic Markov,1.4050641846433125,0.0017709366845581212,200
"Uniform(0.45,0.55)",0.5,0.0008333332812500005,400,0.1,Bridge-efficient betting,Uniformly randomized Markov,1.7075754012122104,0.01838850376688771,200
"Uniform(0.45,0.55)",0.5,0.0008333332812500005,1200,0.3,Bridge-efficient betting,Uniformly randomized Markov,1.268875323223645,0.009043634004583332,200
"Uniform(0.45,0.55)",0.5,0.0008333332812500005,2000,0.5,Bridge-efficient betting,Uniformly randomized Markov,1.1686548505245378,0.007348431771396899,200
"Uniform(0.45,0.55)",0.5,0.0008333332812500005,2800,0.7,Bridge-efficient betting,Uniformly randomized Markov,1.1549976303458884,0.006350384542290822,200
"Uniform(0.45,0.55)",0.5,0.0008333332812500005,3200,0.8,Bridge-efficient betting,Uniformly randomized Markov,1.1792129091023333,0.008598016796801042,200
"Uniform(0.45,0.55)",0.5,0.0008333332812500005,3600,0.9,Bridge-efficient betting,Uniformly randomized Markov,1.2334677664677278,0.009077309037726695,200
"Uniform(0.45,0.55)",0.5,0.0008333332812500005,400,0.1,WSR running intersection,Deterministic Markov,2.0166077356520984,0.0014833061344049871,200
"Uniform(0.45,0.55)",0.5,0.0008333332812500005,1200,0.3,WSR running intersection,Deterministic Markov,1.3880521854921852,0.0028909649581791846,200
"Uniform(0.45,0.55)",0.5,0.0008333332812500005,2000,0.5,WSR running intersection,Deterministic Markov,1.2657403440290134,0.003638374860348055,200
"Uniform(0.45,0.55)",0.5,0.0008333332812500005,2800,0.7,WSR running intersection,Deterministic Markov,1.2690766917421532,0.003183179351684511,200
"Uniform(0.45,0.55)",0.5,0.0008333332812500005,3200,0.8,WSR running intersection,Deterministic Markov,1.3347128368345482,0.0032329527283013015,200
"Uniform(0.45,0.55)",0.5,0.0008333332812500005,3600,0.9,WSR running intersection,Deterministic Markov,1.4878250356084832,0.002194372241187204,200
"Uniform(0.45,0.55)",0.5,0.0008333332812500005,400,0.1,WSR running intersection,Uniformly randomized Markov,1.691449953634828,0.018189261304024085,200
"Uniform(0.45,0.55)",0.5,0.0008333332812500005,1200,0.3,WSR running intersection,Uniformly randomized Markov,1.2506330003445882,0.008959468631449167,200
"Uniform(0.45,0.55)",0.5,0.0008333332812500005,2000,0.5,WSR running intersection,Uniformly randomized Markov,1.156822711909526,0.007033987951864045,200
"Uniform(0.45,0.55)",0.5,0.0008333332812500005,2800,0.7,WSR running intersection,Uniformly randomized Markov,1.1695042005258918,0.005757937468902072,200
"Uniform(0.45,0.55)",0.5,0.0008333332812500005,3200,0.8,WSR running intersection,Uniformly randomized Markov,1.2250179167462405,0.007717802459656982,200
"Uniform(0.45,0.55)",0.5,0.0008333332812500005,3600,0.9,WSR running intersection,Uniformly randomized Markov,1.3493291314140796,0.007658880806193057,200
"Uniform(0.45,0.55)",0.5,0.0008333332812500005,400,0.1,Bardenet--Maillard EBS,As published,23.246724728045407,0.0022355218591765653,200
"Uniform(0.45,0.55)",0.5,0.0008333332812500005,1200,0.3,Bardenet--Maillard EBS,As published,15.719184623091719,0.001224792771682614,200
"Uniform(0.45,0.55)",0.5,0.0008333332812500005,2000,0.5,Bardenet--Maillard EBS,As published,14.527466508316213,0.0007539006260050953,200
"Uniform(0.45,0.55)",0.5,0.0008333332812500005,2800,0.7,Bardenet--Maillard EBS,As published,15.71985232252231,0.0004650266399928432,200
"Uniform(0.45,0.55)",0.5,0.0008333332812500005,3200,0.8,Bardenet--Maillard EBS,As published,17.799110704921738,0.0003362328049506745,200
"Uniform(0.45,0.55)",0.5,0.0008333332812500005,3600,0.9,Bardenet--Maillard EBS,As published,23.25153285953055,0.0002168182847547455,200
"Uniform(0.45,0.55)",0.5,0.0008333332812500005,400,0.1,Shekhar--Ramdas AS-CI,As published,41.593035210777515,0.0038908601475563724,200
"Uniform(0.45,0.55)",0.5,0.0008333332812500005,1200,0.3,Shekhar--Ramdas AS-CI,As published,41.4724417722925,0.0020545768568850536,200
"Uniform(0.45,0.55)",0.5,0.0008333332812500005,2000,0.5,Shekhar--Ramdas AS-CI,As published,41.09268103127085,0.0012803129328400461,200
"Uniform(0.45,0.55)",0.5,0.0008333332812500005,2800,0.7,Shekhar--Ramdas AS-CI,As published,40.324898750410455,0.0008317121585717489,200
"Uniform(0.45,0.55)",0.5,0.0008333332812500005,3200,0.8,Shekhar--Ramdas AS-CI,As published,39.61771058083129,0.0007186009059668469,200
"Uniform(0.45,0.55)",0.5,0.0008333332812500005,3600,0.9,Shekhar--Ramdas AS-CI,As published,38.247047688023024,0.0004932731574088966,200
