distribution,n,repetition,width_range,width_sd,scaled_midpoint_range,scaled_midpoint_sd
Bernoulli(0.5),50,0,0.005163252353668213,0.0022051119411316375,0.18221589361093754,0.061502610212053506
Bernoulli(0.5),50,1,0.03423423878848553,0.011185843488347143,0.1968714822420066,0.0659293698642224
Bernoulli(0.5),50,2,0.004756303504109383,0.0019078520560785938,0.13470320139994252,0.04598663413257455
Bernoulli(0.5),50,3,0.016653274185955524,0.0057210821543268705,0.20175458318325337,0.0692332894318356
Bernoulli(0.5),50,4,0.0076271649450063705,0.002688568686602372,0.11734715881765923,0.04048790677999663
Bernoulli(0.5),50,5,0.026239417493343353,0.009189591754119516,0.1272616649233505,0.04831016120386936
Bernoulli(0.5),50,6,0.0028099138289690018,0.0009080195705619333,0.09420164731690238,0.03414830519201686
Bernoulli(0.5),50,7,0.005775465629994869,0.002230693119931254,0.14352875806356885,0.052343081023857624
Bernoulli(0.5),50,8,0.0070008691400289536,0.0020769565673545484,0.14640990016416086,0.047483198331993735
Bernoulli(0.5),50,9,0.06870737113058567,0.02302156435805163,0.11975127103300381,0.04783373011860732
Bernoulli(0.5),200,0,0.002688370645046234,0.0009709757022971367,0.08413182019628083,0.031924460805006855
Bernoulli(0.5),200,1,0.0011907918378710747,0.0004141167468181095,0.08800910635415038,0.03829674852427095
Bernoulli(0.5),200,2,0.00605599582195282,0.00186574485880564,0.10292463238068782,0.03110472873832357
Bernoulli(0.5),200,3,0.002772068604826927,0.0008607171627050671,0.06121854770898662,0.021356641001707654
Bernoulli(0.5),200,4,0.0032393410801887512,0.0011531058842285816,0.07367498293193055,0.02613786872161793
Bernoulli(0.5),200,5,0.0009794263169169426,0.00032796990781313673,0.06421212640614907,0.025008563220317987
Bernoulli(0.5),200,6,0.002968895249068737,0.001132614216974243,0.07605099176039695,0.026497924433322266
Bernoulli(0.5),200,7,0.0013999463990330696,0.00048406086148180036,0.08511328858919796,0.0273299326956977
Bernoulli(0.5),200,8,0.0034321649000048637,0.001113033883237874,0.06069683557887255,0.019352987751577268
Bernoulli(0.5),200,9,0.0032201427966356277,0.0011431243030781456,0.052020999009136135,0.019976709282591803
Bernoulli(0.5),1000,0,0.00037470273673534393,0.00013260249863757494,0.023082696950058733,0.009082670781599767
Bernoulli(0.5),1000,1,0.0002258792519569397,7.530846370330071e-05,0.02629033851267713,0.01021744813578031
Bernoulli(0.5),1000,2,0.00016449112445116043,5.919820304646183e-05,0.02681456641451396,0.009407643960578834
Bernoulli(0.5),1000,3,0.00026630982756614685,8.709454595517106e-05,0.033653281374506884,0.009889747257969449
Bernoulli(0.5),1000,4,5.720648914575577e-05,2.3324270914744443e-05,0.018824405483840446,0.0066802642392613035
Bernoulli(0.5),1000,5,0.0005805855616927147,0.00021232961496493898,0.03975379215059581,0.011602988316276847
Bernoulli(0.5),1000,6,0.00019025709480047226,6.988902376100032e-05,0.022054680144355562,0.007979016122320246
Bernoulli(0.5),1000,7,0.0005451282486319542,0.00019727745094358614,0.02585468451054672,0.00857506394760022
Bernoulli(0.5),1000,8,0.0004478665068745613,0.0001337340305512637,0.03986159755703815,0.0136127722129672
Bernoulli(0.5),1000,9,0.0010000383481383324,0.00030801641879989823,0.027398771289501953,0.008768101583227729
Bernoulli(0.5),5000,0,5.73229044675827e-05,2.0686464765935557e-05,0.009860156427447461,0.003649072268610008
Bernoulli(0.5),5000,1,3.139302134513855e-05,9.899360060411761e-06,0.015556270076469392,0.005239120478203097
Bernoulli(0.5),5000,2,3.5682693123817444e-05,1.194579711229985e-05,0.01095432812746075,0.004170677430592409
Bernoulli(0.5),5000,3,4.9734488129615784e-05,1.61652810202827e-05,0.012436086197647267,0.004192828476401915
Bernoulli(0.5),5000,4,3.372691571712494e-05,1.0805627371961482e-05,0.012667498737752395,0.004401295976559777
Bernoulli(0.5),5000,5,2.3434869945049286e-05,7.871234114034333e-06,0.01572673432236072,0.005329081473332687
Bernoulli(0.5),5000,6,1.5956349670886993e-05,5.103724706000686e-06,0.011132135144616084,0.004494031212897519
Bernoulli(0.5),5000,7,1.713726669549942e-05,6.419576443271111e-06,0.011987584460485635,0.004490736332459193
Bernoulli(0.5),5000,8,0.0001070164144039154,3.693769885360835e-05,0.009039247771021603,0.003383640696100148
Bernoulli(0.5),5000,9,4.430394619703293e-05,1.3838178153665287e-05,0.011051562224064398,0.003936742195380193
"Beta(1,5)",50,0,0.023630496114492416,0.008882956516990595,0.09688919050303763,0.036901322622525656
"Beta(1,5)",50,1,0.02471480891108513,0.007189402563911791,0.0813228611592088,0.026236021917026425
"Beta(1,5)",50,2,0.03034959454089403,0.008828236761384965,0.07571267110486593,0.02685739635020048
"Beta(1,5)",50,3,0.009390226565301418,0.0035508211289097947,0.042310068767197534,0.014155036221454717
"Beta(1,5)",50,4,0.02567871008068323,0.008445326647296055,0.0823330355072289,0.03302902137757817
"Beta(1,5)",50,5,0.017919421195983887,0.00598381909208178,0.06518148416556438,0.025117231568410444
"Beta(1,5)",50,6,0.0360515471547842,0.012633903799976372,0.12314137584203534,0.04531658490000374
"Beta(1,5)",50,7,0.02514971699565649,0.008243585758773478,0.09150054140662521,0.03365810200560309
"Beta(1,5)",50,8,0.008757384493947029,0.003505922699896418,0.06134027307584214,0.019729010308909802
"Beta(1,5)",50,9,0.03534725122153759,0.012860277767108038,0.14020954557082163,0.048325682068511254
"Beta(1,5)",200,0,0.012453263625502586,0.0036415313734884237,0.06655640656022087,0.021386371346076422
"Beta(1,5)",200,1,0.012371795251965523,0.0040555690299426675,0.0642333315393061,0.022768926569926663
"Beta(1,5)",200,2,0.006078110076487064,0.0024490586806592326,0.0664752080223866,0.02444719716416654
"Beta(1,5)",200,3,0.009189832955598831,0.0035250238804188545,0.06255676941821323,0.0252978210211235
"Beta(1,5)",200,4,0.009390576742589474,0.0034670491227377104,0.044927276107157715,0.017508980661279948
"Beta(1,5)",200,5,0.008618742227554321,0.002938619030646664,0.08488053920374163,0.027044888159086546
"Beta(1,5)",200,6,0.009939652867615223,0.0033876528698572766,0.08625705527610743,0.029860383094840754
"Beta(1,5)",200,7,0.007793286815285683,0.0026987767428444977,0.06539487234248602,0.02212674574099648
"Beta(1,5)",200,8,0.007126472890377045,0.0026669748281188442,0.066624559331352,0.02236009140501804
"Beta(1,5)",200,9,0.009458241052925587,0.0029928889119202754,0.06514147758670444,0.023960858768389347
"Beta(1,5)",1000,0,0.0021659648045897484,0.0007837647700825685,0.023470286910852192,0.007786521593179606
"Beta(1,5)",1000,1,0.00202125683426857,0.0007176541737720343,0.03524504933172469,0.011866122108188801
"Beta(1,5)",1000,2,0.0014824848622083664,0.000568974801013909,0.04615698563798407,0.01604382058698991
"Beta(1,5)",1000,3,0.0016795545816421509,0.00048161717721460057,0.019485433307252116,0.007320889430735205
"Beta(1,5)",1000,4,0.0026674605906009674,0.0008552977615764463,0.017738252392843688,0.005890462867130133
"Beta(1,5)",1000,5,0.0022315531969070435,0.0008674929185293349,0.03947150426075839,0.012347062048356302
"Beta(1,5)",1000,6,0.002039572224020958,0.0007008864104865666,0.04207575361816146,0.01260829726324609
"Beta(1,5)",1000,7,0.0013544950634241104,0.000392536894818274,0.028136342276782942,0.010080061751978724
"Beta(1,5)",1000,8,0.002137986943125725,0.0007282686215289871,0.01898142352084286,0.007105828006668575
"Beta(1,5)",1000,9,0.0014967136085033417,0.0004689499348098796,0.031854089983994874,0.01319281579091713
"Beta(1,5)",5000,0,0.000450940802693367,0.0001454119653106643,0.014388967008844622,0.004982583930462734
"Beta(1,5)",5000,1,0.00035085901618003845,0.000124700543679563,0.02565363423569223,0.009855454925371987
"Beta(1,5)",5000,2,0.0003443146124482155,0.00010966512173970701,0.021709545322932924,0.006291424031639021
"Beta(1,5)",5000,3,0.0003642421215772629,0.00012082940038039078,0.019960582818632416,0.007336228201270298
"Beta(1,5)",5000,4,0.00034790486097335815,0.00013972530444378344,0.027728082363063192,0.008343078735355842
"Beta(1,5)",5000,5,0.00027067307382822037,9.02272601973477e-05,0.026688010094380685,0.007823153502461924
"Beta(1,5)",5000,6,0.00031644850969314575,0.00011497491070771071,0.016613332793457853,0.005614316940437165
"Beta(1,5)",5000,7,0.0004263315349817276,0.00014421065397508527,0.016126240348128436,0.005173633162435155
"Beta(1,5)",5000,8,0.00044651981443166733,0.00018887154214284737,0.01499874629601122,0.004560710463860887
"Beta(1,5)",5000,9,0.0004255184903740883,0.0001329585476513536,0.01123592175907416,0.004237350521831104
"Uniform(0.45,0.55)",50,0,8.246488869190216e-05,2.602624742447239e-05,0.009072003774848663,0.003483088789482815
"Uniform(0.45,0.55)",50,1,0.00012946873903274536,4.36257680916223e-05,0.005585837078437683,0.001666886576196362
"Uniform(0.45,0.55)",50,2,7.991865277290344e-05,2.7018159328964066e-05,0.007090871404258849,0.002390840221112082
"Uniform(0.45,0.55)",50,3,0.00011316873133182526,3.2452199952136303e-05,0.010814667300930315,0.0033944815258951425
"Uniform(0.45,0.55)",50,4,5.453452467918396e-05,1.8242216342109482e-05,0.008293765509817546,0.0025048156345977165
"Uniform(0.45,0.55)",50,5,0.00021011289209127426,8.45755694368218e-05,0.007467226297848434,0.0026343840623710207
"Uniform(0.45,0.55)",50,6,8.373986929655075e-05,3.540411219776446e-05,0.010939451607025419,0.003863190434967474
"Uniform(0.45,0.55)",50,7,0.00012529827654361725,3.980103867668078e-05,0.009440689917642783,0.003591227315635
"Uniform(0.45,0.55)",50,8,0.0002562766894698143,8.510213949463237e-05,0.007826610499467299,0.0028633883829696353
"Uniform(0.45,0.55)",50,9,3.186054527759552e-05,8.910461579519614e-06,0.007425784091961082,0.0024316235987166027
"Uniform(0.45,0.55)",200,0,0.00010964740067720413,3.3645865298430294e-05,0.00849810857792204,0.002896696835912127
"Uniform(0.45,0.55)",200,1,0.00014879275113344193,4.550316252721764e-05,0.009978648340768793,0.0034034067471440874
"Uniform(0.45,0.55)",200,2,8.196663111448288e-05,2.998368605729337e-05,0.011900887076009711,0.004236320131473143
"Uniform(0.45,0.55)",200,3,4.415493458509445e-05,1.4091933216795366e-05,0.011310962905758792,0.0035420965562791367
"Uniform(0.45,0.55)",200,4,0.00020835082978010178,7.581635256298715e-05,0.014507202089807839,0.005553502451387474
"Uniform(0.45,0.55)",200,5,5.146395415067673e-05,2.0980355654338583e-05,0.011207097265959757,0.003404773323217037
"Uniform(0.45,0.55)",200,6,6.287172436714172e-05,1.877072393355804e-05,0.01588211789901924,0.005386403620742446
"Uniform(0.45,0.55)",200,7,9.407475590705872e-05,3.60930268189064e-05,0.013849605885916615,0.004437898680275659
"Uniform(0.45,0.55)",200,8,7.38929957151413e-05,2.8946535666562397e-05,0.011322171333284656,0.003690113754588084
"Uniform(0.45,0.55)",200,9,4.397798329591751e-05,1.524296432152869e-05,0.015712792935126722,0.004414655260101452
"Uniform(0.45,0.55)",1000,0,0.00015779677778482437,4.913900055805833e-05,0.018181931794033115,0.005781314795996894
"Uniform(0.45,0.55)",1000,1,0.00014300644397735596,4.801452097377531e-05,0.010389460739262953,0.0032518794942183304
"Uniform(0.45,0.55)",1000,2,0.0001515476033091545,5.0991155964111e-05,0.015312049090527958,0.00465463295790755
"Uniform(0.45,0.55)",1000,3,0.00028631091117858887,0.00011275737246514232,0.0060858147242340635,0.0023206107842387103
"Uniform(0.45,0.55)",1000,4,0.000211324542760849,7.910547027348969e-05,0.013316478393867182,0.00461011072763654
"Uniform(0.45,0.55)",1000,5,8.326210081577301e-05,2.546360832166378e-05,0.009727637738696816,0.003425168775629201
"Uniform(0.45,0.55)",1000,6,0.0001220768317580223,4.4728597932677596e-05,0.00888991860646099,0.0028971309651736363
"Uniform(0.45,0.55)",1000,7,0.0002565281465649605,7.374222232623407e-05,0.011602032272317837,0.0044130567237428255
"Uniform(0.45,0.55)",1000,8,0.00026560574769973755,7.810046482714082e-05,0.01610806559866261,0.004963304785867421
"Uniform(0.45,0.55)",1000,9,0.00019615981727838516,5.890560784308569e-05,0.014908275802090712,0.004689741712700677
"Uniform(0.45,0.55)",5000,0,5.4652802646160126e-05,1.822716229498991e-05,0.014237370063107,0.004690344791126125
"Uniform(0.45,0.55)",5000,1,8.11433419585228e-05,2.9678820259721348e-05,0.011946458355962114,0.004066938751371271
"Uniform(0.45,0.55)",5000,2,0.0001004096120595932,2.973024384733827e-05,0.014439642008733891,0.005960544654258833
"Uniform(0.45,0.55)",5000,3,7.458776235580444e-05,2.24110007461081e-05,0.0037508390268917746,0.00119533531363137
"Uniform(0.45,0.55)",5000,4,4.312396049499512e-05,1.292578221632208e-05,0.014751001852108122,0.004765425733386625
"Uniform(0.45,0.55)",5000,5,7.529929280281067e-05,2.714234518271709e-05,0.02109387206241988,0.005925794139269628
"Uniform(0.45,0.55)",5000,6,7.399357855319977e-05,2.3768980042158504e-05,0.0070033574245930265,0.002215348314776808
"Uniform(0.45,0.55)",5000,7,6.625428795814514e-05,2.6957942842753086e-05,0.010494795769790408,0.003640783802382442
"Uniform(0.45,0.55)",5000,8,6.901752203702927e-05,2.919923986690925e-05,0.015107669557631563,0.005619516462005012
"Uniform(0.45,0.55)",5000,9,8.477549999952316e-05,2.564883651948464e-05,0.013967432669284883,0.004374600302158052
