distribution,n,repetition,order_index,width,scaled_midpoint
"Beta(1,5)",50,0,0,0.1523757530376315,0.11515486135800831
"Beta(1,5)",50,0,1,0.16745033394545317,0.06609064157892855
"Beta(1,5)",50,0,2,0.15152823273092508,0.07716452846181357
"Beta(1,5)",50,0,3,0.14381983783096075,0.16297983208196617
"Beta(1,5)",50,0,4,0.16614635568112135,0.07198614274863241
"Beta(1,5)",50,0,5,0.14670751336961985,0.146115435780285
"Beta(1,5)",50,0,6,0.16075125709176064,0.09405511178585468
"Beta(1,5)",50,0,7,0.16133236791938543,0.07310574085209891
"Beta(1,5)",50,1,0,0.14726012479513884,0.12951797668122714
"Beta(1,5)",50,1,1,0.14069425035268068,0.16342822463831908
"Beta(1,5)",50,1,2,0.14536445308476686,0.13858249280502005
"Beta(1,5)",50,1,3,0.15552778542041779,0.08210536347911028
"Beta(1,5)",50,1,4,0.13081297650933266,0.15851445857205806
"Beta(1,5)",50,1,5,0.14858853071928024,0.13845176842746293
"Beta(1,5)",50,1,6,0.14233253058046103,0.13215110104194525
"Beta(1,5)",50,1,7,0.14752612076699734,0.10855444704054974
"Beta(1,5)",50,2,0,0.1551912957802415,0.22223184344063274
"Beta(1,5)",50,2,1,0.14620512258261442,0.2705123162298721
"Beta(1,5)",50,2,2,0.1433197120204568,0.234009115127049
"Beta(1,5)",50,2,3,0.14747502375394106,0.25037656057211627
"Beta(1,5)",50,2,4,0.1510829385370016,0.24491537938359464
"Beta(1,5)",50,2,5,0.16344882268458605,0.20284860659214876
"Beta(1,5)",50,2,6,0.14916076231747866,0.19479964512500617
"Beta(1,5)",50,2,7,0.13309922814369202,0.2602897594669592
"Beta(1,5)",50,3,0,0.12087208591401577,0.11201136314099056
"Beta(1,5)",50,3,1,0.11412697657942772,0.1425099290782469
"Beta(1,5)",50,3,2,0.11251804418861866,0.1543214319081881
"Beta(1,5)",50,3,3,0.12190827075392008,0.1341127259825605
"Beta(1,5)",50,3,4,0.12056674808263779,0.1187645197506657
"Beta(1,5)",50,3,5,0.11719184275716543,0.1418533437401754
"Beta(1,5)",50,3,6,0.11550107598304749,0.13482530736014572
"Beta(1,5)",50,3,7,0.12050571944564581,0.12144358746898322
"Beta(1,5)",50,4,0,0.1536356220021844,0.12373041535399534
"Beta(1,5)",50,4,1,0.13566267024725676,0.17534540191762488
"Beta(1,5)",50,4,2,0.14058845955878496,0.12819688811226684
"Beta(1,5)",50,4,3,0.13747061137109995,0.18837190619390407
"Beta(1,5)",50,4,4,0.14215763751417398,0.18635710244262108
"Beta(1,5)",50,4,5,0.145748695358634,0.14712291397247113
"Beta(1,5)",50,4,6,0.12795691192150116,0.1942628930410057
"Beta(1,5)",50,4,7,0.15149359311908484,0.1119298575337768
"Beta(1,5)",50,5,0,0.13670629914849997,0.0692201798060767
"Beta(1,5)",50,5,1,0.1348968083038926,0.08189006906039308
"Beta(1,5)",50,5,2,0.12747428566217422,0.11104729508017751
"Beta(1,5)",50,5,3,0.14433593302965164,0.05287961285510275
"Beta(1,5)",50,5,4,0.12641651183366776,0.11806109702066714
"Beta(1,5)",50,5,5,0.13785039354115725,0.05442750525750343
"Beta(1,5)",50,5,6,0.13292186427861452,0.10468887334130973
"Beta(1,5)",50,5,7,0.13922004774212837,0.078459496691346
"Beta(1,5)",50,6,0,0.17047156020998955,0.027209539966361256
"Beta(1,5)",50,6,1,0.13677447754889727,0.14287037374059677
"Beta(1,5)",50,6,2,0.1415900867432356,0.1503509158083966
"Beta(1,5)",50,6,3,0.17282602470368147,0.043529527401460745
"Beta(1,5)",50,6,4,0.1498085856437683,0.11412068798957743
"Beta(1,5)",50,6,5,0.15892762411385775,0.08448817064204664
"Beta(1,5)",50,6,6,0.1549966735765338,0.13120995419167694
"Beta(1,5)",50,6,7,0.15247691608965397,0.1101259767604895
"Beta(1,5)",50,7,0,0.09483653958886862,-0.022476146211800024
"Beta(1,5)",50,7,1,0.0698257489129901,0.06711527137346074
"Beta(1,5)",50,7,2,0.08753960486501455,0.019762016080570894
"Beta(1,5)",50,7,3,0.08029292896389961,0.04620848851303622
"Beta(1,5)",50,7,4,0.08931611943989992,-0.01710720405978899
"Beta(1,5)",50,7,5,0.08878258522599936,-0.007276036761582927
"Beta(1,5)",50,7,6,0.09497546590864658,-0.024385270033164468
"Beta(1,5)",50,7,7,0.08448534179478884,0.007896492844639853
"Beta(1,5)",50,8,0,0.15557681396603584,0.07156728108001259
"Beta(1,5)",50,8,1,0.14875276573002338,0.13290755415585473
"Beta(1,5)",50,8,2,0.15711046662181616,0.1028249018807825
"Beta(1,5)",50,8,3,0.1575101502239704,0.0787668386698689
"Beta(1,5)",50,8,4,0.15103289391845465,0.10603041995694903
"Beta(1,5)",50,8,5,0.14880914054811,0.11543462321612703
"Beta(1,5)",50,8,6,0.15473781060427427,0.11067258580450526
"Beta(1,5)",50,8,7,0.1541796186938882,0.10877217781970397
"Beta(1,5)",50,9,0,0.13733275886625051,0.13197262269558976
"Beta(1,5)",50,9,1,0.15995924454182386,0.0507864852544058
"Beta(1,5)",50,9,2,0.13505717739462852,0.1127486120309684
"Beta(1,5)",50,9,3,0.15097918640822172,0.052692708187212584
"Beta(1,5)",50,9,4,0.15401948802173138,0.06397967043837795
"Beta(1,5)",50,9,5,0.139111147262156,0.10730774694051803
"Beta(1,5)",50,9,6,0.16163029614835978,0.03286794358790652
"Beta(1,5)",50,9,7,0.12628304492682219,0.17307748915872814
"Beta(1,5)",200,0,0,0.05187252722680569,0.03640610782663292
"Beta(1,5)",200,0,1,0.046062691137194633,0.061387480072241145
"Beta(1,5)",200,0,2,0.05131432227790356,0.0482271529664948
"Beta(1,5)",200,0,3,0.05440417863428593,-0.00516892648797972
"Beta(1,5)",200,0,4,0.05254280474036932,0.03886480350352164
"Beta(1,5)",200,0,5,0.05851595476269722,0.0074834388969792325
"Beta(1,5)",200,0,6,0.05455481633543968,0.03669181077597614
"Beta(1,5)",200,0,7,0.05536917224526405,0.03399937789686911
"Beta(1,5)",200,1,0,0.055809590965509415,0.04509232368627095
"Beta(1,5)",200,1,1,0.05591003317385912,0.018236305717013714
"Beta(1,5)",200,1,2,0.0631766552105546,-0.019141007853035154
"Beta(1,5)",200,1,3,0.059936282224953175,0.01943423768970476
"Beta(1,5)",200,1,4,0.06494688708335161,-0.010525520302010273
"Beta(1,5)",200,1,5,0.05257509183138609,0.025071931855423543
"Beta(1,5)",200,1,6,0.05771051812916994,0.04053758620759451
"Beta(1,5)",200,1,7,0.058680339716374874,0.030022527023293475
"Beta(1,5)",200,2,0,0.05301630590111017,0.06007254828390573
"Beta(1,5)",200,2,1,0.0568150132894516,0.06255176420766319
"Beta(1,5)",200,2,2,0.053778642788529396,0.06111817866823561
"Beta(1,5)",200,2,3,0.05473150685429573,0.023001438153733584
"Beta(1,5)",200,2,4,0.05733294598758221,0.02043498483900365
"Beta(1,5)",200,2,5,0.05180335883051157,0.020052271698189492
"Beta(1,5)",200,2,6,0.05125830974429846,0.039491280681054515
"Beta(1,5)",200,2,7,0.05733641982078552,-0.0039234438147234055
"Beta(1,5)",200,3,0,0.056828937493264675,0.017819461153324587
"Beta(1,5)",200,3,1,0.05066736042499542,0.034459043530870634
"Beta(1,5)",200,3,2,0.0556987002491951,0.06974376607235361
"Beta(1,5)",200,3,3,0.04938895255327225,0.06839355226763665
"Beta(1,5)",200,3,4,0.05471501871943474,0.06171509436150197
"Beta(1,5)",200,3,5,0.05857878550887108,0.018325638218495345
"Beta(1,5)",200,3,6,0.05206533335149288,0.08037623057153781
"Beta(1,5)",200,3,7,0.04939313232898712,0.07180466793919538
"Beta(1,5)",200,4,0,0.04969423823058605,0.03637169090513531
"Beta(1,5)",200,4,1,0.05244291853159666,0.06989523494169471
"Beta(1,5)",200,4,2,0.057248455472290516,0.04651255851455549
"Beta(1,5)",200,4,3,0.05673534516245127,0.028199660640340917
"Beta(1,5)",200,4,4,0.05411008186638355,0.02759125112575092
"Beta(1,5)",200,4,5,0.053996218368411064,0.07251852723290864
"Beta(1,5)",200,4,6,0.04850618541240692,0.058596632916350755
"Beta(1,5)",200,4,7,0.057896762154996395,0.04531178162958996
"Beta(1,5)",200,5,0,0.05717883910983801,0.05143588013518262
"Beta(1,5)",200,5,1,0.06020437553524971,0.017935516865304212
"Beta(1,5)",200,5,2,0.05158563330769539,0.09418874105865759
"Beta(1,5)",200,5,3,0.05326431896537542,0.05057957471145269
"Beta(1,5)",200,5,4,0.053426265716552734,0.009308201854915961
"Beta(1,5)",200,5,5,0.056082796305418015,0.03812778222729003
"Beta(1,5)",200,5,6,0.05878949072211981,0.057813317346718386
"Beta(1,5)",200,5,7,0.05519780796021223,0.06734862035382305
"Beta(1,5)",200,6,0,0.058607885614037514,0.0681346613933511
"Beta(1,5)",200,6,1,0.05632870737463236,0.02898953118973818
"Beta(1,5)",200,6,2,0.05625039245933294,-0.015090145452085134
"Beta(1,5)",200,6,3,0.06049457471817732,0.0711669098240223
"Beta(1,5)",200,6,4,0.06619004532694817,0.0020858082563226755
"Beta(1,5)",200,6,5,0.06137153506278992,0.0194807082572995
"Beta(1,5)",200,6,6,0.06091372296214104,0.0433352449952985
"Beta(1,5)",200,6,7,0.05671291332691908,0.030853251659999754
"Beta(1,5)",200,7,0,0.052786801010370255,-0.015949611138806306
"Beta(1,5)",200,7,1,0.05066127609461546,0.016723106564329574
"Beta(1,5)",200,7,2,0.05324653256684542,-0.011749671099250637
"Beta(1,5)",200,7,3,0.05369708873331547,-0.001763548278316241
"Beta(1,5)",200,7,4,0.05215722415596247,0.03148344657756089
"Beta(1,5)",200,7,5,0.04937093425542116,0.020368729935180952
"Beta(1,5)",200,7,6,0.04595531988888979,0.049445261203679716
"Beta(1,5)",200,7,7,0.05374860670417547,0.007710411307869835
"Beta(1,5)",200,8,0,0.056406477466225624,0.026973918404447884
"Beta(1,5)",200,8,1,0.053665860556066036,0.04386149547281006
"Beta(1,5)",200,8,2,0.05823645647615194,0.009862923526307488
"Beta(1,5)",200,8,3,0.05350091680884361,0.031927674585956134
"Beta(1,5)",200,8,4,0.05677515268325806,-0.007237376589023266
"Beta(1,5)",200,8,5,0.05966880265623331,0.028766878267326716
"Beta(1,5)",200,8,6,0.052542329765856266,0.05938718274232873
"Beta(1,5)",200,8,7,0.058680432848632336,-0.0001511940216612528
"Beta(1,5)",200,9,0,0.046425155363976955,0.0465490583593099
"Beta(1,5)",200,9,1,0.045954286120831966,0.058454318170852615
"Beta(1,5)",200,9,2,0.04814235493540764,0.02359698442960534
"Beta(1,5)",200,9,3,0.04890826344490051,0.005564797737363479
"Beta(1,5)",200,9,4,0.039450022391974926,0.06634858094762498
"Beta(1,5)",200,9,5,0.045992689207196236,0.04765991099171039
"Beta(1,5)",200,9,6,0.048620665445923805,0.0012071033609205484
"Beta(1,5)",200,9,7,0.04636314790695906,0.027576799381922708
"Beta(1,5)",1000,0,0,0.024760138243436813,0.014159506081306747
"Beta(1,5)",1000,0,1,0.024519963189959526,0.006974785980598656
"Beta(1,5)",1000,0,2,0.02343963459134102,0.01746844437810311
"Beta(1,5)",1000,0,3,0.024944919161498547,0.02007937911380488
"Beta(1,5)",1000,0,4,0.023347705602645874,-0.0007671471483539766
"Beta(1,5)",1000,0,5,0.024385538883507252,0.022703139762498215
"Beta(1,5)",1000,0,6,0.023566266521811485,0.009119408217214275
"Beta(1,5)",1000,0,7,0.022778954356908798,0.017375408651029933
"Beta(1,5)",1000,1,0,0.023050145246088505,0.001532795471831344
"Beta(1,5)",1000,1,1,0.02292054146528244,0.02688909533806156
"Beta(1,5)",1000,1,2,0.024063865654170513,0.018429397023175427
"Beta(1,5)",1000,1,3,0.024310373701155186,0.013537172658808948
"Beta(1,5)",1000,1,4,0.02355220727622509,-0.008355953993663134
"Beta(1,5)",1000,1,5,0.02238437347114086,0.018598342717494918
"Beta(1,5)",1000,1,6,0.023341910913586617,0.025076238680894924
"Beta(1,5)",1000,1,7,0.02440563030540943,0.014925920108087872
"Beta(1,5)",1000,2,0,0.023899439722299576,0.004043344218110518
"Beta(1,5)",1000,2,1,0.023340076208114624,0.0006519725563005993
"Beta(1,5)",1000,2,2,0.024731731973588467,0.03511246182111618
"Beta(1,5)",1000,2,3,0.0232492471113801,0.011753808947450081
"Beta(1,5)",1000,2,4,0.024617038667201996,0.020708254707446153
"Beta(1,5)",1000,2,5,0.0233256658539176,-0.010127228067173462
"Beta(1,5)",1000,2,6,0.02385923732072115,0.019658488334017902
"Beta(1,5)",1000,2,7,0.023804860189557076,-0.011044523816867892
"Beta(1,5)",1000,3,0,0.023438437841832638,0.0138632417867331
"Beta(1,5)",1000,3,1,0.02341339271515608,0.02750512434281349
"Beta(1,5)",1000,3,2,0.02267992217093706,0.028270379275472383
"Beta(1,5)",1000,3,3,0.023253433406352997,0.03233896208833775
"Beta(1,5)",1000,3,4,0.02307986468076706,0.012853528781085638
"Beta(1,5)",1000,3,5,0.023628766648471355,0.02724153784160902
"Beta(1,5)",1000,3,6,0.02349721174687147,0.023303850023671392
"Beta(1,5)",1000,3,7,0.024359476752579212,0.03022401173998621
"Beta(1,5)",1000,4,0,0.022611862048506737,0.024454008225286688
"Beta(1,5)",1000,4,1,0.02245478704571724,0.023778932272146024
"Beta(1,5)",1000,4,2,0.023131776601076126,0.032702321946609124
"Beta(1,5)",1000,4,3,0.024263674393296242,0.014964069553765436
"Beta(1,5)",1000,4,4,0.022871749475598335,0.03134893042969846
"Beta(1,5)",1000,4,5,0.02297118678689003,0.03103451149261925
"Beta(1,5)",1000,4,6,0.021596213802695274,0.02658210844769273
"Beta(1,5)",1000,4,7,0.02165107987821102,0.022170259437644262
"Beta(1,5)",1000,5,0,0.02349667064845562,0.031713309825948235
"Beta(1,5)",1000,5,1,0.02431091107428074,-0.007758194434810158
"Beta(1,5)",1000,5,2,0.024147430434823036,0.014073217635173213
"Beta(1,5)",1000,5,3,0.024868839420378208,0.007793217704716611
"Beta(1,5)",1000,5,4,0.02557120192795992,-0.0038253218563079417
"Beta(1,5)",1000,5,5,0.023861908353865147,0.010961527449194387
"Beta(1,5)",1000,5,6,0.025728223845362663,0.01768349862250859
"Beta(1,5)",1000,5,7,0.023535320535302162,0.007100986540743365
"Beta(1,5)",1000,6,0,0.02178708929568529,0.003051751337544952
"Beta(1,5)",1000,6,1,0.020188776776194572,0.014585368923572511
"Beta(1,5)",1000,6,2,0.020716018043458462,-0.00022346555770067145
"Beta(1,5)",1000,6,3,0.02127901930361986,-0.00798792870603
"Beta(1,5)",1000,6,4,0.02222834900021553,-0.007753866838060999
"Beta(1,5)",1000,6,5,0.02099000010639429,0.007015532746551536
"Beta(1,5)",1000,6,6,0.021994070149958134,-0.02749038469458895
"Beta(1,5)",1000,6,7,0.02085026539862156,-0.006439556805742333
"Beta(1,5)",1000,7,0,0.022847666405141354,-0.004950898150117217
"Beta(1,5)",1000,7,1,0.02319376915693283,0.005639403722661258
"Beta(1,5)",1000,7,2,0.023711630143225193,0.023185444126665726
"Beta(1,5)",1000,7,3,0.023626781068742275,0.02119567527813202
"Beta(1,5)",1000,7,4,0.02357637882232666,0.02106881507098808
"Beta(1,5)",1000,7,5,0.024202161468565464,0.013390952604981852
"Beta(1,5)",1000,7,6,0.023588739335536957,0.010025748161755194
"Beta(1,5)",1000,7,7,0.023556808941066265,0.002644899088446969
"Beta(1,5)",1000,8,0,0.018512649461627007,-0.05619420116885088
"Beta(1,5)",1000,8,1,0.019075652584433556,-0.051485721629178784
"Beta(1,5)",1000,8,2,0.018040016293525696,-0.0476195997551436
"Beta(1,5)",1000,8,3,0.01932916883379221,-0.053857867610493305
"Beta(1,5)",1000,8,4,0.017191181890666485,-0.0387015554382189
"Beta(1,5)",1000,8,5,0.017488199286162853,-0.046819195047156495
"Beta(1,5)",1000,8,6,0.018459122627973557,-0.05399326860929638
"Beta(1,5)",1000,8,7,0.018129809759557247,-0.03721277764800802
"Beta(1,5)",1000,9,0,0.024506617337465286,0.029563254833716746
"Beta(1,5)",1000,9,1,0.02377352025359869,0.036245349345284485
"Beta(1,5)",1000,9,2,0.023790896870195866,0.00856119781034439
"Beta(1,5)",1000,9,3,0.024071055464446545,0.013556147282666308
"Beta(1,5)",1000,9,4,0.02462018094956875,0.007414331471053437
"Beta(1,5)",1000,9,5,0.02378800045698881,0.025128213156662853
"Beta(1,5)",1000,9,6,0.023953480646014214,0.008072325840875824
"Beta(1,5)",1000,9,7,0.023123467341065407,0.03926842145504831
"Beta(1,5)",5000,0,0,0.010311701335012913,0.020298789164773706
"Beta(1,5)",5000,0,1,0.010292558930814266,0.012142517870055334
"Beta(1,5)",5000,0,2,0.01068582572042942,0.022376069033528997
"Beta(1,5)",5000,0,3,0.010333128273487091,0.010954470650429109
"Beta(1,5)",5000,0,4,0.010320623405277729,0.007987102024684375
"Beta(1,5)",5000,0,5,0.010261851362884045,0.012798098927752131
"Beta(1,5)",5000,0,6,0.010446110740303993,0.010816505576006729
"Beta(1,5)",5000,0,7,0.010234884917736053,0.015923649944314312
"Beta(1,5)",5000,1,0,0.010418273508548737,0.018786454291071043
"Beta(1,5)",5000,1,1,0.010235380381345749,-0.005355655662673849
"Beta(1,5)",5000,1,2,0.010103024542331696,0.009645527248016908
"Beta(1,5)",5000,1,3,0.010453883558511734,-0.0035883856210514233
"Beta(1,5)",5000,1,4,0.010445825755596161,0.009753528547326074
"Beta(1,5)",5000,1,5,0.010444429703056812,-0.001385257896820635
"Beta(1,5)",5000,1,6,0.010334095917642117,0.02029797857301838
"Beta(1,5)",5000,1,7,0.010380690917372704,0.010962023573925162
"Beta(1,5)",5000,2,0,0.010050083510577679,0.005843305686991489
"Beta(1,5)",5000,2,1,0.010279533453285694,-0.0011493833165722174
"Beta(1,5)",5000,2,2,0.009935218840837479,0.009720651113866744
"Beta(1,5)",5000,2,3,0.010176983661949635,6.925329544980469e-05
"Beta(1,5)",5000,2,4,0.010099935345351696,-0.01198889420906618
"Beta(1,5)",5000,2,5,0.010062485001981258,-0.0013411514772967853
"Beta(1,5)",5000,2,6,0.010118192993104458,-0.0012266305873585902
"Beta(1,5)",5000,2,7,0.010232887230813503,-0.00030670976415752974
"Beta(1,5)",5000,3,0,0.010360116139054298,0.0043051209634893325
"Beta(1,5)",5000,3,1,0.010322357527911663,0.008380359015013395
"Beta(1,5)",5000,3,2,0.010546296834945679,0.011045916692749649
"Beta(1,5)",5000,3,3,0.010475845076143742,-0.00891466612588277
"Beta(1,5)",5000,3,4,0.01046021282672882,0.0002721285421523618
"Beta(1,5)",5000,3,5,0.010292477905750275,0.008678317477650176
"Beta(1,5)",5000,3,6,0.010278934612870216,-0.00663613505548796
"Beta(1,5)",5000,3,7,0.010182054713368416,-0.0007585594672913921
"Beta(1,5)",5000,4,0,0.010320033878087997,0.007613154919564486
"Beta(1,5)",5000,4,1,0.01030329242348671,0.004324186083346391
"Beta(1,5)",5000,4,2,0.0103547852486372,-0.01012006573694338
"Beta(1,5)",5000,4,3,0.010514779016375542,0.017608016626119813
"Beta(1,5)",5000,4,4,0.010651197284460068,-0.0003554311903788122
"Beta(1,5)",5000,4,5,0.010609244927763939,0.0029295863787913864
"Beta(1,5)",5000,4,6,0.010352923534810543,0.01270887354065857
"Beta(1,5)",5000,4,7,0.010336868464946747,0.0050181602858585805
"Beta(1,5)",5000,5,0,0.00993642769753933,-0.008180602478973556
"Beta(1,5)",5000,5,1,0.010096821002662182,-0.0018731619631912673
"Beta(1,5)",5000,5,2,0.010030926205217838,0.006191044809311121
"Beta(1,5)",5000,5,3,0.01020710077136755,-0.0015182723278393798
"Beta(1,5)",5000,5,4,0.010058386251330376,-0.0016994708492108252
"Beta(1,5)",5000,5,5,0.010176022537052631,-0.00023773253206698224
"Beta(1,5)",5000,5,6,0.010075761936604977,-0.0016307517298028284
"Beta(1,5)",5000,5,7,0.009988116100430489,-0.020496965285069564
"Beta(1,5)",5000,6,0,0.010074365884065628,0.011077060202083723
"Beta(1,5)",5000,6,1,0.009973088279366493,3.7285924712214535e-05
"Beta(1,5)",5000,6,2,0.00990813598036766,0.008004884217893539
"Beta(1,5)",5000,6,3,0.00991684477776289,0.009554143100148285
"Beta(1,5)",5000,6,4,0.009906883351504803,0.00847432767040902
"Beta(1,5)",5000,6,5,0.0099429776892066,0.016650618718170068
"Beta(1,5)",5000,6,6,0.010096699930727482,0.01642954532684027
"Beta(1,5)",5000,6,7,0.010223331861197948,0.004359675730082191
"Beta(1,5)",5000,7,0,0.01009670551866293,0.00171536948981211
"Beta(1,5)",5000,7,1,0.010433078743517399,0.0026003874540900863
"Beta(1,5)",5000,7,2,0.010278590023517609,-0.0025432732071851397
"Beta(1,5)",5000,7,3,0.010006747208535671,0.006119320032495747
"Beta(1,5)",5000,7,4,0.010249223560094833,-0.0015616467635860985
"Beta(1,5)",5000,7,5,0.010241365991532803,-0.010006920315632687
"Beta(1,5)",5000,7,6,0.010413842275738716,-0.0046361276535542215
"Beta(1,5)",5000,7,7,0.010290799662470818,-0.005914099125745487
"Beta(1,5)",5000,8,0,0.010314201936125755,-0.00031555848342300715
"Beta(1,5)",5000,8,1,0.01029977761209011,0.004071533319856272
"Beta(1,5)",5000,8,2,0.009942153468728065,0.008529813784448483
"Beta(1,5)",5000,8,3,0.010388673283159733,0.006480983038438046
"Beta(1,5)",5000,8,4,0.009948039427399635,-0.006468932511562738
"Beta(1,5)",5000,8,5,0.010345983318984509,0.001402748774030903
"Beta(1,5)",5000,8,6,0.01029911544173956,0.0024844739828433176
"Beta(1,5)",5000,8,7,0.010026311501860619,0.0009608983363998976
"Beta(1,5)",5000,9,0,0.00983080267906189,0.005969858873830426
"Beta(1,5)",5000,9,1,0.010020614601671696,-0.005266062885243734
"Beta(1,5)",5000,9,2,0.010025601834058762,-0.003418680904225211
"Beta(1,5)",5000,9,3,0.00986141711473465,0.005144307478623289
"Beta(1,5)",5000,9,4,0.009932092390954494,-0.001998101618830288
"Beta(1,5)",5000,9,5,0.009970706887543201,0.0026455591247590586
"Beta(1,5)",5000,9,6,0.009741156361997128,0.004397682642697881
"Beta(1,5)",5000,9,7,0.010166674852371216,-0.0003721881558463534
Bernoulli(0.5),50,0,0,0.3749804710969329,-0.05178362348021999
Bernoulli(0.5),50,0,1,0.3706322871148586,0.004518530569918774
Bernoulli(0.5),50,0,2,0.37378377839922905,-0.03621523947752626
Bernoulli(0.5),50,0,3,0.3745191674679518,0.03897039845760109
Bernoulli(0.5),50,0,4,0.37449495401233435,-0.01926337858701735
Bernoulli(0.5),50,0,5,0.37374426424503326,-0.012613906517401538
Bernoulli(0.5),50,0,6,0.3698172187432647,0.13043227013071756
Bernoulli(0.5),50,0,7,0.36996699776500463,0.07379688926681699
Bernoulli(0.5),50,1,0,0.36329338792711496,0.08864424882449726
Bernoulli(0.5),50,1,1,0.3749109683558345,0.07461239733144151
Bernoulli(0.5),50,1,2,0.3530638590455055,0.12324310055363878
Bernoulli(0.5),50,1,3,0.38729809783399105,-0.058337047360182415
Bernoulli(0.5),50,1,4,0.3638169663026929,0.13853443488182418
Bernoulli(0.5),50,1,5,0.37851214967668056,0.04377536915158491
Bernoulli(0.5),50,1,6,0.37313265167176723,0.08008507670707252
Bernoulli(0.5),50,1,7,0.3814000766724348,-0.007500170645404935
Bernoulli(0.5),50,2,0,0.37326293624937534,-0.09149182570177083
Bernoulli(0.5),50,2,1,0.372831336222589,-0.09126872728607899
Bernoulli(0.5),50,2,2,0.3711650464683771,-0.09907600621151447
Bernoulli(0.5),50,2,3,0.37389246840029955,-0.16559676905024076
Bernoulli(0.5),50,2,4,0.3753916285932064,-0.13356920435251776
Bernoulli(0.5),50,2,5,0.3756644008681178,-0.2108930539870015
Bernoulli(0.5),50,2,6,0.3759182468056679,-0.1452858701878644
Bernoulli(0.5),50,2,7,0.3711619433015585,-0.07618985258705897
Bernoulli(0.5),50,3,0,0.3666320135816932,-0.057456777106680276
Bernoulli(0.5),50,3,1,0.3651698362082243,-0.01190034404020857
Bernoulli(0.5),50,3,2,0.3631425704807043,-0.003574161676985576
Bernoulli(0.5),50,3,3,0.37245238944888115,-0.13612272069209755
Bernoulli(0.5),50,3,4,0.3583628246560693,0.06563186249115582
Bernoulli(0.5),50,3,5,0.3750160988420248,-0.12927684101569845
Bernoulli(0.5),50,3,6,0.367611481808126,-0.019187596709470407
Bernoulli(0.5),50,3,7,0.35999718960374594,0.01013211528949114
Bernoulli(0.5),50,4,0,0.3747156476601958,-0.1359176890498555
Bernoulli(0.5),50,4,1,0.37939750496298075,-0.06627353192783066
Bernoulli(0.5),50,4,2,0.3749554716050625,-0.11990327943735014
Bernoulli(0.5),50,4,3,0.37229359708726406,-0.1421161371568441
Bernoulli(0.5),50,4,4,0.37992076203227043,-0.024768978339184865
Bernoulli(0.5),50,4,5,0.37688228860497475,-0.08117047053563028
Bernoulli(0.5),50,4,6,0.3788418034091592,-0.07726143265430836
Bernoulli(0.5),50,4,7,0.37820147536695004,-0.06338247214694842
Bernoulli(0.5),50,5,0,0.35575568210333586,0.12037713447952444
Bernoulli(0.5),50,5,1,0.3819950995966792,0.03297410639240581
Bernoulli(0.5),50,5,2,0.369395324960351,0.11880047685301508
Bernoulli(0.5),50,5,3,0.3817502586171031,0.02947817677366399
Bernoulli(0.5),50,5,4,0.3618815541267395,0.15293221308447683
Bernoulli(0.5),50,5,5,0.3743816977366805,0.06978813391755166
Bernoulli(0.5),50,5,6,0.36708010639995337,0.08792897386816559
Bernoulli(0.5),50,5,7,0.37417525239288807,0.025670548161126322
Bernoulli(0.5),50,6,0,0.36781901121139526,-0.0732624805302978
Bernoulli(0.5),50,6,1,0.3681616522371769,-0.07196782812571932
Bernoulli(0.5),50,6,2,0.3679786631837487,0.02093916678660458
Bernoulli(0.5),50,6,3,0.36914886999875307,-0.013065220107903478
Bernoulli(0.5),50,6,4,0.3686362113803625,-0.01347479857192079
Bernoulli(0.5),50,6,5,0.3668931555002928,-0.05229153238573797
Bernoulli(0.5),50,6,6,0.3691926719620824,-0.05677419546073824
Bernoulli(0.5),50,6,7,0.3697030693292618,-0.012819632397264023
Bernoulli(0.5),50,7,0,0.3457918334752321,0.1887877493614246
Bernoulli(0.5),50,7,1,0.3483558055013418,0.10979588222083903
Bernoulli(0.5),50,7,2,0.35021323058754206,0.06986532244616782
Bernoulli(0.5),50,7,3,0.34933759830892086,0.15240799901206792
Bernoulli(0.5),50,7,4,0.351567299105227,0.0600467399335093
Bernoulli(0.5),50,7,5,0.346638354472816,0.13747414898459587
Bernoulli(0.5),50,7,6,0.35142876114696264,0.045258991297855745
Bernoulli(0.5),50,7,7,0.34678297583013773,0.15838350346132407
Bernoulli(0.5),50,8,0,0.3419635435566306,0.2029277732436528
Bernoulli(0.5),50,8,1,0.3444436704739928,0.12362928778015049
Bernoulli(0.5),50,8,2,0.3462706198915839,0.056517873079491944
Bernoulli(0.5),50,8,3,0.34896441269665956,0.07259904922693912
Bernoulli(0.5),50,8,4,0.34409829042851925,0.1600385837288578
Bernoulli(0.5),50,8,5,0.34457965940237045,0.12196300224610468
Bernoulli(0.5),50,8,6,0.34553157538175583,0.11516806757284309
Bernoulli(0.5),50,8,7,0.3435479933395982,0.15579002664100028
Bernoulli(0.5),50,9,0,0.35833993274718523,-0.11668001925017635
Bernoulli(0.5),50,9,1,0.35257771238684654,-0.1236626226446003
Bernoulli(0.5),50,9,2,0.3432600600644946,-0.11404052676406605
Bernoulli(0.5),50,9,3,0.3823098111897707,-0.007486645721717851
Bernoulli(0.5),50,9,4,0.33758925646543503,-0.09835274205662997
Bernoulli(0.5),50,9,5,0.31360244005918503,-0.06017775986584196
Bernoulli(0.5),50,9,6,0.38192989211529493,-0.00391135161159649
Bernoulli(0.5),50,9,7,0.36354513745754957,-0.07834790175433858
Bernoulli(0.5),200,0,0,0.18135923240333796,-0.04771156646208704
Bernoulli(0.5),200,0,1,0.18038060329854488,0.02072858690688316
Bernoulli(0.5),200,0,2,0.18169147055596113,-0.04164995402568962
Bernoulli(0.5),200,0,3,0.1790030999109149,-0.05515103840164654
Bernoulli(0.5),200,0,4,0.18047324940562248,-0.010120166657938067
Bernoulli(0.5),200,0,5,0.1791805364191532,0.028980781794634293
Bernoulli(0.5),200,0,6,0.17994754947721958,0.007041990543027505
Bernoulli(0.5),200,0,7,0.18100484367460012,-0.008269715859512344
Bernoulli(0.5),200,1,0,0.18448833655565977,-0.04629225131872989
Bernoulli(0.5),200,1,1,0.18397231306880713,-0.037331515223949986
Bernoulli(0.5),200,1,2,0.18495037592947483,-0.05799011570837361
Bernoulli(0.5),200,1,3,0.1851631049066782,-0.04590372981535533
Bernoulli(0.5),200,1,4,0.18424035236239433,0.015405723377513225
Bernoulli(0.5),200,1,5,0.18409974221140146,0.03001899064577676
Bernoulli(0.5),200,1,6,0.18423889391124249,0.018101620200732242
Bernoulli(0.5),200,1,7,0.18447878118604422,0.029976237936318526
Bernoulli(0.5),200,2,0,0.18076440412551165,0.0072631922188267995
Bernoulli(0.5),200,2,1,0.17949747201055288,0.02020290691439893
Bernoulli(0.5),200,2,2,0.18082507699728012,0.027404361112438238
Bernoulli(0.5),200,2,3,0.18016885966062546,0.010631917380406681
Bernoulli(0.5),200,2,4,0.18234254512935877,-0.009378201156116197
Bernoulli(0.5),200,2,5,0.1826982069760561,-0.059109526521782446
Bernoulli(0.5),200,2,6,0.17664221115410328,0.04381510585890537
Bernoulli(0.5),200,2,7,0.1803022250533104,-0.008671694851617097
Bernoulli(0.5),200,3,0,0.1810147613286972,-0.042414694630776975
Bernoulli(0.5),200,3,1,0.17879339400678873,-0.09082387335865648
Bernoulli(0.5),200,3,2,0.1804789388552308,-0.05406356330902678
Bernoulli(0.5),200,3,3,0.18054718896746635,-0.04425707825897991
Bernoulli(0.5),200,3,4,0.18156546261161566,-0.029605325649669865
Bernoulli(0.5),200,3,5,0.17951070331037045,-0.07283763331673658
Bernoulli(0.5),200,3,6,0.1802096040919423,-0.0660463864927197
Bernoulli(0.5),200,3,7,0.1800014916807413,-0.0829395743602899
Bernoulli(0.5),200,4,0,0.18290673289448023,-0.01815074050874757
Bernoulli(0.5),200,4,1,0.1851246217265725,0.01494616546831522
Bernoulli(0.5),200,4,2,0.1825965726748109,-0.03588926903398978
Bernoulli(0.5),200,4,3,0.18218136858195066,-0.031149039323749846
Bernoulli(0.5),200,4,4,0.18188528064638376,-0.04104468471473249
Bernoulli(0.5),200,4,5,0.183098872192204,-0.025454789355685507
Bernoulli(0.5),200,4,6,0.18319174833595753,-0.02669580989553386
Bernoulli(0.5),200,4,7,0.18474237341433764,0.03263029821719805
Bernoulli(0.5),200,5,0,0.1790681416168809,0.04432598387819213
Bernoulli(0.5),200,5,1,0.1798150073736906,0.016830387482782077
Bernoulli(0.5),200,5,2,0.17936182022094727,0.0156427156335254
Bernoulli(0.5),200,5,3,0.17965947557240725,0.015824559528514668
Bernoulli(0.5),200,5,4,0.17953298799693584,0.04959931195308915
Bernoulli(0.5),200,5,5,0.17946866061538458,0.003300728860623784
Bernoulli(0.5),200,5,6,0.17997911386191845,0.06571825562806914
Bernoulli(0.5),200,5,7,0.18004756793379784,0.06751285526677285
Bernoulli(0.5),200,6,0,0.18131169117987156,0.03096944607047021
Bernoulli(0.5),200,6,1,0.17964859958738089,0.06894430317072736
Bernoulli(0.5),200,6,2,0.18230512365698814,-0.00485683713259744
Bernoulli(0.5),200,6,3,0.1793362284079194,0.05145333469692601
Bernoulli(0.5),200,6,4,0.18127817008644342,0.032928754276065474
Bernoulli(0.5),200,6,5,0.18177454639226198,0.011575474946506124
Bernoulli(0.5),200,6,6,0.17980641592293978,0.07119415462779952
Bernoulli(0.5),200,6,7,0.17981128115206957,0.04617809025751076
Bernoulli(0.5),200,7,0,0.17746231239289045,0.03780269697054899
Bernoulli(0.5),200,7,1,0.17847773805260658,0.0033902758988948404
Bernoulli(0.5),200,7,2,0.17782743833959103,-0.04731059161864897
Bernoulli(0.5),200,7,3,0.17756883520632982,-0.002997546559531818
Bernoulli(0.5),200,7,4,0.17803808581084013,-0.035961558254883695
Bernoulli(0.5),200,7,5,0.1770777916535735,0.016417465061462317
Bernoulli(0.5),200,7,6,0.17741307523101568,-0.00834749628793263
Bernoulli(0.5),200,7,7,0.17833805829286575,-0.016181324435207426
Bernoulli(0.5),200,8,0,0.1791423810645938,-0.009621655577676117
Bernoulli(0.5),200,8,1,0.1798755396157503,-0.051503169920858835
Bernoulli(0.5),200,8,2,0.18248860072344542,-0.040406741059465574
Bernoulli(0.5),200,8,3,0.1798262456431985,-0.013383024731250536
Bernoulli(0.5),200,8,4,0.17905643582344055,0.009193665658013713
Bernoulli(0.5),200,8,5,0.18059892859309912,-0.022689667914293443
Bernoulli(0.5),200,8,6,0.17939587775617838,-0.016853501604758826
Bernoulli(0.5),200,8,7,0.17970900982618332,-0.0057876160376458055
Bernoulli(0.5),200,9,0,0.18269683700054884,0.03640393421103176
Bernoulli(0.5),200,9,1,0.18197633139789104,-0.004558554929480754
Bernoulli(0.5),200,9,2,0.18095710221678019,-0.012431869405454193
Bernoulli(0.5),200,9,3,0.18276413157582283,0.00873888114282759
Bernoulli(0.5),200,9,4,0.18034103512763977,-0.014147318579743457
Bernoulli(0.5),200,9,5,0.18342683091759682,0.014562469252259735
Bernoulli(0.5),200,9,6,0.18178207147866488,0.008704538046736291
Bernoulli(0.5),200,9,7,0.1835611779242754,0.037873680429392674
Bernoulli(0.5),1000,0,0,0.0815719123929739,0.007829820702421136
Bernoulli(0.5),1000,0,1,0.08127867989242077,-0.01376969414851374
Bernoulli(0.5),1000,0,2,0.08142028003931046,-0.005964765318323524
Bernoulli(0.5),1000,0,3,0.08165338262915611,0.005889971308584815
Bernoulli(0.5),1000,0,4,0.08138051815330982,-0.010780623224855006
Bernoulli(0.5),1000,0,5,0.08133144117891788,-0.007539510594234498
Bernoulli(0.5),1000,0,6,0.08158579468727112,0.009313002801544993
Bernoulli(0.5),1000,0,7,0.08146701566874981,0.0035833390894970383
Bernoulli(0.5),1000,1,0,0.08060960471630096,-0.0003655712108765068
Bernoulli(0.5),1000,1,1,0.08057341538369656,0.0059289038888920495
Bernoulli(0.5),1000,1,2,0.08058051951229572,0.015316441413520792
Bernoulli(0.5),1000,1,3,0.08062627073377371,0.005773328951169968
Bernoulli(0.5),1000,1,4,0.08050488773733377,-0.009499874262811767
Bernoulli(0.5),1000,1,5,0.080488545820117,0.016790464249865363
Bernoulli(0.5),1000,1,6,0.08040039148181677,-0.008912945169794564
Bernoulli(0.5),1000,1,7,0.08057883568108082,-0.005073608985462785
Bernoulli(0.5),1000,2,0,0.08028905000537634,0.015734217241530825
Bernoulli(0.5),1000,2,1,0.08033675700426102,0.007603869523624538
Bernoulli(0.5),1000,2,2,0.08031176216900349,-0.009180553146927607
Bernoulli(0.5),1000,2,3,0.08017645310610533,-0.0004162136288616877
Bernoulli(0.5),1000,2,4,0.08025963231921196,-0.004044651161224167
Bernoulli(0.5),1000,2,5,0.08017226587980986,0.017634013267586353
Bernoulli(0.5),1000,2,6,0.08026041276752949,0.007057965681576925
Bernoulli(0.5),1000,2,7,0.08028110396116972,0.00986887274612544
Bernoulli(0.5),1000,3,0,0.08071638457477093,-0.0048541054564459245
Bernoulli(0.5),1000,3,1,0.08045007474720478,-0.012786027023305826
Bernoulli(0.5),1000,3,2,0.08058481104671955,-0.029153629609886246
Bernoulli(0.5),1000,3,3,0.08057946711778641,0.004499651764620636
Bernoulli(0.5),1000,3,4,0.08061016723513603,-0.014854047194040682
Bernoulli(0.5),1000,3,5,0.08055144734680653,-0.011892424607714077
Bernoulli(0.5),1000,3,6,0.08048733044415712,-0.01773525380924563
Bernoulli(0.5),1000,3,7,0.0806653443723917,-0.0068898767759160975
Bernoulli(0.5),1000,4,0,0.08162133116275072,-0.009279738126191454
Bernoulli(0.5),1000,4,1,0.0816290769726038,-0.007742174745003457
Bernoulli(0.5),1000,4,2,0.08160001877695322,-0.00047550722087620926
Bernoulli(0.5),1000,4,3,0.08158375974744558,0.009544667357648992
Bernoulli(0.5),1000,4,4,0.08157187048345804,0.0017215967079345347
Bernoulli(0.5),1000,4,5,0.08157714921981096,0.008089876028040344
Bernoulli(0.5),1000,4,6,0.08158359676599503,0.0008087186090982806
Bernoulli(0.5),1000,4,7,0.08162584900856018,-0.0024377246535577596
Bernoulli(0.5),1000,5,0,0.08057993650436401,-0.0373531050818337
Bernoulli(0.5),1000,5,1,0.08066573645919561,-0.01864162947943108
Bernoulli(0.5),1000,5,2,0.0810770457610488,-0.01876164232774485
Bernoulli(0.5),1000,5,3,0.08102264255285263,-0.018212601953587933
Bernoulli(0.5),1000,5,4,0.08116052206605673,-0.008984497448430747
Bernoulli(0.5),1000,5,5,0.08104661665856838,0.002400687068762114
Bernoulli(0.5),1000,5,6,0.0809078412130475,-0.013600500830138368
Bernoulli(0.5),1000,5,7,0.08075011800974607,-0.025334871196664284
Bernoulli(0.5),1000,6,0,0.08164213038980961,0.006109745551247191
Bernoulli(0.5),1000,6,1,0.08177893795073032,0.00528603037223178
Bernoulli(0.5),1000,6,2,0.08165279403328896,0.019355394276354958
Bernoulli(0.5),1000,6,3,0.08170148078352213,0.01912840064975904
Bernoulli(0.5),1000,6,4,0.08165178913623095,0.002945043554970259
Bernoulli(0.5),1000,6,5,0.08178300596773624,0.00635860654959108
Bernoulli(0.5),1000,6,6,0.08159274887293577,0.0013724482024769305
Bernoulli(0.5),1000,6,7,0.08174478635191917,-0.0026992858680006033
Bernoulli(0.5),1000,7,0,0.08114763163030148,0.00834893449601644
Bernoulli(0.5),1000,7,1,0.08080787770450115,-0.005317804708892619
Bernoulli(0.5),1000,7,2,0.08062835969030857,-0.017505750014530277
Bernoulli(0.5),1000,7,3,0.08102420996874571,-0.007860030248246897
Bernoulli(0.5),1000,7,4,0.0810954961925745,0.0006393385713456532
Bernoulli(0.5),1000,7,5,0.08115450199693441,0.003507144978947468
Bernoulli(0.5),1000,7,6,0.08117348793894053,0.007258407930670088
Bernoulli(0.5),1000,7,7,0.08112197741866112,-0.0011087258732344076
Bernoulli(0.5),1000,8,0,0.08236012421548367,0.01520917566730731
Bernoulli(0.5),1000,8,1,0.08235973119735718,0.0058392792951055495
Bernoulli(0.5),1000,8,2,0.08220158237963915,-0.016409055937369566
Bernoulli(0.5),1000,8,3,0.08203022088855505,-0.0037980763855530193
Bernoulli(0.5),1000,8,4,0.08227814547717571,0.010415317662049542
Bernoulli(0.5),1000,8,5,0.08226893842220306,-0.012398845017843559
Bernoulli(0.5),1000,8,6,0.08247808739542961,0.023452541619668588
Bernoulli(0.5),1000,8,7,0.08235454466193914,0.0003730106527248828
Bernoulli(0.5),1000,9,0,0.08132522366940975,0.009445741076018796
Bernoulli(0.5),1000,9,1,0.08167762495577335,0.0054487683835644524
Bernoulli(0.5),1000,9,2,0.08135798946022987,0.013103408731559536
Bernoulli(0.5),1000,9,3,0.08124282956123352,-0.002609468546833549
Bernoulli(0.5),1000,9,4,0.08091529365628958,0.004124695342849219
Bernoulli(0.5),1000,9,5,0.08123876620084047,0.008224128084207513
Bernoulli(0.5),1000,9,6,0.08191533200442791,-0.014295362557942419
Bernoulli(0.5),1000,9,7,0.0811943020671606,0.009227037907533386
Bernoulli(0.5),5000,0,0,0.03633548319339752,-0.006375919240100289
Bernoulli(0.5),5000,0,1,0.03628112841397524,-0.007432191703679172
Bernoulli(0.5),5000,0,2,0.03631932847201824,-0.002051652582882562
Bernoulli(0.5),5000,0,3,0.03630551230162382,-0.009100548360202593
Bernoulli(0.5),5000,0,4,0.03627816028892994,-0.0018947214266302798
Bernoulli(0.5),5000,0,5,0.0363184567540884,-0.006536077264441687
Bernoulli(0.5),5000,0,6,0.03631483018398285,0.0007596080672448687
Bernoulli(0.5),5000,0,7,0.03628788702189922,-0.00045007233946858837
Bernoulli(0.5),5000,1,0,0.03640527185052633,-0.002967782560481105
Bernoulli(0.5),5000,1,1,0.03642117325216532,-0.0044956058190010134
Bernoulli(0.5),5000,1,2,0.03641471825540066,0.0017895758924114584
Bernoulli(0.5),5000,1,3,0.03642720635980368,-0.006406833690068461
Bernoulli(0.5),5000,1,4,0.03639581333845854,0.008917562865140215
Bernoulli(0.5),5000,1,5,0.03641591500490904,-0.004210521901495294
Bernoulli(0.5),5000,1,6,0.036418662406504154,0.0005271131433831864
Bernoulli(0.5),5000,1,7,0.03640851844102144,-0.006638707211329177
Bernoulli(0.5),5000,2,0,0.03646505903452635,0.00744695047635572
Bernoulli(0.5),5000,2,1,0.036471227183938026,0.005502169762606553
Bernoulli(0.5),5000,2,2,0.03645589388906956,0.001731409764348301
Bernoulli(0.5),5000,2,3,0.03646877594292164,-0.0028949971131318982
Bernoulli(0.5),5000,2,4,0.036473775282502174,-0.003507377651105029
Bernoulli(0.5),5000,2,5,0.03649112023413181,-0.001712119467893338
Bernoulli(0.5),5000,2,6,0.036455437541007996,-0.002696577652876705
Bernoulli(0.5),5000,2,7,0.03645749390125275,-0.001660555432918291
Bernoulli(0.5),5000,3,0,0.0365547314286232,0.0015372286965513518
Bernoulli(0.5),5000,3,1,0.03654382657259703,0.009250595882425947
Bernoulli(0.5),5000,3,2,0.03656000550836325,0.00046231942339655825
Bernoulli(0.5),5000,3,3,0.03654490690678358,-6.971868460268066e-05
Bernoulli(0.5),5000,3,4,0.03655532468110323,-0.0031854903152213204
Bernoulli(0.5),5000,3,5,0.036543648689985275,0.008117998110371867
Bernoulli(0.5),5000,3,6,0.0365595705807209,0.0035137841828106853
Bernoulli(0.5),5000,3,7,0.03651027102023363,0.004129292807196734
Bernoulli(0.5),5000,4,0,0.036355809308588505,-0.0027131934683766023
Bernoulli(0.5),5000,4,1,0.03635867778211832,0.0011635921956668679
Bernoulli(0.5),5000,4,2,0.036354342475533485,0.007654634920274738
Bernoulli(0.5),5000,4,3,0.03636471461504698,0.005929149527683816
Bernoulli(0.5),5000,4,4,0.03636443428695202,-0.005012863817477657
Bernoulli(0.5),5000,4,5,0.03636152017861605,-0.0002213927590715891
Bernoulli(0.5),5000,4,6,0.03633098769932985,-0.0016248828144843604
Bernoulli(0.5),5000,4,7,0.03635806031525135,-0.00249340423883737
Bernoulli(0.5),5000,5,0,0.036439480260014534,0.0024549393390145605
Bernoulli(0.5),5000,5,1,0.036417570896446705,-0.00853560873638524
Bernoulli(0.5),5000,5,2,0.03642874117940664,0.004975617224994616
Bernoulli(0.5),5000,5,3,0.03642537258565426,0.005986384263071892
Bernoulli(0.5),5000,5,4,0.03642575070261955,0.0071911255859754795
Bernoulli(0.5),5000,5,5,0.036416045390069485,-0.0002507895537086391
Bernoulli(0.5),5000,5,6,0.03641617298126221,-0.003968306228496489
Bernoulli(0.5),5000,5,7,0.03642312530428171,0.0002904023229515596
Bernoulli(0.5),5000,6,0,0.03655578475445509,0.0073014672471024495
Bernoulli(0.5),5000,6,1,0.03656181879341602,-0.0030536512325448242
Bernoulli(0.5),5000,6,2,0.03655561711639166,0.0077684411577129955
Bernoulli(0.5),5000,6,3,0.03655141033232212,-0.002877227158856254
Bernoulli(0.5),5000,6,4,0.03656181041151285,0.0015648860380649814
Bernoulli(0.5),5000,6,5,0.036561147309839725,0.0032516819408119186
Bernoulli(0.5),5000,6,6,0.03656736668199301,0.002947829504828692
Bernoulli(0.5),5000,6,7,0.036555418744683266,-0.003363693986903089
Bernoulli(0.5),5000,7,0,0.036515782587230206,0.0009257756526587735
Bernoulli(0.5),5000,7,1,0.03651726525276899,-0.002696350850147779
Bernoulli(0.5),5000,7,2,0.03652894403785467,0.0019622588537727753
Bernoulli(0.5),5000,7,3,0.03651180677115917,-0.007328585846523626
Bernoulli(0.5),5000,7,4,0.03651516139507294,-0.0035855505720514456
Bernoulli(0.5),5000,7,5,0.03652608208358288,-0.01002532560671286
Bernoulli(0.5),5000,7,6,0.03652682341635227,-0.009700794873178977
Bernoulli(0.5),5000,7,7,0.03652358241379261,-0.003626841312701962
Bernoulli(0.5),5000,8,0,0.0363231161609292,-0.005321195673206851
Bernoulli(0.5),5000,8,1,0.03631063085049391,-0.006465482610277624
Bernoulli(0.5),5000,8,2,0.036357779055833817,-0.006011317390347342
Bernoulli(0.5),5000,8,3,0.03634646814316511,-0.006338449374687758
Bernoulli(0.5),5000,8,4,0.0362507626414299,-0.0038986407542879803
Bernoulli(0.5),5000,8,5,0.036272671073675156,0.000521905109996821
Bernoulli(0.5),5000,8,6,0.03631616476923227,0.0025737651607439785
Bernoulli(0.5),5000,8,7,0.03628022503107786,-0.004296566273236538
Bernoulli(0.5),5000,9,0,0.036501847207546234,-0.006047137364694406
Bernoulli(0.5),5000,9,1,0.036505984142422676,0.001572090883764059
Bernoulli(0.5),5000,9,2,0.03650044370442629,-0.0017727554539563694
Bernoulli(0.5),5000,9,3,0.03651479445397854,0.00476366098725151
Bernoulli(0.5),5000,9,4,0.03648648411035538,-0.0018030814285489736
Bernoulli(0.5),5000,9,5,0.03650318644940853,-0.006287901236812888
Bernoulli(0.5),5000,9,6,0.03650579508394003,-0.0021627455115837356
Bernoulli(0.5),5000,9,7,0.036470490507781506,-0.0059298835150480836
"Uniform(0.45,0.55)",50,0,0,0.07670239172875881,-0.022920734892999766
"Uniform(0.45,0.55)",50,0,1,0.0766849247738719,-0.024053375470446867
"Uniform(0.45,0.55)",50,0,2,0.07668179087340832,-0.02959500445606367
"Uniform(0.45,0.55)",50,0,3,0.07667412422597408,-0.026940220566478015
"Uniform(0.45,0.55)",50,0,4,0.0766483023762703,-0.024138047830560744
"Uniform(0.45,0.55)",50,0,5,0.07668427098542452,-0.021364610684249302
"Uniform(0.45,0.55)",50,0,6,0.07661992684006691,-0.029655004446185976
"Uniform(0.45,0.55)",50,0,7,0.07665832992643118,-0.030436614459097965
"Uniform(0.45,0.55)",50,1,0,0.10207089874893427,0.00021632221197282568
"Uniform(0.45,0.55)",50,1,1,0.1020637396723032,-0.0031234039421980373
"Uniform(0.45,0.55)",50,1,2,0.10210672207176685,-0.00076628217022057
"Uniform(0.45,0.55)",50,1,3,0.10211439803242683,-0.00030262732393025667
"Uniform(0.45,0.55)",50,1,4,0.1021692818030715,-0.0021368351220665857
"Uniform(0.45,0.55)",50,1,5,0.10205622762441635,-0.0014023373832556794
"Uniform(0.45,0.55)",50,1,6,0.10204788390547037,0.002462433136239646
"Uniform(0.45,0.55)",50,1,7,0.10203981306403875,-0.0008704145205453375
"Uniform(0.45,0.55)",50,2,0,0.09605966042727232,-0.017613701443158773
"Uniform(0.45,0.55)",50,2,1,0.09601774159818888,-0.016405766179391473
"Uniform(0.45,0.55)",50,2,2,0.09598295670002699,-0.01998717487526945
"Uniform(0.45,0.55)",50,2,3,0.09601206425577402,-0.01669617772196677
"Uniform(0.45,0.55)",50,2,4,0.0959949791431427,-0.014507225168270311
"Uniform(0.45,0.55)",50,2,5,0.09597974177449942,-0.012896303471010602
"Uniform(0.45,0.55)",50,2,6,0.09603037871420383,-0.01921294056084687
"Uniform(0.45,0.55)",50,2,7,0.09602958429604769,-0.018522927503550196
"Uniform(0.45,0.55)",50,3,0,0.0930555360391736,0.043133760577487815
"Uniform(0.45,0.55)",50,3,1,0.09301531221717596,0.04424715519168912
"Uniform(0.45,0.55)",50,3,2,0.09297763742506504,0.04631670045519815
"Uniform(0.45,0.55)",50,3,3,0.0929880402982235,0.043536068710137
"Uniform(0.45,0.55)",50,3,4,0.09298579767346382,0.04365406671507734
"Uniform(0.45,0.55)",50,3,5,0.09300271235406399,0.04244812025572415
"Uniform(0.45,0.55)",50,3,6,0.09294236730784178,0.03550203315426784
"Uniform(0.45,0.55)",50,3,7,0.09298935439437628,0.03906388307825873
"Uniform(0.45,0.55)",50,4,0,0.0978614566847682,-0.019288500290093682
"Uniform(0.45,0.55)",50,4,1,0.09787401184439659,-0.018044611788913062
"Uniform(0.45,0.55)",50,4,2,0.09787981864064932,-0.018074598613084053
"Uniform(0.45,0.55)",50,4,3,0.09789856150746346,-0.015354753818832246
"Uniform(0.45,0.55)",50,4,4,0.0978840971365571,-0.013015659702760805
"Uniform(0.45,0.55)",50,4,5,0.09784402698278427,-0.02130942521257835
"Uniform(0.45,0.55)",50,4,6,0.09788961429148912,-0.01654393702773474
"Uniform(0.45,0.55)",50,4,7,0.09789498150348663,-0.01764596187100572
"Uniform(0.45,0.55)",50,5,0,0.0776798790320754,0.05638916721168613
"Uniform(0.45,0.55)",50,5,1,0.0775387343019247,0.0591945898647503
"Uniform(0.45,0.55)",50,5,2,0.0775436507537961,0.05798060586967717
"Uniform(0.45,0.55)",50,5,3,0.07771219592541456,0.06153923551102403
"Uniform(0.45,0.55)",50,5,4,0.07759654615074396,0.054951110155049346
"Uniform(0.45,0.55)",50,5,5,0.07753391284495592,0.05678802127839094
"Uniform(0.45,0.55)",50,5,6,0.0777440257370472,0.06241833645289778
"Uniform(0.45,0.55)",50,5,7,0.07757090497761965,0.05653436310480616
"Uniform(0.45,0.55)",50,6,0,0.07881709188222885,0.08108652291972596
"Uniform(0.45,0.55)",50,6,1,0.0787363750860095,0.07837562115989255
"Uniform(0.45,0.55)",50,6,2,0.07878542318940163,0.08421350297787046
"Uniform(0.45,0.55)",50,6,3,0.0787333520129323,0.07354906943554625
"Uniform(0.45,0.55)",50,6,4,0.07880174648016691,0.078367903018259
"Uniform(0.45,0.55)",50,6,5,0.07876710873097181,0.08448852104257167
"Uniform(0.45,0.55)",50,6,6,0.07881141919642687,0.07808675061146593
"Uniform(0.45,0.55)",50,6,7,0.07873522397130728,0.07555792652992213
"Uniform(0.45,0.55)",50,7,0,0.06966249831020832,0.0968601871304136
"Uniform(0.45,0.55)",50,7,1,0.06959300115704536,0.09917757891222446
"Uniform(0.45,0.55)",50,7,2,0.06956947408616543,0.09508384893091625
"Uniform(0.45,0.55)",50,7,3,0.06964279990643263,0.09103697768407354
"Uniform(0.45,0.55)",50,7,4,0.06959703844040632,0.09628557741269582
"Uniform(0.45,0.55)",50,7,5,0.0695372000336647,0.09066182792693357
"Uniform(0.45,0.55)",50,7,6,0.06957878079265356,0.0922759106378316
"Uniform(0.45,0.55)",50,7,7,0.06960203871130943,0.10010251784457636
"Uniform(0.45,0.55)",50,8,0,0.07733799610286951,-0.09224100436000235
"Uniform(0.45,0.55)",50,8,1,0.0772369122132659,-0.09715420078526393
"Uniform(0.45,0.55)",50,8,2,0.0772036500275135,-0.09206007913460171
"Uniform(0.45,0.55)",50,8,3,0.07717259787023067,-0.09047111660396069
"Uniform(0.45,0.55)",50,8,4,0.0772725697606802,-0.09829772710342799
"Uniform(0.45,0.55)",50,8,5,0.07710566557943821,-0.09142922642317967
"Uniform(0.45,0.55)",50,8,6,0.07716174516826868,-0.09432791214946434
"Uniform(0.45,0.55)",50,8,7,0.0770817194133997,-0.09170336533096271
"Uniform(0.45,0.55)",50,9,0,0.09526092745363712,0.03014539395918374
"Uniform(0.45,0.55)",50,9,1,0.09525973629206419,0.026970817596724782
"Uniform(0.45,0.55)",50,9,2,0.09527175966650248,0.02881495953876403
"Uniform(0.45,0.55)",50,9,3,0.09525555185973644,0.023893350207412956
"Uniform(0.45,0.55)",50,9,4,0.09523989912122488,0.03131913429937404
"Uniform(0.45,0.55)",50,9,5,0.09526022989302874,0.027897396304901546
"Uniform(0.45,0.55)",50,9,6,0.09525820799171925,0.02711418602883516
"Uniform(0.45,0.55)",50,9,7,0.09525373857468367,0.030724659586572958
"Uniform(0.45,0.55)",200,0,0,0.025071906857192516,0.018096407965334124
"Uniform(0.45,0.55)",200,0,1,0.025098864920437336,0.01705193003389321
"Uniform(0.45,0.55)",200,0,2,0.025085258297622204,0.01675017176944537
"Uniform(0.45,0.55)",200,0,3,0.02509897481650114,0.017487148928328828
"Uniform(0.45,0.55)",200,0,4,0.025101186707615852,0.01918822866145391
"Uniform(0.45,0.55)",200,0,5,0.02500674594193697,0.02524828034736741
"Uniform(0.45,0.55)",200,0,6,0.025116393342614174,0.01989439910825394
"Uniform(0.45,0.55)",200,0,7,0.025088529102504253,0.021924935487832618
"Uniform(0.45,0.55)",200,1,0,0.026877610944211483,0.009081949614648213
"Uniform(0.45,0.55)",200,1,1,0.02675982564687729,0.007702134234297421
"Uniform(0.45,0.55)",200,1,2,0.02690861839801073,0.01744501705576332
"Uniform(0.45,0.55)",200,1,3,0.0268557071685791,0.010414415644875049
"Uniform(0.45,0.55)",200,1,4,0.026870080269873142,0.007466368714994528
"Uniform(0.45,0.55)",200,1,5,0.026878626085817814,0.014056845074862708
"Uniform(0.45,0.55)",200,1,6,0.026897737756371498,0.009926552702471291
"Uniform(0.45,0.55)",200,1,7,0.02686109859496355,0.01229697707351001
"Uniform(0.45,0.55)",200,2,0,0.0245143985375762,-0.003200853764511126
"Uniform(0.45,0.55)",200,2,1,0.024434031918644905,-0.005252726986148443
"Uniform(0.45,0.55)",200,2,2,0.024457314051687717,-0.00593344468771494
"Uniform(0.45,0.55)",200,2,3,0.024471070617437363,0.002411822295349393
"Uniform(0.45,0.55)",200,2,4,0.024432431906461716,-0.0038445217520585153
"Uniform(0.45,0.55)",200,2,5,0.024494142271578312,0.005967442388294771
"Uniform(0.45,0.55)",200,2,6,0.02443483378738165,0.0021790202263324223
"Uniform(0.45,0.55)",200,2,7,0.0244671693071723,-0.0013046670500060033
"Uniform(0.45,0.55)",200,3,0,0.026563883759081364,0.010786130454526002
"Uniform(0.45,0.55)",200,3,1,0.026555540040135384,0.004178130225300401
"Uniform(0.45,0.55)",200,3,2,0.026599694974720478,0.0022391447032214813
"Uniform(0.45,0.55)",200,3,3,0.02655849512666464,-0.0005248324512327897
"Uniform(0.45,0.55)",200,3,4,0.026564366184175014,0.0062736649478169725
"Uniform(0.45,0.55)",200,3,5,0.026568148285150528,0.0033568988820656307
"Uniform(0.45,0.55)",200,3,6,0.026576356031000614,0.000999671742966886
"Uniform(0.45,0.55)",200,3,7,0.026561524718999863,0.00594374073476271
"Uniform(0.45,0.55)",200,4,0,0.027350674383342266,0.003630110257819775
"Uniform(0.45,0.55)",200,4,1,0.027142323553562164,0.014967144940649602
"Uniform(0.45,0.55)",200,4,2,0.027317309752106667,0.018137312347627613
"Uniform(0.45,0.55)",200,4,3,0.02731039933860302,0.013610714475777276
"Uniform(0.45,0.55)",200,4,4,0.027204863727092743,0.016032156289849414
"Uniform(0.45,0.55)",200,4,5,0.027228125371038914,0.012571774903648499
"Uniform(0.45,0.55)",200,4,6,0.027347708120942116,0.00816336601464582
"Uniform(0.45,0.55)",200,4,7,0.027313590981066227,0.0037040252933957553
"Uniform(0.45,0.55)",200,5,0,0.0272386372089386,-0.0017902542116239773
"Uniform(0.45,0.55)",200,5,1,0.027250762097537518,-0.0034332503191449835
"Uniform(0.45,0.55)",200,5,2,0.027203270234167576,0.000907980444598379
"Uniform(0.45,0.55)",200,5,3,0.027208018116652966,0.0055967646578747015
"Uniform(0.45,0.55)",200,5,4,0.02719929814338684,0.0013820468795598991
"Uniform(0.45,0.55)",200,5,5,0.027223597280681133,-9.07286435377341e-05
"Uniform(0.45,0.55)",200,5,6,0.027250714600086212,-0.001919566011211464
"Uniform(0.45,0.55)",200,5,7,0.027211925946176052,-0.005610332608085055
"Uniform(0.45,0.55)",200,6,0,0.019719134084880352,0.01868370958911442
"Uniform(0.45,0.55)",200,6,1,0.01965626236051321,0.016850492900462605
"Uniform(0.45,0.55)",200,6,2,0.01969306729733944,0.02603208506688467
"Uniform(0.45,0.55)",200,6,3,0.01968697551637888,0.03000611799842195
"Uniform(0.45,0.55)",200,6,4,0.019710390828549862,0.032732610799481844
"Uniform(0.45,0.55)",200,6,5,0.019696831703186035,0.027098479359551248
"Uniform(0.45,0.55)",200,6,6,0.019685011357069016,0.0279958121061285
"Uniform(0.45,0.55)",200,6,7,0.019687979482114315,0.02509387646269693
"Uniform(0.45,0.55)",200,7,0,0.024348515085875988,0.011170317690428836
"Uniform(0.45,0.55)",200,7,1,0.024367657490074635,0.011815138130865195
"Uniform(0.45,0.55)",200,7,2,0.024328671395778656,0.007849086758764667
"Uniform(0.45,0.55)",200,7,3,0.024422746151685715,0.005976265203402772
"Uniform(0.45,0.55)",200,7,4,0.024335790425539017,0.012024930654773251
"Uniform(0.45,0.55)",200,7,5,0.024381322786211967,0.012599905864692963
"Uniform(0.45,0.55)",200,7,6,0.024343346245586872,0.0013209416365770514
"Uniform(0.45,0.55)",200,7,7,0.024416709318757057,0.015170547522493668
"Uniform(0.45,0.55)",200,8,0,0.02783927135169506,-0.0024632482558158294
"Uniform(0.45,0.55)",200,8,1,0.027890735305845737,0.0008861552098998396
"Uniform(0.45,0.55)",200,8,2,0.027889125049114227,0.0030367705950640855
"Uniform(0.45,0.55)",200,8,3,0.02782826777547598,-0.000772955481731504
"Uniform(0.45,0.55)",200,8,4,0.02784120012074709,-0.0029923426698643856
"Uniform(0.45,0.55)",200,8,5,0.027818319387733936,-0.004741186636153454
"Uniform(0.45,0.55)",200,8,6,0.027843720279634,0.006580984697131202
"Uniform(0.45,0.55)",200,8,7,0.027816842310130596,-0.0021871798126243936
"Uniform(0.45,0.55)",200,9,0,0.023513848893344402,-0.0027207332636583945
"Uniform(0.45,0.55)",200,9,1,0.02350048441439867,0.002175071001147376
"Uniform(0.45,0.55)",200,9,2,0.02347845584154129,-0.0028551882958532263
"Uniform(0.45,0.55)",200,9,3,0.023485970683395863,-0.005957308298821384
"Uniform(0.45,0.55)",200,9,4,0.023510875180363655,-0.004805652248706284
"Uniform(0.45,0.55)",200,9,5,0.023491895757615566,-0.013537721933979348
"Uniform(0.45,0.55)",200,9,6,0.023510620929300785,-0.003289794743896422
"Uniform(0.45,0.55)",200,9,7,0.023522433824837208,-0.003551447647808116
"Uniform(0.45,0.55)",1000,0,0,0.00612475723028183,-0.004976148577350724
"Uniform(0.45,0.55)",1000,0,1,0.00613168440759182,0.0028837947315266377
"Uniform(0.45,0.55)",1000,0,2,0.006150436587631702,0.0016957264352317686
"Uniform(0.45,0.55)",1000,0,3,0.006106254644691944,0.009556700529309372
"Uniform(0.45,0.55)",1000,0,4,0.006162114441394806,0.0012107419985183975
"Uniform(0.45,0.55)",1000,0,5,0.006241560913622379,0.007283789711772335
"Uniform(0.45,0.55)",1000,0,6,0.006102263927459717,0.013205783216682391
"Uniform(0.45,0.55)",1000,0,7,0.006083764135837555,0.00838291597078927
"Uniform(0.45,0.55)",1000,1,0,0.005622992292046547,-0.02391625062901289
"Uniform(0.45,0.55)",1000,1,1,0.00567741971462965,-0.016613535073882933
"Uniform(0.45,0.55)",1000,1,2,0.005584472790360451,-0.014606905524573856
"Uniform(0.45,0.55)",1000,1,3,0.005650358274579048,-0.017024037917127463
"Uniform(0.45,0.55)",1000,1,4,0.005648713558912277,-0.014374006971330842
"Uniform(0.45,0.55)",1000,1,5,0.005545078776776791,-0.015466064988974697
"Uniform(0.45,0.55)",1000,1,6,0.005688085220754147,-0.017412452506081116
"Uniform(0.45,0.55)",1000,1,7,0.005608994513750076,-0.013526789889749938
"Uniform(0.45,0.55)",1000,2,0,0.006765319034457207,0.0008268628480431897
"Uniform(0.45,0.55)",1000,2,1,0.0066612837836146355,0.007145178536943034
"Uniform(0.45,0.55)",1000,2,2,0.006764708086848259,0.0009063216614789071
"Uniform(0.45,0.55)",1000,2,3,0.006694352254271507,0.0020315856880733806
"Uniform(0.45,0.55)",1000,2,4,0.006686629727482796,0.00483281809724249
"Uniform(0.45,0.55)",1000,2,5,0.006711701862514019,0.0009829679038682528
"Uniform(0.45,0.55)",1000,2,6,0.006613771431148052,-0.004692388153629863
"Uniform(0.45,0.55)",1000,2,7,0.006722752936184406,0.010619660936898095
"Uniform(0.45,0.55)",1000,3,0,0.00529558677226305,0.02511787220464275
"Uniform(0.45,0.55)",1000,3,1,0.00534027349203825,0.024893779502110365
"Uniform(0.45,0.55)",1000,3,2,0.005143854767084122,0.025977650140163733
"Uniform(0.45,0.55)",1000,3,3,0.0052636852487921715,0.02261506683644626
"Uniform(0.45,0.55)",1000,3,4,0.005354968830943108,0.024895973602036593
"Uniform(0.45,0.55)",1000,3,5,0.005068657919764519,0.01989183541592967
"Uniform(0.45,0.55)",1000,3,6,0.00508672371506691,0.020311600600473507
"Uniform(0.45,0.55)",1000,3,7,0.005171171389520168,0.024543459789057046
"Uniform(0.45,0.55)",1000,4,0,0.006793372333049774,0.0008431859882471636
"Uniform(0.45,0.55)",1000,4,1,0.006759637966752052,-0.0007434869449808842
"Uniform(0.45,0.55)",1000,4,2,0.006626551039516926,-0.005661083350776149
"Uniform(0.45,0.55)",1000,4,3,0.0068347882479429245,-0.008307064783286109
"Uniform(0.45,0.55)",1000,4,4,0.0066234637051820755,0.005009413610581073
"Uniform(0.45,0.55)",1000,4,5,0.0067849066108465195,0.0017049518666543266
"Uniform(0.45,0.55)",1000,4,6,0.006680609658360481,0.004141286314938136
"Uniform(0.45,0.55)",1000,4,7,0.006751195527613163,-0.002153615824413377
"Uniform(0.45,0.55)",1000,5,0,0.006906207650899887,0.004230520774066399
"Uniform(0.45,0.55)",1000,5,1,0.00694197416305542,-0.005497116964630417
"Uniform(0.45,0.55)",1000,5,2,0.006910220719873905,0.0006310335803278302
"Uniform(0.45,0.55)",1000,5,3,0.006919970735907555,0.002602115765731453
"Uniform(0.45,0.55)",1000,5,4,0.006931145675480366,-0.000610620820876708
"Uniform(0.45,0.55)",1000,5,5,0.006858712062239647,0.000974770993602469
"Uniform(0.45,0.55)",1000,5,6,0.006898657418787479,-0.000557343951527111
"Uniform(0.45,0.55)",1000,5,7,0.0069245873019099236,-0.0051612724208890525
"Uniform(0.45,0.55)",1000,6,0,0.0068614548072218895,0.003734399861898802
"Uniform(0.45,0.55)",1000,6,1,0.006835730746388435,0.003766162771569084
"Uniform(0.45,0.55)",1000,6,2,0.006858835928142071,0.004663785249441772
"Uniform(0.45,0.55)",1000,6,3,0.006890115328133106,-0.002553684369628261
"Uniform(0.45,0.55)",1000,6,4,0.006768038496375084,0.00041566910570014923
"Uniform(0.45,0.55)",1000,6,5,0.006785156205296516,0.006336234236832728
"Uniform(0.45,0.55)",1000,6,6,0.0068450989201664925,0.0006367725311518349
"Uniform(0.45,0.55)",1000,6,7,0.006889723241329193,0.00425151534585397
"Uniform(0.45,0.55)",1000,7,0,0.006114092655479908,-0.0016953930183603058
"Uniform(0.45,0.55)",1000,7,1,0.00619831308722496,-0.011004075475170615
"Uniform(0.45,0.55)",1000,7,2,0.0063706208020448685,-0.013297425290678143
"Uniform(0.45,0.55)",1000,7,3,0.0062326230108737946,-0.008672557156248449
"Uniform(0.45,0.55)",1000,7,4,0.006250045262277126,-0.01133185044334438
"Uniform(0.45,0.55)",1000,7,5,0.006285867653787136,-0.001995380962636146
"Uniform(0.45,0.55)",1000,7,6,0.006278832443058491,-0.004688822690865772
"Uniform(0.45,0.55)",1000,7,7,0.006250376813113689,-0.009212320463603197
"Uniform(0.45,0.55)",1000,8,0,0.006038636900484562,0.01104327291865643
"Uniform(0.45,0.55)",1000,8,1,0.0060509443283081055,0.008948143097155239
"Uniform(0.45,0.55)",1000,8,2,0.006081078201532364,0.008164540187932062
"Uniform(0.45,0.55)",1000,8,3,0.006017877720296383,0.020922347728771506
"Uniform(0.45,0.55)",1000,8,4,0.00607671681791544,0.0062298005435883624
"Uniform(0.45,0.55)",1000,8,5,0.005867931991815567,0.008864590593924278
"Uniform(0.45,0.55)",1000,8,6,0.006066782400012016,0.007387033636893166
"Uniform(0.45,0.55)",1000,8,7,0.0061335377395153046,0.0048142821301088955
"Uniform(0.45,0.55)",1000,9,0,0.004021037369966507,-0.03156015200286922
"Uniform(0.45,0.55)",1000,9,1,0.003958860412240028,-0.04646842780495993
"Uniform(0.45,0.55)",1000,9,2,0.004070311784744263,-0.041537092504995744
"Uniform(0.45,0.55)",1000,9,3,0.004017299041152,-0.039307209606817335
"Uniform(0.45,0.55)",1000,9,4,0.003953444771468639,-0.03634209707631277
"Uniform(0.45,0.55)",1000,9,5,0.003953446634113789,-0.04179353713731283
"Uniform(0.45,0.55)",1000,9,6,0.0038741519674658775,-0.04078822705702068
"Uniform(0.45,0.55)",1000,9,7,0.003974174149334431,-0.04464412943207063
"Uniform(0.45,0.55)",5000,0,0,0.0022903410717844963,-0.0007976063858868691
"Uniform(0.45,0.55)",5000,0,1,0.00228178221732378,0.00567555685532927
"Uniform(0.45,0.55)",5000,0,2,0.0022463342174887657,-0.00427077012098773
"Uniform(0.45,0.55)",5000,0,3,0.0022763777524232864,0.00996659994211927
"Uniform(0.45,0.55)",5000,0,4,0.0022795982658863068,0.006003479093079265
"Uniform(0.45,0.55)",5000,0,5,0.0022862255573272705,-0.0007863782020257638
"Uniform(0.45,0.55)",5000,0,6,0.002254268154501915,0.0010915931713885569
"Uniform(0.45,0.55)",5000,0,7,0.002300987020134926,-0.0003010967540932979
"Uniform(0.45,0.55)",5000,1,0,0.0022675776854157448,-0.005193874163083443
"Uniform(0.45,0.55)",5000,1,1,0.0022880015894770622,-1.6133823520111217e-05
"Uniform(0.45,0.55)",5000,1,2,0.002326331101357937,0.006752584192878672
"Uniform(0.45,0.55)",5000,1,3,0.00227231252938509,-0.003288902464841831
"Uniform(0.45,0.55)",5000,1,4,0.0023165596649050713,-0.0023823500951528197
"Uniform(0.45,0.55)",5000,1,5,0.002276304177939892,0.0015413239378590199
"Uniform(0.45,0.55)",5000,1,6,0.002245187759399414,0.001024531135219581
"Uniform(0.45,0.55)",5000,1,7,0.002245645970106125,0.004974217676296738
"Uniform(0.45,0.55)",5000,2,0,0.0022328095510601997,0.0014604686829595447
"Uniform(0.45,0.55)",5000,2,1,0.0022020824253559113,-0.0034045617969881933
"Uniform(0.45,0.55)",5000,2,2,0.0022268183529376984,0.006990233989265039
"Uniform(0.45,0.55)",5000,2,3,0.0022474294528365135,-0.004227182669134807
"Uniform(0.45,0.55)",5000,2,4,0.0023024920374155045,-0.002722309686718096
"Uniform(0.45,0.55)",5000,2,5,0.0022535985335707664,0.007783944757511212
"Uniform(0.45,0.55)",5000,2,6,0.0022211698815226555,0.010212459339599085
"Uniform(0.45,0.55)",5000,2,7,0.0022467616945505142,-0.0038368962664788483
"Uniform(0.45,0.55)",5000,3,0,0.0022459467872977257,-0.0022773622746725024
"Uniform(0.45,0.55)",5000,3,1,0.0021929703652858734,-0.0028404507562231267
"Uniform(0.45,0.55)",5000,3,2,0.0021852347999811172,-0.0023882940970421916
"Uniform(0.45,0.55)",5000,3,3,0.0021891286596655846,-0.003192870849670079
"Uniform(0.45,0.55)",5000,3,4,0.002207985147833824,-0.004382432721664664
"Uniform(0.45,0.55)",5000,3,5,0.002211710438132286,-0.004815030608958512
"Uniform(0.45,0.55)",5000,3,6,0.0021713590249419212,-0.0033153601281548646
"Uniform(0.45,0.55)",5000,3,7,0.0021998388692736626,-0.0010641915820667372
"Uniform(0.45,0.55)",5000,4,0,0.0022793496027588844,0.00024259349657423395
"Uniform(0.45,0.55)",5000,4,1,0.002256096340715885,-0.0017939553943623254
"Uniform(0.45,0.55)",5000,4,2,0.0022621434181928635,0.003129553837894278
"Uniform(0.45,0.55)",5000,4,3,0.002263469621539116,0.0030473674832980344
"Uniform(0.45,0.55)",5000,4,4,0.0022600656375288963,-0.0074965557067878845
"Uniform(0.45,0.55)",5000,4,5,0.002266733907163143,0.007254446145320237
"Uniform(0.45,0.55)",5000,4,6,0.0022362256422638893,-0.0008562538694457314
"Uniform(0.45,0.55)",5000,4,7,0.002247271127998829,0.006243580325566763
"Uniform(0.45,0.55)",5000,5,0,0.00225620623677969,-0.0028605051175146167
"Uniform(0.45,0.55)",5000,5,1,0.002264047972857952,-0.00028421314783542057
"Uniform(0.45,0.55)",5000,5,2,0.0022814907133579254,0.00981571933496855
"Uniform(0.45,0.55)",5000,5,3,0.002287394367158413,-0.0022296194788671716
"Uniform(0.45,0.55)",5000,5,4,0.002272677607834339,-0.0009085791958538367
"Uniform(0.45,0.55)",5000,5,5,0.0023235706612467766,-0.011278152727451331
"Uniform(0.45,0.55)",5000,5,6,0.002300640568137169,-0.005182104998731496
"Uniform(0.45,0.55)",5000,5,7,0.0023315055295825005,0.0005957340237310889
"Uniform(0.45,0.55)",5000,6,0,0.002205934375524521,-0.0020092312600598103
"Uniform(0.45,0.55)",5000,6,1,0.002254171296954155,-0.00730636571892041
"Uniform(0.45,0.55)",5000,6,2,0.002204000949859619,-0.003048151075853348
"Uniform(0.45,0.55)",5000,6,3,0.0022154217585921288,-0.003033498460550733
"Uniform(0.45,0.55)",5000,6,4,0.002180177718400955,-0.00030300829432738295
"Uniform(0.45,0.55)",5000,6,5,0.0022338274866342545,-0.0008278682671896102
"Uniform(0.45,0.55)",5000,6,6,0.002241292968392372,-0.0009887506904897887
"Uniform(0.45,0.55)",5000,6,7,0.002229158766567707,-0.0017310291326625106
"Uniform(0.45,0.55)",5000,7,0,0.002246472053229809,-0.007173840960243852
"Uniform(0.45,0.55)",5000,7,1,0.002190602943301201,-0.00014219904903296814
"Uniform(0.45,0.55)",5000,7,2,0.002197699621319771,8.31548815987184e-05
"Uniform(0.45,0.55)",5000,7,3,0.0022275885567069054,-0.0016609014661173162
"Uniform(0.45,0.55)",5000,7,4,0.002187044359743595,-0.0038871770298036967
"Uniform(0.45,0.55)",5000,7,5,0.002251722849905491,-0.01041164088819169
"Uniform(0.45,0.55)",5000,7,6,0.0021854685619473457,-0.003244042463307773
"Uniform(0.45,0.55)",5000,7,7,0.0022225026041269302,-0.0015486525547316616
"Uniform(0.45,0.55)",5000,8,0,0.0022056819871068,-0.008930800082360272
"Uniform(0.45,0.55)",5000,8,1,0.002143912948668003,0.0011936631833660534
"Uniform(0.45,0.55)",5000,8,2,0.002138693816959858,-0.013914006374265509
"Uniform(0.45,0.55)",5000,8,3,0.00214296393096447,-0.0013583614211939794
"Uniform(0.45,0.55)",5000,8,4,0.002207711338996887,-0.008599848539873558
"Uniform(0.45,0.55)",5000,8,5,0.0021587833762168884,-0.0036689965363529468
"Uniform(0.45,0.55)",5000,8,6,0.0021850531920790672,-0.01294298249724499
"Uniform(0.45,0.55)",5000,8,7,0.002193727530539036,-0.0019122961340836439
"Uniform(0.45,0.55)",5000,9,0,0.0021564438939094543,0.0008943072099996299
"Uniform(0.45,0.55)",5000,9,1,0.002139580436050892,0.006830262768828866
"Uniform(0.45,0.55)",5000,9,2,0.002142596058547497,0.006747483724175438
"Uniform(0.45,0.55)",5000,9,3,0.002197149209678173,0.01254715349707765
"Uniform(0.45,0.55)",5000,9,4,0.00214383564889431,0.008467832469604095
"Uniform(0.45,0.55)",5000,9,5,0.00211237370967865,-0.0014202791722072335
"Uniform(0.45,0.55)",5000,9,6,0.002171717584133148,0.005044783971560718
"Uniform(0.45,0.55)",5000,9,7,0.002134116366505623,0.007410144135333049
