distribution,n,repetition,plus_violations,minus_violations,max_plus_increase,max_minus_decrease
"Beta(1,5)",50,0,9,37,0.020034066754398117,0.007706523645549357
"Beta(1,5)",50,1,10,38,0.014310504050670803,0.016622858630372717
"Beta(1,5)",50,2,6,37,0.009810231934441527,0.019976208584724153
"Beta(1,5)",50,3,9,42,0.018928052185353428,0.00842185804296225
"Beta(1,5)",50,4,8,40,0.013635111487210638,0.024688172640915163
"Beta(1,5)",50,5,12,34,0.018488813148283878,0.014979965541188411
"Beta(1,5)",50,6,9,32,0.00623421526796597,0.013554585174945233
"Beta(1,5)",50,7,12,34,0.013322042504346987,0.013592605101530486
"Beta(1,5)",50,8,10,38,0.007384281309032126,0.0168034620121722
"Beta(1,5)",50,9,10,40,0.015027674499005661,0.00745105544256508
"Beta(1,5)",200,0,13,42,0.008762461990397208,0.000356691682875665
"Beta(1,5)",200,1,12,41,0.009260199207054676,8.33117670016037e-05
"Beta(1,5)",200,2,13,42,0.037695003560925366,0.00035922795002218955
"Beta(1,5)",200,3,10,38,0.03387487130599509,0.00036325661734615267
"Beta(1,5)",200,4,11,41,0.02752243084019823,0.003141203472681653
"Beta(1,5)",200,5,12,39,0.005279627142598331,0.0021425076519987485
"Beta(1,5)",200,6,14,38,0.019377900899505196,0.0005359461976575108
"Beta(1,5)",200,7,11,40,0.02125161795917241,8.99892429147009e-05
"Beta(1,5)",200,8,11,35,0.0062784844171910326,0.00010315202029076431
"Beta(1,5)",200,9,14,38,0.0033894950817783265,0.00013691361467782492
"Beta(1,5)",1000,0,8,1,0.012699528820399486,4.759488358985209e-09
"Beta(1,5)",1000,1,8,6,0.006263343998876847,2.0814807655256118e-09
"Beta(1,5)",1000,2,9,6,0.0009726198936239605,7.298359388840936e-06
"Beta(1,5)",1000,3,6,6,0.004028195070042484,1.522914148122112e-07
"Beta(1,5)",1000,4,6,5,0.0008146328159557292,1.4344073862027074e-06
"Beta(1,5)",1000,5,4,4,5.282214370350147e-06,3.0670761486106812e-09
"Beta(1,5)",1000,6,8,5,9.953145287666665e-05,0.0006326361442192674
"Beta(1,5)",1000,7,8,3,0.0002177285191087286,0.00014179663899693828
"Beta(1,5)",1000,8,5,6,3.177555474942473e-05,4.367364615065483e-06
"Beta(1,5)",1000,9,12,1,0.0013198752342278297,5.694005812850733e-06
"Beta(1,5)",5000,0,1,1,1.7610846114735068e-10,4.739616712878814e-06
"Beta(1,5)",5000,1,0,0,3.9901415505028126e-13,2.220446049250313e-16
"Beta(1,5)",5000,2,0,0,2.481259642195255e-11,2.220446049250313e-16
"Beta(1,5)",5000,3,1,0,4.252971188112298e-06,2.220446049250313e-16
"Beta(1,5)",5000,4,0,0,9.092726571680032e-13,-0.0
"Beta(1,5)",5000,5,0,0,1.1490586260265445e-11,2.220446049250313e-16
"Beta(1,5)",5000,6,0,0,1.580957587066223e-13,2.220446049250313e-16
"Beta(1,5)",5000,7,1,0,3.1661695487628094e-10,2.220446049250313e-16
"Beta(1,5)",5000,8,0,0,3.1041835768519377e-13,2.220446049250313e-16
"Beta(1,5)",5000,9,1,0,2.027333478871185e-08,6.661338147750939e-15
Bernoulli(0.5),50,0,24,30,0.03940782773832674,0.026473411286356052
Bernoulli(0.5),50,1,22,28,0.02388692007239701,0.03314790585407046
Bernoulli(0.5),50,2,26,28,0.035368602785443626,0.026156659609900546
Bernoulli(0.5),50,3,20,26,0.026074647088566216,0.029054464937736002
Bernoulli(0.5),50,4,27,24,0.029870407868197946,0.01965020707008902
Bernoulli(0.5),50,5,19,33,0.022722353747886004,0.037919736075461064
Bernoulli(0.5),50,6,29,26,0.039371797247077955,0.01949927131452167
Bernoulli(0.5),50,7,27,26,0.018173524131889662,0.03861869474861779
Bernoulli(0.5),50,8,23,30,0.015517850241112852,0.03127452797873009
Bernoulli(0.5),50,9,31,15,0.03229348178755931,0.0170217091510505
Bernoulli(0.5),200,0,34,25,0.010234621115913889,0.014065146885071211
Bernoulli(0.5),200,1,31,32,0.00693615289322036,0.025676710018447402
Bernoulli(0.5),200,2,34,25,0.014441025240136796,0.009282561407985668
Bernoulli(0.5),200,3,24,39,0.013217665838138881,0.0160075187121842
Bernoulli(0.5),200,4,21,35,0.03712648375479888,0.029347515279183334
Bernoulli(0.5),200,5,30,31,0.03543115558706167,0.02163936249923637
Bernoulli(0.5),200,6,32,20,0.006654791812423566,0.020499505156447384
Bernoulli(0.5),200,7,33,27,0.04477275705476669,0.019673279543801936
Bernoulli(0.5),200,8,31,22,0.019691355244911835,0.009732899102487647
Bernoulli(0.5),200,9,23,34,0.04574417428003774,0.02673038396296956
Bernoulli(0.5),1000,0,3,3,0.0010941830587305468,0.011775629803557397
Bernoulli(0.5),1000,1,2,2,7.903480277349217e-05,4.627741527785112e-05
Bernoulli(0.5),1000,2,3,2,0.00014480022450080732,5.563857291779328e-05
Bernoulli(0.5),1000,3,2,3,4.179901622203275e-05,0.00023055153576678755
Bernoulli(0.5),1000,4,3,3,0.01125200024800277,0.007885038410146095
Bernoulli(0.5),1000,5,2,2,0.0009896223750689437,1.0657178124429123e-05
Bernoulli(0.5),1000,6,3,3,0.003430912430440136,0.029004058151228307
Bernoulli(0.5),1000,7,2,3,8.678087548319446e-05,8.624757713660003e-05
Bernoulli(0.5),1000,8,3,2,0.0005126430627728773,5.944331684260007e-05
Bernoulli(0.5),1000,9,3,2,0.0010035479382111134,6.613803809729646e-06
Bernoulli(0.5),5000,0,1,0,4.959583632668796e-09,2.220446049250313e-16
Bernoulli(0.5),5000,1,0,1,2.220446049250313e-16,2.932130316324333e-09
Bernoulli(0.5),5000,2,0,0,4.065459080493383e-11,2.0872192862952943e-14
Bernoulli(0.5),5000,3,0,0,1.4441781104324036e-12,2.220446049250313e-15
Bernoulli(0.5),5000,4,1,0,1.9798529704573298e-08,2.220446049250313e-16
Bernoulli(0.5),5000,5,0,1,2.220446049250313e-16,5.237011713177253e-09
Bernoulli(0.5),5000,6,1,1,0.000752606532990141,6.870225488508908e-07
Bernoulli(0.5),5000,7,0,0,8.881784197001252e-16,5.497824417943775e-13
Bernoulli(0.5),5000,8,0,0,2.8199664825478976e-14,2.0012214108078297e-11
Bernoulli(0.5),5000,9,1,1,4.654904806811189e-05,9.673377729058075e-05
"Uniform(0.45,0.55)",50,0,25,27,0.02145068261825145,0.023953859331073968
"Uniform(0.45,0.55)",50,1,26,22,0.019206307983242743,0.0306394694364287
"Uniform(0.45,0.55)",50,2,19,26,0.011808846651619076,0.02775178931314981
"Uniform(0.45,0.55)",50,3,20,19,0.006523955097739398,0.004387798936335674
"Uniform(0.45,0.55)",50,4,25,26,0.015247291362528115,0.01507932413581936
"Uniform(0.45,0.55)",50,5,24,21,0.024603963958409025,0.008603435488737432
"Uniform(0.45,0.55)",50,6,24,22,0.01053273438343405,0.002465632617409508
"Uniform(0.45,0.55)",50,7,25,28,0.016988663056144215,0.03148345737879055
"Uniform(0.45,0.55)",50,8,26,23,0.005575469842900471,0.003702761648955999
"Uniform(0.45,0.55)",50,9,22,26,0.002745814168960914,0.009724370858507081
"Uniform(0.45,0.55)",200,0,25,17,0.001815648274990922,0.0013715486319090253
"Uniform(0.45,0.55)",200,1,22,17,1.834412270618202e-05,6.507370492814246e-05
"Uniform(0.45,0.55)",200,2,18,15,0.00030329486237357095,0.006997726143582073
"Uniform(0.45,0.55)",200,3,17,16,6.0142757042802586e-05,4.3252439092533734e-06
"Uniform(0.45,0.55)",200,4,23,17,1.8634345410495357e-05,5.479860521129254e-05
"Uniform(0.45,0.55)",200,5,19,15,0.00017900733492992593,1.2248825016270004e-05
"Uniform(0.45,0.55)",200,6,22,24,1.3252913716010895e-05,1.6868149396831456e-05
"Uniform(0.45,0.55)",200,7,18,22,7.787179535423405e-06,0.00010321592507822608
"Uniform(0.45,0.55)",200,8,20,17,0.0013756005646430314,0.0013447967098354496
"Uniform(0.45,0.55)",200,9,18,16,2.53923865023431e-06,0.00025099250065308
"Uniform(0.45,0.55)",1000,0,2,3,8.639371440466448e-10,5.0578257138056415e-09
"Uniform(0.45,0.55)",1000,1,1,5,5.936688918239952e-10,1.610643840521675e-09
"Uniform(0.45,0.55)",1000,2,2,4,5.938576297381815e-10,2.6416586695887645e-09
"Uniform(0.45,0.55)",1000,3,2,5,3.3759204320915615e-09,2.6344588732740704e-09
"Uniform(0.45,0.55)",1000,4,4,3,1.997855436641771e-09,9.649028243075009e-10
"Uniform(0.45,0.55)",1000,5,2,2,8.24234613894248e-09,1.1961343027167004e-09
"Uniform(0.45,0.55)",1000,6,3,3,7.049285155602547e-09,2.8793811779337375e-09
"Uniform(0.45,0.55)",1000,7,1,4,1.6407908365323465e-09,1.229405466318667e-09
"Uniform(0.45,0.55)",1000,8,2,3,9.785490195923785e-10,1.9104975379491407e-09
"Uniform(0.45,0.55)",1000,9,5,2,9.039315962411365e-09,2.9726872075030997e-09
"Uniform(0.45,0.55)",5000,0,0,0,0.0,2.220446049250313e-16
"Uniform(0.45,0.55)",5000,1,0,0,2.220446049250313e-16,-0.0
"Uniform(0.45,0.55)",5000,2,0,0,2.220446049250313e-16,2.220446049250313e-16
"Uniform(0.45,0.55)",5000,3,0,0,2.220446049250313e-16,-0.0
"Uniform(0.45,0.55)",5000,4,0,0,2.220446049250313e-16,-0.0
"Uniform(0.45,0.55)",5000,5,0,0,2.220446049250313e-16,2.220446049250313e-16
"Uniform(0.45,0.55)",5000,6,0,0,0.0,-0.0
"Uniform(0.45,0.55)",5000,7,0,0,0.0,-0.0
"Uniform(0.45,0.55)",5000,8,0,0,2.220446049250313e-16,2.220446049250313e-16
"Uniform(0.45,0.55)",5000,9,0,0,0.0,-0.0
