distribution,n,method,calibration,replications,mean_width_c1,mean_width_c05,mean_paired_difference,mean_relative_change,fraction_c05_narrower,fraction_c05_wider,relative_change_of_means
Bernoulli(0.1),10,Efficient betting,Deterministic,120,0.5371544220121376,0.6478021393425354,0.11064771733039787,0.24143281267553618,0.008333333333333333,0.975,0.20598865576852243
Bernoulli(0.1),10,Efficient betting,Uniformly randomized,120,0.4879499600494553,0.5842688000309885,0.09631883998153316,0.24224569575540736,0.05,0.9416666666666667,0.19739491314185353
Bernoulli(0.1),10,STaR betting,Deterministic,120,0.530846970968305,0.6463861095815305,0.11553913861322554,0.24762036554821207,0.0,0.9833333333333333,0.2176505564352631
Bernoulli(0.1),10,STaR betting,Uniformly randomized,120,0.496912127983873,0.583488129865113,0.08657600188123996,0.22307282151175378,0.09166666666666666,0.9,0.17422799123962962
Bernoulli(0.1),50,Efficient betting,Deterministic,120,0.25976992740733795,0.2854127982243916,0.025642870817053614,0.136070053790316,0.15833333333333333,0.8416666666666667,0.09871377750683119
Bernoulli(0.1),50,Efficient betting,Uniformly randomized,120,0.24832822081462957,0.25345603305022535,0.0051278122355957615,0.058110116664627086,0.325,0.675,0.02064933344576869
Bernoulli(0.1),50,STaR betting,Deterministic,120,0.2746867615920471,0.2826265761390156,0.007939814546968548,0.07918719223655138,0.425,0.575,0.028904977076253724
Bernoulli(0.1),50,STaR betting,Uniformly randomized,120,0.26638004676763616,0.25121977510597426,-0.015160271661661905,-0.006132012367593673,0.6583333333333333,0.3416666666666667,-0.05691218935360509
Bernoulli(0.1),100,Efficient betting,Deterministic,120,0.1874643693924715,0.19757246358965344,0.01010809419718196,0.06310183819615006,0.13333333333333333,0.8666666666666667,0.05392008214648958
Bernoulli(0.1),100,Efficient betting,Uniformly randomized,120,0.17444287127060262,0.17305811861767859,-0.0013847526529240247,0.003788489349877113,0.43333333333333335,0.5666666666666667,-0.007938144120409274
Bernoulli(0.1),100,STaR betting,Deterministic,120,0.19064239838846722,0.1892267981473076,-0.001415600241159602,0.00867191242306884,0.6,0.4,-0.007425421905756124
Bernoulli(0.1),100,STaR betting,Uniformly randomized,120,0.18433672910706797,0.1700784921530606,-0.014258236954007375,-0.058927696717346066,0.75,0.25,-0.07734886597518931
Bernoulli(0.1),500,Efficient betting,Deterministic,120,0.07405422249531582,0.0749066414617888,0.0008524189664729762,0.011246031845903458,0.075,0.8666666666666667,0.011510740883504678
Bernoulli(0.1),500,Efficient betting,Uniformly randomized,120,0.07107540536766276,0.07155620014535749,0.0004807947776947338,0.006778479152434626,0.20833333333333334,0.7916666666666666,0.006764573134794727
Bernoulli(0.1),500,STaR betting,Deterministic,120,0.07353475192018764,0.07415391521128925,0.0006191632911016142,0.008534546691121535,0.21666666666666667,0.7833333333333333,0.00842000924642572
Bernoulli(0.1),500,STaR betting,Uniformly randomized,120,0.0728954249189598,0.07274620894312367,-0.00014921597583613666,-0.0014445182272007806,0.4,0.6,-0.00204698684453819
Bernoulli(0.1),1000,Efficient betting,Deterministic,120,0.051184720627713655,0.05145397888404452,0.0002692582563308598,0.005127253287005146,0.06666666666666667,0.875,0.00526052019096257
Bernoulli(0.1),1000,Efficient betting,Uniformly randomized,120,0.04972070954590648,0.04986155456153722,0.00014084501563074465,0.0028996453027376476,0.26666666666666666,0.7333333333333333,0.002832723364510681
Bernoulli(0.1),1000,STaR betting,Deterministic,120,0.05100195267988596,0.051267750696133006,0.00026579801624703923,0.005106828677225168,0.09166666666666666,0.8916666666666667,0.005211526270676892
Bernoulli(0.1),1000,STaR betting,Uniformly randomized,120,0.050840885047702206,0.05080789822801803,-3.2986819684171415e-05,-0.0004984015830186891,0.31666666666666665,0.6666666666666666,-0.0006488246546696441
Bernoulli(0.1),5000,Efficient betting,Deterministic,60,0.022372021576731422,0.02239797384606019,2.5952269328768467e-05,0.001128526603748159,0.1,0.6666666666666666,0.001160032375248532
Bernoulli(0.1),5000,Efficient betting,Uniformly randomized,60,0.021956202486514084,0.021987693468245327,3.149098173124328e-05,0.0014065934363744444,0.26666666666666666,0.7333333333333333,0.0014342635868194176
Bernoulli(0.1),5000,STaR betting,Deterministic,60,0.022391674339838796,0.022419682868888367,2.8008529049572638e-05,0.0012288283099719354,0.016666666666666666,0.9,0.0012508456770352616
Bernoulli(0.1),5000,STaR betting,Uniformly randomized,60,0.02236637023464949,0.022371821871199588,5.451636550098347e-06,0.0002485789355916701,0.25,0.6666666666666666,0.00024374256944259542
Bernoulli(0.1),10000,Efficient betting,Deterministic,60,0.015679449957857992,0.0156841212072698,4.671249411808178e-06,0.00029894831962302135,0.23333333333333334,0.4,0.00029792176539111814
Bernoulli(0.1),10000,Efficient betting,Uniformly randomized,60,0.015450822926419552,0.015449665206988308,-1.1577194312449116e-06,-9.851341834888339e-05,0.2833333333333333,0.7166666666666667,-7.492930549768406e-05
Bernoulli(0.1),10000,STaR betting,Deterministic,60,0.01580464846920701,0.015816604341669992,1.195587246298017e-05,0.0007485762272015972,0.05,0.8833333333333333,0.0007564782276729964
Bernoulli(0.1),10000,STaR betting,Uniformly randomized,60,0.01579753423406776,0.01579872790435223,1.1936702844710101e-06,7.720222240009678e-05,0.2833333333333333,0.6666666666666666,7.556054424595615e-05
Bernoulli(0.1),50000,Efficient betting,Deterministic,30,0.006963981145359286,0.006964173761434441,1.9261607515410247e-07,2.7476409946255072e-05,0.23333333333333334,0.4,2.7658902448823852e-05
Bernoulli(0.1),50000,Efficient betting,Uniformly randomized,30,0.006912090759273761,0.006910939855290974,-1.1509039827856115e-06,-0.00018100661328542821,0.23333333333333334,0.7666666666666667,-0.000166505913025361
Bernoulli(0.1),50000,STaR betting,Deterministic,30,0.007064217515467183,0.00706496776431329,7.502488461069711e-07,0.00010590491481060245,0.0,0.6666666666666666,0.00010620409754702465
Bernoulli(0.1),50000,STaR betting,Uniformly randomized,30,0.007063449844380636,0.007063611569312766,1.617249321309022e-07,2.2254161789351614e-05,0.23333333333333334,0.43333333333333335,2.2896026119489932e-05
Bernoulli(0.1),100000,Efficient betting,Deterministic,30,0.004912768731512413,0.004913035548571009,2.6681705859778654e-07,5.439702499124103e-05,0.2,0.4666666666666667,5.4310934053392046e-05
Bernoulli(0.1),100000,Efficient betting,Uniformly randomized,30,0.004885895452281537,0.004887427274858651,1.5318225771142797e-06,0.0003115561766513693,0.2,0.8,0.00031351931126533117
Bernoulli(0.1),100000,STaR betting,Deterministic,30,0.004994353269544904,0.004994826937701075,4.736681561710402e-07,9.607816011193056e-05,0.0,0.6666666666666666,9.484073925225545e-05
Bernoulli(0.1),100000,STaR betting,Uniformly randomized,30,0.004994299132567944,0.004994649360348937,3.5022778099395396e-07,7.1007815426453e-05,0.06666666666666667,0.6,7.012551144747192e-05
Bernoulli(0.1),500000,Efficient betting,Deterministic,30,0.002191524726720901,0.0021916112150160596,8.648829515854143e-08,3.9558990933197256e-05,0.26666666666666666,0.3333333333333333,3.946489587991486e-05
Bernoulli(0.1),500000,Efficient betting,Uniformly randomized,30,0.0021866183135728994,0.0021862416435308937,-3.766700420057556e-07,-0.00017144790915996818,0.3,0.7,-0.00017226145032611662
Bernoulli(0.1),500000,STaR betting,Deterministic,30,0.0022330585726478103,0.002233087974636928,2.940198911745758e-08,1.3019592321739103e-05,0.0,0.23333333333333334,1.3166689614818594e-05
Bernoulli(0.1),500000,STaR betting,Uniformly randomized,30,0.002233055115470628,0.0022330014249483366,-5.3690522291519975e-08,-2.359202989744199e-05,0.16666666666666666,0.13333333333333333,-2.4043527595662972e-05
Bernoulli(0.1),1000000,Efficient betting,Deterministic,30,0.0015480810711728933,0.0015481257550723747,4.4683899481460604e-08,2.8898696169639877e-05,0.06666666666666667,0.3,2.8864056484723122e-05
Bernoulli(0.1),1000000,Efficient betting,Uniformly randomized,30,0.0015453508415988382,0.0015454360134417144,8.517184287617126e-08,5.493376970798769e-05,0.26666666666666666,0.7,5.511489079590426e-05
Bernoulli(0.1),1000000,STaR betting,Deterministic,30,0.0015722615706586845,0.001572274390562771,1.2819904086451098e-08,8.372877275153457e-06,0.0,0.26666666666666666,8.153798531695955e-06
Bernoulli(0.1),1000000,STaR betting,Uniformly randomized,30,0.0015722585218095008,0.0015722591338009518,6.119914510345954e-10,5.426143373584343e-07,0.1,0.2,3.892435260777205e-07
Bernoulli(0.5),10,Efficient betting,Deterministic,120,0.8715674769623405,0.8753023243338055,0.0037348473714650028,0.005537833484310358,0.125,0.36666666666666664,0.004285207365104959
Bernoulli(0.5),10,Efficient betting,Uniformly randomized,120,0.7555150291842458,0.7659476191666931,0.010432589982447097,0.015132504920995127,0.11666666666666667,0.65,0.013808580345134436
Bernoulli(0.5),10,STaR betting,Deterministic,120,0.8047649851310492,0.8197655857306306,0.015000600599581432,0.022098127659985492,0.008333333333333333,0.48333333333333334,0.01863972821473925
Bernoulli(0.5),10,STaR betting,Uniformly randomized,120,0.7297099131855198,0.7443420666268064,0.014632153441286542,0.021388167461438175,0.14166666666666666,0.6416666666666667,0.020052014063246748
Bernoulli(0.5),50,Efficient betting,Deterministic,120,0.3957936287427409,0.3979127978983794,0.002119169155638562,0.005280821405292126,0.05,0.775,0.0053542275613940316
Bernoulli(0.5),50,Efficient betting,Uniformly randomized,120,0.3591241192122673,0.3625360670269595,0.0034119478146922315,0.009147528358194896,0.15,0.85,0.009500748159650962
Bernoulli(0.5),50,STaR betting,Deterministic,120,0.3695747594317707,0.37735153049462744,0.007776771062856774,0.02124911427603608,0.008333333333333333,0.9916666666666667,0.021042484272501882
Bernoulli(0.5),50,STaR betting,Uniformly randomized,120,0.3581069568897089,0.36097985358869056,0.002872896698981683,0.008007162459856124,0.21666666666666667,0.7833333333333333,0.008022454307879956
Bernoulli(0.5),100,Efficient betting,Deterministic,120,0.27085359670456854,0.2729281051007372,0.002074508396168591,0.007658006447167094,0.0,0.9916666666666667,0.007659150262019132
Bernoulli(0.5),100,Efficient betting,Uniformly randomized,120,0.25517887289623975,0.2571761839053771,0.0019973110091373036,0.007472288544092363,0.20833333333333334,0.7916666666666666,0.007827101775582657
Bernoulli(0.5),100,STaR betting,Deterministic,120,0.25936119116148293,0.2636329855701125,0.004271794408629558,0.016558221430202535,0.0,1.0,0.016470445672690737
Bernoulli(0.5),100,STaR betting,Uniformly randomized,120,0.25604175049648953,0.25728743870345594,0.0012456882069663668,0.004731164086583801,0.25,0.75,0.004865176107220481
Bernoulli(0.5),500,Efficient betting,Deterministic,120,0.11771654116712663,0.11811383913174449,0.00039729796461787046,0.003377574583684127,0.0,1.0,0.003375039401249502
Bernoulli(0.5),500,Efficient betting,Uniformly randomized,120,0.11483678186978147,0.11479603044891544,-4.075142086602997e-05,-0.0004366292098201459,0.31666666666666665,0.6833333333333333,-0.00035486383545857425
Bernoulli(0.5),500,STaR betting,Deterministic,120,0.11721102022256176,0.11763309462174294,0.0004220743991811775,0.0036123029464188903,0.0,1.0,0.0036009788019910616
Bernoulli(0.5),500,STaR betting,Uniformly randomized,120,0.11695079356598163,0.1168142512551257,-0.00013654231085593466,-0.001129937029986385,0.3333333333333333,0.6666666666666666,-0.0011675193189595312
Bernoulli(0.5),1000,Efficient betting,Deterministic,120,0.08270434545084256,0.08295436883487349,0.00025002338403091833,0.0030252098829800216,0.0,1.0,0.0030230985163837154
Bernoulli(0.5),1000,Efficient betting,Uniformly randomized,120,0.08136261989701711,0.08144842399531466,8.580409829756404e-05,0.0010310561453199067,0.24166666666666667,0.7583333333333333,0.001054588684658242
Bernoulli(0.5),1000,STaR betting,Deterministic,120,0.08286401658004679,0.0830336452410962,0.00016962866104940633,0.002051515170226603,0.0,1.0,0.002047072638405645
Bernoulli(0.5),1000,STaR betting,Uniformly randomized,120,0.08278124980300741,0.08279124080073712,9.99099772970441e-06,0.00012779716432501087,0.30833333333333335,0.6916666666666667,0.00012069155459104586
Bernoulli(0.5),5000,Efficient betting,Deterministic,60,0.036685143807101334,0.03673532317812564,5.017937102430685e-05,0.0013682680371593704,0.0,1.0,0.0013678390164737486
Bernoulli(0.5),5000,Efficient betting,Uniformly randomized,60,0.03642262507906898,0.03640940577043939,-1.3219308629580651e-05,-0.0003708094529689473,0.35,0.65,-0.0003629422261819393
Bernoulli(0.5),5000,STaR betting,Deterministic,60,0.03713803646159875,0.037154379161219435,1.6342699620683354e-05,0.00044036522409155826,0.0,0.95,0.0004400528724124442
Bernoulli(0.5),5000,STaR betting,Uniformly randomized,60,0.037129685317478865,0.037114155194502826,-1.553012297603277e-05,-0.0004160227809194598,0.36666666666666664,0.6,-0.00041826702389879955
Bernoulli(0.5),10000,Efficient betting,Deterministic,60,0.025888848384548486,0.02591106350441174,2.2215119863251235e-05,0.000858298181333635,0.0,1.0,0.0008580961011968036
Bernoulli(0.5),10000,Efficient betting,Uniformly randomized,60,0.025759268807669464,0.025762651329615062,3.3825219455977754e-06,0.00012926119479735507,0.31666666666666665,0.6833333333333333,0.00013131280902634046
Bernoulli(0.5),10000,STaR betting,Deterministic,60,0.026210494156772145,0.026217833723917262,7.33956714511208e-06,0.00027879266520094054,0.0,0.9,0.00028002398967452713
Bernoulli(0.5),10000,STaR betting,Uniformly randomized,60,0.02620836298652858,0.02621242696683368,4.063980305098654e-06,0.000155703115856289,0.18333333333333332,0.7,0.00015506425590894324
Bernoulli(0.5),50000,Efficient betting,Deterministic,30,0.011546681294459786,0.011549808827068849,3.127532609063325e-06,0.0002708726620490894,0.0,1.0,0.00027085987127439815
Bernoulli(0.5),50000,Efficient betting,Uniformly randomized,30,0.011524515348028971,0.011526398135095687,1.882787066716703e-06,0.00016282889189721538,0.13333333333333333,0.8666666666666667,0.0001633723423377642
Bernoulli(0.5),50000,STaR betting,Deterministic,30,0.011751769468611081,0.011752056075090346,2.8660647926614933e-07,2.4646790382920612e-05,0.0,0.5,2.4388368069283572e-05
Bernoulli(0.5),50000,STaR betting,Uniformly randomized,30,0.011751632989183669,0.011751692128863045,5.913967937587472e-08,4.173809410423779e-06,0.06666666666666667,0.5,5.0324648013244655e-06
Bernoulli(0.5),100000,Efficient betting,Deterministic,30,0.008158987137361632,0.008161027998505979,2.0408611443460217e-06,0.000250148790342708,0.0,1.0,0.00025013658067929434
Bernoulli(0.5),100000,Efficient betting,Uniformly randomized,30,0.008145807506026668,0.008144107436215998,-1.700069810669132e-06,-0.00020904161459930348,0.4,0.5666666666666667,-0.00020870488400470677
Bernoulli(0.5),100000,STaR betting,Deterministic,30,0.008321625716650795,0.008321731872388067,1.0615573727094466e-07,1.264398379669333e-05,0.0,0.3,1.2756610413111602e-05
Bernoulli(0.5),100000,STaR betting,Uniformly randomized,30,0.008321558162871912,0.008321506693154344,-5.1469717567605615e-08,-6.2315474551229615e-06,0.26666666666666666,0.16666666666666666,-6.185105789091594e-06
Bernoulli(0.5),500000,Efficient betting,Deterministic,30,0.003645484458419897,0.003645879399101228,3.949406813308354e-07,0.00010834121134975691,0.0,1.0,0.00010833695379464103
Bernoulli(0.5),500000,Efficient betting,Uniformly randomized,30,0.003642889365866549,0.003643069788804504,1.8042293795465328e-07,4.949305825625953e-05,0.23333333333333334,0.7666666666666667,4.952742722452719e-05
Bernoulli(0.5),500000,STaR betting,Deterministic,30,0.0037178575294176635,0.0037178690383166866,1.150889902268304e-08,3.0645139380040357e-06,0.0,0.16666666666666666,3.0955729024562118e-06
Bernoulli(0.5),500000,STaR betting,Uniformly randomized,30,0.003717856090803799,0.0037178618452483195,5.754444520889024e-09,1.5161388564203607e-06,0.03333333333333333,0.06666666666666667,1.5477857078227686e-06
Bernoulli(0.5),1000000,Efficient betting,Deterministic,30,0.0025771709714627463,0.002577410199191778,2.3922772903195445e-07,9.282712707242939e-05,0.0,1.0,9.282571148006014e-05
Bernoulli(0.5),1000000,Efficient betting,Uniformly randomized,30,0.002576071668861942,0.002576261720770053,1.900519081110552e-07,7.376167044162626e-05,0.2,0.7666666666666667,7.377586206480657e-05
Bernoulli(0.5),1000000,STaR betting,Deterministic,30,0.0026257988716463085,0.0026258039579094877,5.086263179151136e-09,1.9229829313719784e-06,0.0,0.13333333333333333,1.937034566523721e-06
Bernoulli(0.5),1000000,STaR betting,Uniformly randomized,30,0.002625797854393204,0.0026257998888981394,2.0345049348928037e-09,7.756008409150657e-07,0.0,0.06666666666666667,7.748139987384661e-07
"Beta(0.5,0.5)",10,Efficient betting,Deterministic,120,0.7767300745815302,0.7943353111252616,0.017605236543731414,0.02607410935571434,0.14166666666666666,0.6416666666666667,0.022665836073382906
"Beta(0.5,0.5)",10,Efficient betting,Uniformly randomized,120,0.617689899250114,0.6479770174183296,0.030287118168215676,0.05115157309590409,0.10833333333333334,0.85,0.04903288560325292
"Beta(0.5,0.5)",10,STaR betting,Deterministic,120,0.6829061419882676,0.7238385314644771,0.04093238947620947,0.0637093481916048,0.008333333333333333,0.9,0.05993852882481865
"Beta(0.5,0.5)",10,STaR betting,Uniformly randomized,120,0.5827784172642044,0.6228111534698838,0.04003273620567941,0.07025277175511549,0.1,0.9,0.06869289427980041
"Beta(0.5,0.5)",50,Efficient betting,Deterministic,120,0.2884556175470573,0.29969771120598954,0.01124209365893225,0.039641876097163284,0.008333333333333333,0.9916666666666667,0.03897339131243749
"Beta(0.5,0.5)",50,Efficient betting,Uniformly randomized,120,0.25813838199584443,0.2662235237359168,0.008085141740072327,0.029608654826480226,0.16666666666666666,0.8333333333333334,0.031320959237292056
"Beta(0.5,0.5)",50,STaR betting,Deterministic,120,0.267691290930054,0.2863954405915984,0.018704149661544402,0.07052559945769768,0.0,1.0,0.06987208883994533
"Beta(0.5,0.5)",50,STaR betting,Uniformly randomized,120,0.25752679185898897,0.2651367004440804,0.007609908585091426,0.0282563138630737,0.21666666666666667,0.7833333333333333,0.029549968491271672
"Beta(0.5,0.5)",100,Efficient betting,Deterministic,120,0.19687716368227398,0.20185226889534588,0.004975105213071916,0.025529147498298436,0.016666666666666666,0.975,0.0252700979637277
"Beta(0.5,0.5)",100,Efficient betting,Uniformly randomized,120,0.18314170917917588,0.18620354719538237,0.0030618380162065095,0.016517512326304756,0.175,0.825,0.016718409093861686
"Beta(0.5,0.5)",100,STaR betting,Deterministic,120,0.1877290408567434,0.19509700933214116,0.007367968475397757,0.03936134624234931,0.016666666666666666,0.9833333333333333,0.039247888562006006
"Beta(0.5,0.5)",100,STaR betting,Uniformly randomized,120,0.1844692637058489,0.1869205700424858,0.0024513063366368775,0.013158293884306671,0.18333333333333332,0.8166666666666667,0.013288426957380306
"Beta(0.5,0.5)",500,Efficient betting,Deterministic,120,0.0841815478602732,0.0849773265972174,0.0007957787369442216,0.009500035342174225,0.025,0.9583333333333334,0.009453125502812965
"Beta(0.5,0.5)",500,Efficient betting,Uniformly randomized,120,0.08179893690196541,0.08217051512444548,0.0003715782224800818,0.004459994466756611,0.25833333333333336,0.7416666666666667,0.004542580093985782
"Beta(0.5,0.5)",500,STaR betting,Deterministic,120,0.08340599802195214,0.08413316360914956,0.0007271655871974189,0.008769987186607642,0.0,1.0,0.008718384821749137
"Beta(0.5,0.5)",500,STaR betting,Uniformly randomized,120,0.08316690493187535,0.0833940778639103,0.00022717293203493628,0.002776480808468303,0.24166666666666667,0.7583333333333333,0.00273153043534613
"Beta(0.5,0.5)",1000,Efficient betting,Deterministic,120,0.05887986632521787,0.059258046683853996,0.0003781803586361256,0.006438371835259454,0.03333333333333333,0.925,0.00642291469459666
"Beta(0.5,0.5)",1000,Efficient betting,Uniformly randomized,120,0.05765476850305382,0.057738141968414876,8.337346536105618e-05,0.0013899005922134186,0.2833333333333333,0.7166666666666667,0.0014460810012035807
"Beta(0.5,0.5)",1000,STaR betting,Deterministic,120,0.0586759193354813,0.058947401938930825,0.000271482603449535,0.004634975688356903,0.0,0.9916666666666667,0.00462681465453163
"Beta(0.5,0.5)",1000,STaR betting,Uniformly randomized,120,0.058581380843063774,0.05861516539738531,3.37845543215277e-05,0.0005918100851917713,0.30833333333333335,0.6833333333333333,0.0005767114710395482
"Beta(0.5,0.5)",5000,Efficient betting,Deterministic,60,0.026009876085247175,0.026080048102373972,7.017201712679611e-05,0.002701217835764606,0.06666666666666667,0.9166666666666666,0.0026978989402643982
"Beta(0.5,0.5)",5000,Efficient betting,Uniformly randomized,60,0.025769808144191515,0.0257626103574219,-7.197786769615651e-06,-0.00029411616132965686,0.35,0.65,-0.00027931084039667375
"Beta(0.5,0.5)",5000,STaR betting,Deterministic,60,0.026239143010779727,0.02626198847287685,2.284546209712172e-05,0.0008744988487818313,0.0,0.9833333333333333,0.0008706634240203126
"Beta(0.5,0.5)",5000,STaR betting,Uniformly randomized,60,0.026228442868709255,0.026222543583851298,-5.899284857957543e-06,-0.00021884483944165274,0.35,0.6333333333333333,-0.00022491937045165944
"Beta(0.5,0.5)",10000,Efficient betting,Deterministic,60,0.0183347338050503,0.018367232613641832,3.24988085915338e-05,0.001774363876500464,0.03333333333333333,0.9333333333333333,0.0017725268846053854
"Beta(0.5,0.5)",10000,Efficient betting,Uniformly randomized,60,0.01821089963146936,0.018214543860634667,3.6442291653115967e-06,0.00019113568504064242,0.3333333333333333,0.6666666666666666,0.0002001125281592131
"Beta(0.5,0.5)",10000,STaR betting,Deterministic,60,0.01852006140826126,0.018532010740028717,1.1949331767459788e-05,0.0006510202487555332,0.0,0.9166666666666666,0.0006452101590834758
"Beta(0.5,0.5)",10000,STaR betting,Uniformly randomized,60,0.018513699264558377,0.018512600575542878,-1.0986890154977373e-06,-5.890022663920802e-05,0.3333333333333333,0.6,-5.934465067181094e-05
"Beta(0.5,0.5)",50000,Efficient betting,Deterministic,30,0.00816785203240472,0.008175268534835807,7.416502431088305e-06,0.0009083678466813535,0.03333333333333333,0.9333333333333333,0.0009080113598609607
"Beta(0.5,0.5)",50000,Efficient betting,Uniformly randomized,30,0.008143927493252084,0.008142932701555531,-9.947916965532175e-07,-0.00012439301961305604,0.4666666666666667,0.5333333333333333,-0.00012215134495940916
"Beta(0.5,0.5)",50000,STaR betting,Deterministic,30,0.00832714073004862,0.008328279579941722,1.1388498931008683e-06,0.00013701367202492893,0.0,0.7666666666666667,0.000136763617911706
"Beta(0.5,0.5)",50000,STaR betting,Uniformly randomized,30,0.00832688678104268,0.008327055888136314,1.691070936338246e-07,2.0497925473976033e-05,0.2,0.6,2.030856166057582e-05
"Beta(0.5,0.5)",100000,Efficient betting,Deterministic,30,0.005773062022431008,0.0057760482169158045,2.9861944847960528e-06,0.0005171944415967022,0.0,0.9666666666666667,0.0005172635376500256
"Beta(0.5,0.5)",100000,Efficient betting,Uniformly randomized,30,0.005761606315424114,0.005763052876953203,1.4465615290892853e-06,0.00025076664293391946,0.23333333333333334,0.7666666666666667,0.00025106913764938454
"Beta(0.5,0.5)",100000,STaR betting,Deterministic,30,0.005869097115336106,0.005869336026589802,2.389112536952768e-07,4.009221843521704e-05,0.0,0.7,4.070664516198086e-05
"Beta(0.5,0.5)",100000,STaR betting,Uniformly randomized,30,0.0058690584156176635,0.005869235876795013,1.774611773493658e-07,2.9643151405171302e-05,0.13333333333333333,0.6,3.0236737272426595e-05
"Beta(0.5,0.5)",500000,Efficient betting,Deterministic,30,0.002578121645175637,0.002578767923522692,6.46278347055107e-07,0.00025070987654050023,0.03333333333333333,0.9666666666666667,0.000250677988086645
"Beta(0.5,0.5)",500000,Efficient betting,Uniformly randomized,30,0.0025755169060512673,0.002574975986454418,-5.409195968493948e-07,-0.00021033535822909306,0.43333333333333335,0.5666666666666667,-0.0002100237026511076
"Beta(0.5,0.5)",500000,STaR betting,Deterministic,30,0.0026291983466843398,0.002629217675164769,1.9328480429144555e-08,7.343308845908502e-06,0.0,0.26666666666666666,7.351472913086354e-06
"Beta(0.5,0.5)",500000,STaR betting,Uniformly randomized,30,0.002629181056257903,0.0026291556252384662,-2.543101943660216e-08,-9.497929077569485e-06,0.16666666666666666,0.16666666666666666,-9.672601046673002e-06
"Beta(0.5,0.5)",1000000,Efficient betting,Deterministic,30,0.0018227970569989205,0.0018231434708442962,3.4641384537570375e-07,0.00019005604733684695,0.0,0.9333333333333333,0.00019004520774568157
"Beta(0.5,0.5)",1000000,Efficient betting,Uniformly randomized,30,0.0018215736620665335,0.0018215809373680002,7.275301466824758e-09,3.964211618982342e-06,0.36666666666666664,0.6333333333333333,3.993965008497469e-06
"Beta(0.5,0.5)",1000000,STaR betting,Deterministic,30,0.0018651623486635517,0.0018651731411725493,1.0792508997603534e-08,5.7602823439362185e-06,0.0,0.26666666666666666,5.786364390969467e-06
"Beta(0.5,0.5)",1000000,STaR betting,Uniformly randomized,30,0.001865160909870008,0.001865168824610286,7.914740277984815e-09,4.240807318807901e-06,0.06666666666666667,0.2,4.243462446762436e-06
"Beta(1,5)",10,Efficient betting,Deterministic,120,0.5203261394648316,0.6544969490349782,0.13417080957014663,0.2608089533998744,0.0,1.0,0.2578590606809503
"Beta(1,5)",10,Efficient betting,Uniformly randomized,120,0.4474708071535646,0.5800519219801527,0.13258111482658805,0.3001728635097025,0.0,1.0,0.29628997625556486
"Beta(1,5)",10,STaR betting,Deterministic,120,0.5117877139375321,0.6505553952536471,0.13876768131611497,0.2728282572565098,0.0,1.0,0.27114304923125365
"Beta(1,5)",10,STaR betting,Uniformly randomized,120,0.43914321720108973,0.5735625970004595,0.13441937979936977,0.30978591509380127,0.0,1.0,0.30609462820831257
"Beta(1,5)",50,Efficient betting,Deterministic,120,0.16532634956568834,0.2277476719710653,0.06242132240537696,0.383248118572649,0.0,1.0,0.3775642695151591
"Beta(1,5)",50,Efficient betting,Uniformly randomized,120,0.1327343726670164,0.18288751075514534,0.05015313808812894,0.37765668972760025,0.0,1.0,0.37784589688720205
"Beta(1,5)",50,STaR betting,Deterministic,120,0.15114971334126048,0.21535324661951788,0.06420353327825738,0.4282243909615614,0.0,1.0,0.42476781370601024
"Beta(1,5)",50,STaR betting,Uniformly randomized,120,0.12906691299153106,0.17973326262737999,0.050666349635848935,0.3911459047840646,0.0,1.0,0.3925587779353914
"Beta(1,5)",100,Efficient betting,Deterministic,120,0.09717428771520539,0.12993526555328144,0.03276097783807604,0.3426917073458491,0.0,1.0,0.33713627965136883
"Beta(1,5)",100,Efficient betting,Uniformly randomized,120,0.0841184637422419,0.10914244726198115,0.02502398351973926,0.29410797373126096,0.016666666666666666,0.9833333333333333,0.2974850277391945
"Beta(1,5)",100,STaR betting,Deterministic,120,0.09102108778158484,0.12451930974187658,0.033498221960291744,0.3720630860441037,0.0,1.0,0.3680270449049612
"Beta(1,5)",100,STaR betting,Uniformly randomized,120,0.08249237592717974,0.10746604670041256,0.024973670773232832,0.2983703619674522,0.025,0.975,0.30273913792079843
"Beta(1,5)",500,Efficient betting,Deterministic,120,0.03549416384875332,0.03952318889917317,0.004029025050419853,0.11432217970970568,0.0,1.0,0.11351232466239258
"Beta(1,5)",500,Efficient betting,Uniformly randomized,120,0.033438309288149316,0.03591167958220127,0.0024733702940519437,0.07189520206817446,0.125,0.875,0.07396816246712934
"Beta(1,5)",500,STaR betting,Deterministic,120,0.03438646562283031,0.038636030728440025,0.004249565105609715,0.12618551894381386,0.0,1.0,0.12358249179259317
"Beta(1,5)",500,STaR betting,Uniformly randomized,120,0.033538921542951135,0.03584005267560802,0.0023011311326568843,0.068585670682463,0.15,0.85,0.06861076703703706
"Beta(1,5)",1000,Efficient betting,Deterministic,120,0.024376302739235058,0.025688175157862037,0.0013118724186269822,0.05376853412216922,0.0,1.0,0.05381753060177763
"Beta(1,5)",1000,Efficient betting,Uniformly randomized,120,0.023484568520752577,0.024261113467377346,0.0007765449466247675,0.032452163521121104,0.125,0.875,0.03306617900765607
"Beta(1,5)",1000,STaR betting,Deterministic,120,0.024005186720763187,0.02525175420111613,0.0012465674803529413,0.052097693738941,0.016666666666666666,0.9833333333333333,0.05192908911117655
"Beta(1,5)",1000,STaR betting,Uniformly randomized,120,0.0237299617958872,0.024290135921012247,0.0005601741251250479,0.023170375755412566,0.19166666666666668,0.8083333333333333,0.023606195827172938
"Beta(1,5)",5000,Efficient betting,Deterministic,60,0.010421759047782359,0.010543183377966666,0.00012142433018430635,0.011602267984386027,0.0,1.0,0.011651039870293811
"Beta(1,5)",5000,Efficient betting,Uniformly randomized,60,0.010249252847519747,0.010268400968926146,1.91481214063996e-05,0.0016887459591854023,0.31666666666666665,0.6833333333333333,0.0018682455873877402
"Beta(1,5)",5000,STaR betting,Deterministic,60,0.010452829900312413,0.010542118836215844,8.928893590343147e-05,0.008462841980385069,0.0,0.9833333333333333,0.00854208255132538
"Beta(1,5)",5000,STaR betting,Uniformly randomized,60,0.010427640570946398,0.010434331106612661,6.69053566626406e-06,0.0005498134387377895,0.25,0.75,0.0006416154853767786
"Beta(1,5)",10000,Efficient betting,Deterministic,60,0.007349881145139661,0.0074084729248265575,5.8591779686896496e-05,0.00795052968780527,0.0,0.9666666666666667,0.007971799615513753
"Beta(1,5)",10000,Efficient betting,Uniformly randomized,60,0.007278054488662505,0.007307471733526778,2.9417244864272477e-05,0.003990501313318529,0.23333333333333334,0.7666666666666667,0.004041910500958368
"Beta(1,5)",10000,STaR betting,Deterministic,60,0.007425274931942362,0.007461881608762624,3.6606676820262475e-05,0.004909269830736867,0.03333333333333333,0.95,0.004930009616584741
"Beta(1,5)",10000,STaR betting,Uniformly randomized,60,0.007419172465335064,0.007439046141625282,1.9873676290218153e-05,0.0026820623377363925,0.25,0.7333333333333333,0.0026786917790462272
"Beta(1,5)",50000,Efficient betting,Deterministic,30,0.003262570387756104,0.0032737523816264344,1.1181993870330402e-05,0.0034253811167221926,0.0,0.9666666666666667,0.0034273571268514935
"Beta(1,5)",50000,Efficient betting,Uniformly randomized,30,0.0032405149196200857,0.0032354278125898295,-5.08710703025587e-06,-0.001622333627211344,0.43333333333333335,0.5666666666666667,-0.0015698452734951296
"Beta(1,5)",50000,STaR betting,Deterministic,30,0.0033184374288319227,0.0033214967525868927,3.0593237549697562e-06,0.0009164379548738611,0.0,0.7666666666666667,0.0009219169626009105
"Beta(1,5)",50000,STaR betting,Uniformly randomized,30,0.0033166153073647332,0.0033132658864395955,-3.3494209251379766e-06,-0.0009979203289004737,0.3333333333333333,0.4666666666666667,-0.0010098912942059224
"Beta(1,5)",100000,Efficient betting,Deterministic,30,0.0023028635584713244,0.0023071849432206265,4.321384749302511e-06,0.0018768853735738223,0.0,0.9666666666666667,0.0018765266111426815
"Beta(1,5)",100000,Efficient betting,Uniformly randomized,30,0.002293058722220116,0.0022927444269064245,-3.1429531369142616e-07,-0.00014560137825978166,0.3333333333333333,0.6666666666666666,-0.0001370637876151326
"Beta(1,5)",100000,STaR betting,Deterministic,30,0.0023356825714826697,0.0023368594123380315,1.1768408553621453e-06,0.0005052393379556615,0.0,0.7666666666666667,0.0005038530790657525
"Beta(1,5)",100000,STaR betting,Uniformly randomized,30,0.002335460805650849,0.00233552682286253,6.601721168064678e-08,2.748688743670069e-05,0.2,0.6333333333333333,2.826731731953025e-05
"Beta(1,5)",500000,Efficient betting,Deterministic,30,0.0010279932984449847,0.00102876642918562,7.731307406351936e-07,0.0007522091971916925,0.0,1.0,0.0007520776077087898
"Beta(1,5)",500000,Efficient betting,Uniformly randomized,30,0.0010264400047505146,0.001026279327265911,-1.6067748460357745e-07,-0.00015717022186575446,0.4,0.6,-0.00015653860319164714
"Beta(1,5)",500000,STaR betting,Deterministic,30,0.0010509630864990423,0.0010510291716804528,6.608518141049124e-08,6.228043184563307e-05,0.0,0.5666666666666667,6.288059234371701e-05
"Beta(1,5)",500000,STaR betting,Uniformly randomized,30,0.0010509359251455834,0.001050885199011442,-5.0726134141291604e-08,-4.7536088712167116e-05,0.2,0.3333333333333333,-4.8267580285088485e-05
"Beta(1,5)",1000000,Efficient betting,Deterministic,30,0.0007263298551052177,0.0007267826401387752,4.527850335574642e-07,0.0006234036366590701,0.0,1.0,0.0006233876115306902
"Beta(1,5)",1000000,Efficient betting,Uniformly randomized,30,0.0007255623521505041,0.0007254980622829644,-6.428986753977591e-08,-8.971844702324225e-05,0.3,0.7,-8.86069506627063e-05
"Beta(1,5)",1000000,STaR betting,Deterministic,30,0.0007406882408397144,0.0007407042911606247,1.605032091030652e-08,2.1431907944739295e-05,0.0,0.4,2.1669469049578893e-05
"Beta(1,5)",1000000,STaR betting,Uniformly randomized,30,0.0007406830841444426,0.0007406813661051374,-1.718039305265151e-09,-2.115003658324325e-06,0.06666666666666667,0.3,-2.3195336061876404e-06
"Beta(2,2)",10,Efficient betting,Deterministic,120,0.6075541054690485,0.664478971986216,0.05692486651716747,0.10069061299047531,0.008333333333333333,0.95,0.09369513925549056
"Beta(2,2)",10,Efficient betting,Uniformly randomized,120,0.4678187772878592,0.5526203261392447,0.08480154885138548,0.19359147564219728,0.0,0.9833333333333333,0.18127008356316
"Beta(2,2)",10,STaR betting,Deterministic,120,0.5270549703472993,0.6245325709414676,0.09747760059416849,0.19183174197826072,0.0,1.0,0.18494769251476018
"Beta(2,2)",10,STaR betting,Uniformly randomized,120,0.4405783069824056,0.5420341532897286,0.10145584630732296,0.23794078008876196,0.0,1.0,0.23027880560486746
"Beta(2,2)",50,Efficient betting,Deterministic,120,0.1978582555955949,0.22960864494721367,0.03175038935161877,0.16466064043253867,0.0,1.0,0.1604703794443323
"Beta(2,2)",50,Efficient betting,Uniformly randomized,120,0.17270708930713158,0.19739929134927525,0.024692202042143636,0.14222049311314758,0.041666666666666664,0.9583333333333334,0.14297156035229452
"Beta(2,2)",50,STaR betting,Deterministic,120,0.18385283052104617,0.2252888108834155,0.041435980362369326,0.22853534330273806,0.0,1.0,0.225375808710359
"Beta(2,2)",50,STaR betting,Uniformly randomized,120,0.17196038342654166,0.1969011616852202,0.024940778258678527,0.1447819056024517,0.058333333333333334,0.9416666666666667,0.14503793118914965
"Beta(2,2)",100,Efficient betting,Deterministic,120,0.12987792374824303,0.14244535465405816,0.012567430905815156,0.09817748995115953,0.0,1.0,0.09676341092560126
"Beta(2,2)",100,Efficient betting,Uniformly randomized,120,0.12028779843828387,0.13096157908740666,0.010673780649122798,0.0884057594118563,0.041666666666666664,0.9583333333333334,0.08873535626806905
"Beta(2,2)",100,STaR betting,Deterministic,120,0.12392016929778779,0.1402929134884881,0.01637274419070032,0.13308034770163166,0.0,1.0,0.1321233200654819
"Beta(2,2)",100,STaR betting,Uniformly randomized,120,0.12088801692835478,0.1312712162858992,0.010383199357544419,0.08554953570811707,0.041666666666666664,0.9583333333333334,0.08589105538639186
"Beta(2,2)",500,Efficient betting,Deterministic,120,0.05384166631020513,0.05515938330749642,0.001317716997291292,0.02453308450904367,0.0,1.0,0.02447392674846549
"Beta(2,2)",500,Efficient betting,Uniformly randomized,120,0.05184368494783735,0.05234776827658804,0.0005040833287506851,0.009255991777930357,0.20833333333333334,0.7916666666666666,0.009723138493297201
"Beta(2,2)",500,STaR betting,Deterministic,120,0.052996025784842006,0.05430192916246097,0.0013059033776189578,0.024729889690317457,0.0,1.0,0.02464153412032788
"Beta(2,2)",500,STaR betting,Uniformly randomized,120,0.05262277803666526,0.05298589060557489,0.0003631125689096256,0.006723255450714617,0.25833333333333336,0.7416666666666667,0.006900292657613605
"Beta(2,2)",1000,Efficient betting,Deterministic,120,0.03749780114964061,0.038057794855914664,0.0005599937062740595,0.014977988444039199,0.0,1.0,0.014934041173222834
"Beta(2,2)",1000,Efficient betting,Uniformly randomized,120,0.03661532581100262,0.03685605610750355,0.00024073029650092484,0.006498536534621705,0.20833333333333334,0.7916666666666666,0.006574577480028543
"Beta(2,2)",1000,STaR betting,Deterministic,120,0.037453151829173865,0.037902522776860244,0.0004493709476863778,0.012035861936408964,0.008333333333333333,0.9916666666666667,0.011998214455648082
"Beta(2,2)",1000,STaR betting,Uniformly randomized,120,0.03732172897962761,0.03751581591552882,0.0001940869359012202,0.0051628437943434975,0.21666666666666667,0.7833333333333333,0.005200373648475809
"Beta(2,2)",5000,Efficient betting,Deterministic,60,0.016485690431764132,0.016576271660187325,9.058122842319124e-05,0.005503923565229196,0.0,1.0,0.005494536537496986
"Beta(2,2)",5000,Efficient betting,Uniformly randomized,60,0.016310183160795976,0.01632692529345174,1.6742132655764296e-05,0.0009894310768639003,0.3333333333333333,0.6666666666666666,0.0010264834239266385
"Beta(2,2)",5000,STaR betting,Deterministic,60,0.016568728434988026,0.016608872599350778,4.0144164362752406e-05,0.002420931682436093,0.0,0.95,0.002422887460571843
"Beta(2,2)",5000,STaR betting,Uniformly randomized,60,0.01655562383129082,0.016560705213459623,5.0813821688033835e-06,0.00027356442134791046,0.2833333333333333,0.7,0.00030692785850816584
"Beta(2,2)",10000,Efficient betting,Deterministic,60,0.011618170784284782,0.011666061246810636,4.789046252585416e-05,0.004123038009668441,0.0,1.0,0.004122031205689769
"Beta(2,2)",10000,Efficient betting,Uniformly randomized,60,0.011521519552192628,0.011508123368501563,-1.339618369106584e-05,-0.001186677958560885,0.45,0.55,-0.0011627097997256586
"Beta(2,2)",10000,STaR betting,Deterministic,60,0.011770792645998321,0.011784479932467602,1.3687286469279968e-05,0.0011621360310205664,0.0,1.0,0.0011628177371669768
"Beta(2,2)",10000,STaR betting,Uniformly randomized,60,0.011765056048029276,0.011762218459531397,-2.8375884978809607e-06,-0.00023507501588356053,0.25,0.75,-0.00024118784358484469
"Beta(2,2)",50000,Efficient betting,Deterministic,30,0.00517612224016271,0.005185113559664519,8.991319501809128e-06,0.0017378496551062308,0.0,1.0,0.0017370763449213733
"Beta(2,2)",50000,Efficient betting,Uniformly randomized,30,0.005155587236004326,0.005155516999778553,-7.023622577243907e-08,-1.5769226119318376e-05,0.3,0.7,-1.36233221469384e-05
"Beta(2,2)",50000,STaR betting,Deterministic,30,0.005249299963209345,0.005251275505535768,1.975542326423015e-06,0.00037919230468565305,0.0,0.9,0.0003763439582933348
"Beta(2,2)",50000,STaR betting,Uniformly randomized,30,0.005248158674513714,0.005247580038853161,-5.786356605530507e-07,-0.00010534220016753157,0.3,0.6333333333333333,-0.00011025498587968752
"Beta(2,2)",100000,Efficient betting,Deterministic,30,0.003652968749423208,0.0036567217920662034,3.7530426429954744e-06,0.0010275553013801082,0.0,0.9666666666666667,0.0010273952230190897
"Beta(2,2)",100000,Efficient betting,Uniformly randomized,30,0.0036443921352239633,0.0036441963174852227,-1.9581773874066677e-07,-5.46748780038131e-05,0.4666666666666667,0.5333333333333333,-5.37312483055441e-05
"Beta(2,2)",100000,STaR betting,Deterministic,30,0.003743097705988117,0.0037435251425462315,4.2743655811472434e-07,0.00011396228131731838,0.0,0.8666666666666667,0.00011419326763251192
"Beta(2,2)",100000,STaR betting,Uniformly randomized,30,0.0037429897124222435,0.00374304127830052,5.1565878276630764e-08,1.3787997105740856e-05,0.16666666666666666,0.6666666666666666,1.3776655090724788e-05
"Beta(2,2)",500000,Efficient betting,Deterministic,30,0.0016317044533586103,0.0016323531450689452,6.48691710334696e-07,0.00039750912742485175,0.0,0.9666666666666667,0.000397554660710453
"Beta(2,2)",500000,Efficient betting,Uniformly randomized,30,0.0016297223117044143,0.0016297892980061976,6.698630178325615e-08,4.0791266176942734e-05,0.3,0.7,4.110289299119607e-05
"Beta(2,2)",500000,STaR betting,Deterministic,30,0.0016536127894742569,0.0016536365931881698,2.3803713912936194e-08,1.4531795640075154e-05,0.0,0.5333333333333333,1.4394974485298917e-05
"Beta(2,2)",500000,STaR betting,Uniformly randomized,30,0.0016535992846525812,0.0016536044340340486,5.149381467524823e-09,3.4872620987595285e-06,0.16666666666666666,0.3333333333333333,3.1140443246258087e-06
"Beta(2,2)",1000000,Efficient betting,Deterministic,30,0.0011530218702145083,0.0011534354378026932,4.1356758818481926e-07,0.00035872444398105476,0.0,0.9333333333333333,0.0003586814776617153
"Beta(2,2)",1000000,Efficient betting,Uniformly randomized,30,0.0011518995691725856,0.0011517833102695108,-1.1625890307490986e-07,-0.00010144610141354556,0.36666666666666664,0.6333333333333333,-0.00010092798555205729
"Beta(2,2)",1000000,STaR betting,Deterministic,30,0.0011573461892230982,0.0011573693862653224,2.3197042224124924e-08,1.9984091963887173e-05,0.0,0.26666666666666666,2.004330462246351e-05
"Beta(2,2)",1000000,STaR betting,Uniformly randomized,30,0.0011573361794946354,0.0011573279859398654,-8.193554769849362e-09,-6.586235402616936e-06,0.13333333333333333,0.16666666666666666,-7.079667010523316e-06
"Beta(20,80)",10,Efficient betting,Deterministic,120,0.5317253081905224,0.66583268915706,0.13410738096653743,0.25230470644470704,0.0,1.0,0.2522117696878281
"Beta(20,80)",10,Efficient betting,Uniformly randomized,120,0.43446267576790937,0.5677719563332624,0.13330928056535296,0.31189583493248857,0.0,1.0,0.30683713009346514
"Beta(20,80)",10,STaR betting,Deterministic,120,0.5046449626921216,0.6411160523731111,0.13647108968098962,0.2704457529053154,0.0,1.0,0.2704299057162076
"Beta(20,80)",10,STaR betting,Uniformly randomized,120,0.40922584278803226,0.5470868848401131,0.13786104205208094,0.342152710683622,0.0,1.0,0.3368825417105663
"Beta(20,80)",50,Efficient betting,Deterministic,120,0.12637274480710428,0.19284367146809897,0.06647092666099469,0.5285109280742665,0.0,1.0,0.5259910019558103
"Beta(20,80)",50,Efficient betting,Uniformly randomized,120,0.09709698699816632,0.1577241554900507,0.0606271684918844,0.6282070016985801,0.0,1.0,0.6243980412392129
"Beta(20,80)",50,STaR betting,Deterministic,120,0.11414038492838542,0.1881367419433594,0.07399635701497397,0.64928754598002,0.0,1.0,0.6482925133063215
"Beta(20,80)",50,STaR betting,Uniformly randomized,120,0.09328797416649758,0.1565577567946911,0.06326978262819351,0.6798702721277247,0.0,1.0,0.6782201370915348
"Beta(20,80)",100,Efficient betting,Deterministic,120,0.06649312419798226,0.10484345418294269,0.03835032998496045,0.5815073080122791,0.0,1.0,0.5767563255228152
"Beta(20,80)",100,Efficient betting,Uniformly randomized,120,0.051734666214807615,0.085234638671875,0.03349997245706739,0.646486297787855,0.0,1.0,0.6475343306163817
"Beta(20,80)",100,STaR betting,Deterministic,120,0.060358246866861996,0.10214501241048175,0.04178676554361977,0.6938750527204395,0.0,1.0,0.6923124463139703
"Beta(20,80)",100,STaR betting,Uniformly randomized,120,0.04993833719889325,0.08451682393391928,0.03457848673502603,0.689099588265078,0.0,1.0,0.6924236703618631
"Beta(20,80)",500,Efficient betting,Deterministic,120,0.015358176084558174,0.02369986077880859,0.008341684694250416,0.5459920857910541,0.0,1.0,0.5431429258476554
"Beta(20,80)",500,Efficient betting,Uniformly randomized,120,0.01318569177580261,0.019953660786946614,0.006767969011144003,0.509187740463332,0.0,1.0,0.5132812996254068
"Beta(20,80)",500,STaR betting,Deterministic,120,0.014693452148437506,0.023345290730794267,0.008651838582356762,0.5903172316428524,0.0,1.0,0.5888227283114535
"Beta(20,80)",500,STaR betting,Uniformly randomized,120,0.013025870463053394,0.019840486063639324,0.006814615600585932,0.5181284956800329,0.0,1.0,0.5231600928256517
"Beta(20,80)",1000,Efficient betting,Deterministic,120,0.008905035461873816,0.012851600390372597,0.003946564928498782,0.44502938597334263,0.0,1.0,0.44318351626960695
"Beta(20,80)",1000,Efficient betting,Uniformly randomized,120,0.007928615614969175,0.010950505530203566,0.0030218899152343903,0.37308864997080743,0.016666666666666666,0.9833333333333333,0.3811371444882614
"Beta(20,80)",1000,STaR betting,Deterministic,120,0.008595448697033417,0.012626102025427832,0.004030653328394415,0.47056760371356326,0.0,1.0,0.4689287866711984
"Beta(20,80)",1000,STaR betting,Uniformly randomized,120,0.007827403942262048,0.010865250896045947,0.0030378469537839,0.37975715281949946,0.016666666666666666,0.9833333333333333,0.38810402225210683
"Beta(20,80)",5000,Efficient betting,Deterministic,60,0.0031579766781620316,0.003641448767256431,0.00048347208909439954,0.15330548555059195,0.0,1.0,0.1530955223443209
"Beta(20,80)",5000,Efficient betting,Uniformly randomized,60,0.003016896666936693,0.003347317178008609,0.0003304205110719156,0.10862908161792054,0.03333333333333333,0.9666666666666667,0.10952331072294208
"Beta(20,80)",5000,STaR betting,Deterministic,60,0.003084145414476527,0.0035949026425704006,0.0005107572280938736,0.1662538191431773,0.0,1.0,0.165607375610908
"Beta(20,80)",5000,STaR betting,Uniformly randomized,60,0.0030004328755706927,0.0033375549382387176,0.0003371220626680248,0.11131590824723223,0.08333333333333333,0.9166666666666666,0.11235780857250566
"Beta(20,80)",10000,Efficient betting,Deterministic,60,0.0021450535448326443,0.002306858656440603,0.00016180511160795858,0.07542972467133373,0.0,1.0,0.07543173549105164
"Beta(20,80)",10000,Efficient betting,Uniformly randomized,60,0.0020781025778166926,0.0021632720822556514,8.516950443895888e-05,0.03975632554091981,0.13333333333333333,0.8666666666666667,0.04098426388962961
"Beta(20,80)",10000,STaR betting,Deterministic,60,0.002145664848091129,0.00230817527605638,0.00016251042796525117,0.07579996633200756,0.0,1.0,0.07573896180003459
"Beta(20,80)",10000,STaR betting,Uniformly randomized,60,0.002116478769887006,0.0021867013569826345,7.022258709562847e-05,0.03245505039571853,0.21666666666666667,0.7833333333333333,0.03317897070112252
"Beta(20,80)",50000,Efficient betting,Deterministic,30,0.0009321967019373619,0.0009485607432607151,1.6364041323353266e-05,0.01753503337553124,0.0,1.0,0.017554279359006664
"Beta(20,80)",50000,Efficient betting,Uniformly randomized,30,0.0009221789031541195,0.0009286465422723821,6.467639118262758e-06,0.00692787070012368,0.3,0.7,0.007013432096680372
"Beta(20,80)",50000,STaR betting,Deterministic,30,0.000937560821550959,0.0009467449414822147,9.184119931255711e-06,0.009719915036524585,0.0,1.0,0.009795759080528654
"Beta(20,80)",50000,STaR betting,Uniformly randomized,30,0.0009349058866146981,0.0009380133218280425,3.107435213344408e-06,0.003268744219381588,0.4,0.6,0.003323794681191483
"Beta(20,80)",100000,Efficient betting,Deterministic,30,0.0006551950107855689,0.0006608919091194561,5.696898333887312e-06,0.008690675086202011,0.0,1.0,0.008694965987388503
"Beta(20,80)",100000,Efficient betting,Uniformly randomized,30,0.0006477161057160109,0.0006472816050948996,-4.3450062111131486e-07,-0.0007822842948221035,0.43333333333333335,0.5666666666666667,-0.0006708195415814355
"Beta(20,80)",100000,STaR betting,Deterministic,30,0.0006670401198450443,0.0006696010586298669,2.560938784822627e-06,0.0038419437355724064,0.0,0.9666666666666667,0.0038392575028582954
"Beta(20,80)",100000,STaR betting,Uniformly randomized,30,0.0006651734337474717,0.0006643349244598658,-8.385092876058339e-07,-0.0013452770089942094,0.3,0.6666666666666666,-0.001260587457442286
"Beta(20,80)",500000,Efficient betting,Deterministic,30,0.00029127391849542716,0.00029239559617398695,1.1216776785597885e-06,0.0038501665792734026,0.0,1.0,0.003850937579148228
"Beta(20,80)",500000,Efficient betting,Uniformly randomized,30,0.00029038975050449666,0.0002907105132807897,3.207627762930043e-07,0.0010947855063242991,0.3333333333333333,0.6666666666666666,0.001104594000772341
"Beta(20,80)",500000,STaR betting,Deterministic,30,0.00029560188365066554,0.0002958716889807626,2.6980533009701715e-07,0.0009154676096707392,0.0,0.9,0.0009127321069979377
"Beta(20,80)",500000,STaR betting,Uniformly randomized,30,0.0002955233546441264,0.00029554503688479874,2.168224067233826e-08,6.659446486260897e-05,0.3,0.6333333333333333,7.336895826193235e-05
"Beta(20,80)",1000000,Efficient betting,Deterministic,30,0.00020570238350704114,0.00020622570464943942,5.233211423982809e-07,0.002543497216789414,0.0,1.0,0.002544069414637473
"Beta(20,80)",1000000,Efficient betting,Uniformly randomized,30,0.0002050510081007012,0.00020494942071548709,-1.0158738521411544e-07,-0.0005023987587967663,0.4,0.6,-0.0004954249489191875
"Beta(20,80)",1000000,STaR betting,Deterministic,30,0.00020983301188069273,0.0002098961823214618,6.317044076905217e-08,0.0002995870831959661,0.0,0.6333333333333333,0.0003010510129120014
"Beta(20,80)",1000000,STaR betting,Uniformly randomized,30,0.00020980831905290098,0.00020979465804684774,-1.3661006053230137e-08,-6.697308234142237e-05,0.3333333333333333,0.4,-6.511184167956596e-05
"Beta(50,50)",10,Efficient betting,Deterministic,120,0.4375810826057568,0.5906202189127605,0.15303913630700366,0.3497629568423849,0.0,1.0,0.3497389224316305
"Beta(50,50)",10,Efficient betting,Uniformly randomized,120,0.37423142593477066,0.5265420532226562,0.15231062728788564,0.4112500836180193,0.0,1.0,0.40699582325946526
"Beta(50,50)",10,STaR betting,Deterministic,120,0.4291123453776041,0.5879344177246094,0.15882207234700527,0.3701251985144019,0.0,1.0,0.3701176954190104
"Beta(50,50)",10,STaR betting,Uniformly randomized,120,0.3686331176757813,0.5242565409342448,0.15562342325846357,0.4262693292565228,0.0,1.0,0.42216343512396204
"Beta(50,50)",50,Efficient betting,Deterministic,120,0.10943912333312131,0.18607610677083336,0.07663698343771204,0.7005673682048819,0.0,1.0,0.7002704435454681
"Beta(50,50)",50,Efficient betting,Uniformly randomized,120,0.09037383829216862,0.15558561401367185,0.06521177572150323,0.7081426772029309,0.008333333333333333,0.9916666666666667,0.7215780247230486
"Beta(50,50)",50,STaR betting,Deterministic,120,0.10753536987304682,0.18555738118489584,0.07802201131184902,0.7256226726678461,0.0,1.0,0.7255474306171037
"Beta(50,50)",50,STaR betting,Uniformly randomized,120,0.08951277085952457,0.155267436726888,0.06575466586736343,0.7209256642602495,0.008333333333333333,0.9916666666666667,0.7345841854293
"Beta(50,50)",100,Efficient betting,Deterministic,120,0.05852476145792752,0.10124247639973959,0.04271771494181208,0.7303980844352743,0.0,1.0,0.7299083990717523
"Beta(50,50)",100,Efficient betting,Uniformly randomized,120,0.048614083726253886,0.08378198750813802,0.03516790378188414,0.7214620462932374,0.0,1.0,0.7234097834675801
"Beta(50,50)",100,STaR betting,Deterministic,120,0.05740079243977864,0.10088862304687503,0.04348783060709639,0.758002604100998,0.0,1.0,0.7576172515862238
"Beta(50,50)",100,STaR betting,Uniformly randomized,120,0.048173940022786445,0.08358684285481771,0.035412902832031266,0.7331637645338518,0.0,1.0,0.7351049720093652
"Beta(50,50)",500,Efficient betting,Deterministic,120,0.015134581237989875,0.02308686346307236,0.007952282225082485,0.5260952103459974,0.0,1.0,0.5254378763464671
"Beta(50,50)",500,Efficient betting,Uniformly randomized,120,0.013401203591730108,0.019376014187747294,0.005974810596017185,0.4353419766969917,0.008333333333333333,0.9916666666666667,0.4458413421690157
"Beta(50,50)",500,STaR betting,Deterministic,120,0.014871880396723857,0.023038052238367808,0.00816617184164395,0.5502973102106471,0.0,1.0,0.5491015005367368
"Beta(50,50)",500,STaR betting,Uniformly randomized,120,0.013347131403300122,0.019349263406963538,0.0060021320036634145,0.43935209598874125,0.008333333333333333,0.9916666666666667,0.44969453152902705
"Beta(50,50)",1000,Efficient betting,Deterministic,120,0.00951485283276685,0.012645965345555534,0.003131112512788685,0.3298744782552775,0.0,1.0,0.329076294486226
"Beta(50,50)",1000,Efficient betting,Uniformly randomized,120,0.008641918692031307,0.010715778272181887,0.0020738595801505794,0.23358565574413223,0.016666666666666666,0.9833333333333333,0.23997675216070724
"Beta(50,50)",1000,STaR betting,Deterministic,120,0.009300672559809516,0.012643467209952446,0.0033427946501429296,0.3601402488340668,0.0,1.0,0.3594142927456627
"Beta(50,50)",1000,STaR betting,Uniformly randomized,120,0.008610103183167685,0.01071340110926507,0.0021032979260973833,0.23843010104619422,0.016666666666666666,0.9833333333333333,0.2442825459059801
"Beta(50,50)",5000,Efficient betting,Deterministic,60,0.0038056746260764023,0.004031303773952441,0.0002256291478760386,0.0593516668386379,0.0,1.0,0.05928755609584502
"Beta(50,50)",5000,Efficient betting,Uniformly randomized,60,0.0036524409826699023,0.0037480909130363127,9.564993036641026e-05,0.02461810614354527,0.18333333333333332,0.8166666666666667,0.026187946860811717
"Beta(50,50)",5000,STaR betting,Deterministic,60,0.00378718288398718,0.004034681002287892,0.00024749811830071245,0.0652761185505704,0.0,1.0,0.06535150952101465
"Beta(50,50)",5000,STaR betting,Uniformly randomized,60,0.0037156007030858013,0.003810096236060717,9.449553297491605e-05,0.0238281555778728,0.21666666666666667,0.7833333333333333,0.02543210116642447
"Beta(50,50)",10000,Efficient betting,Deterministic,60,0.0026387718006930082,0.00272916965645717,9.039785576416179e-05,0.03427622719626162,0.0,1.0,0.034257549569243206
"Beta(50,50)",10000,Efficient betting,Uniformly randomized,60,0.0025786186485710545,0.002617281996556445,3.8663347985390394e-05,0.014613027324881575,0.2,0.8,0.014993821597782953
"Beta(50,50)",10000,STaR betting,Deterministic,60,0.0026347489213426824,0.002711848038300895,7.709911695821247e-05,0.02928297176806254,0.0,1.0,0.029262415228135774
"Beta(50,50)",10000,STaR betting,Uniformly randomized,60,0.002616441389302032,0.002644386028200265,2.7944638898232583e-05,0.010482720149920546,0.25,0.75,0.010680399344121128
"Beta(50,50)",50000,Efficient betting,Deterministic,30,0.0011595386232992112,0.0011725131619439444,1.2974538644733302e-05,0.011195471428023122,0.0,1.0,0.011189397562124448
"Beta(50,50)",50000,Efficient betting,Uniformly randomized,30,0.0011466909935597292,0.0011480387402651707,1.3477467054416141e-06,0.001137407497653505,0.4666666666666667,0.5333333333333333,0.00117533556381888
"Beta(50,50)",50000,STaR betting,Deterministic,30,0.001174365101096475,0.0011805337674742602,6.1686663777852735e-06,0.0052802183486489575,0.0,1.0,0.005252767109671153
"Beta(50,50)",50000,STaR betting,Uniformly randomized,30,0.0011728754598564336,0.0011740659044484458,1.1904445920122668e-06,0.0010435899714381599,0.3333333333333333,0.6666666666666666,0.0010149795376892534
"Beta(50,50)",100000,Efficient betting,Deterministic,30,0.000817657690814331,0.0008240832618321481,6.4255710178170075e-06,0.007860453309918351,0.0,1.0,0.007858509850763529
"Beta(50,50)",100000,Efficient betting,Uniformly randomized,30,0.0008110845406860634,0.0008118373172502931,7.527765642297475e-07,0.0008846453064179453,0.3333333333333333,0.6666666666666666,0.000928111098743134
"Beta(50,50)",100000,STaR betting,Deterministic,30,0.0008269562308862352,0.0008295692146705336,2.612983784298454e-06,0.003193092636180913,0.0,1.0,0.0031597606822528768
"Beta(50,50)",100000,STaR betting,Uniformly randomized,30,0.0008261203100111543,0.0008263519423031514,2.316322919970748e-07,0.00030951014587685306,0.3,0.7,0.0002803856644004732
"Beta(50,50)",500000,Efficient betting,Deterministic,30,0.0003638523746313275,0.00036500015809277084,1.1477834614433598e-06,0.0031543857759019985,0.0,1.0,0.0031545306323927935
"Beta(50,50)",500000,Efficient betting,Uniformly randomized,30,0.0003628414662330807,0.0003630531996908918,2.117334578111141e-07,0.0005812311078450224,0.36666666666666664,0.6333333333333333,0.0005835426143798728
"Beta(50,50)",500000,STaR betting,Deterministic,30,0.0003690715402946983,0.00036923452398907226,1.6298369437395266e-07,0.00044526753221389254,0.0,0.9,0.00044160461205922097
"Beta(50,50)",500000,STaR betting,Uniformly randomized,30,0.00036904920676797404,0.0003691396071035802,9.040033560614447e-08,0.00024693048152700053,0.23333333333333334,0.7,0.00024495469424756777
"Beta(50,50)",1000000,Efficient betting,Deterministic,30,0.0002569076633740471,0.00025743212554045584,5.24462166408742e-07,0.0020414594316344294,0.0,1.0,0.002041442281327077
"Beta(50,50)",1000000,Efficient betting,Uniformly randomized,30,0.00025642320444029437,0.00025656331689593394,1.4011245563957016e-07,0.0005426734270434756,0.26666666666666666,0.7333333333333333,0.0005464109847055365
"Beta(50,50)",1000000,STaR betting,Deterministic,30,0.00026108672611069306,0.00026116901100405135,8.228489335830128e-08,0.00032049526787783684,0.0,0.7666666666666667,0.0003151630670163996
"Beta(50,50)",1000000,STaR betting,Uniformly randomized,30,0.0002610832849445225,0.0002611522021175446,6.891717302207982e-08,0.00026975763612357615,0.13333333333333333,0.6666666666666666,0.00026396623987912093
"Uniform(0,1)",10,Efficient betting,Deterministic,120,0.7049275389450124,0.7337439478854566,0.028816408940444332,0.045703292247779664,0.11666666666666667,0.775,0.0408785404859775
"Uniform(0,1)",10,Efficient betting,Uniformly randomized,120,0.5476387985595268,0.6019386037553942,0.0542998051958674,0.10753019247800948,0.016666666666666666,0.9833333333333333,0.09915258987985154
"Uniform(0,1)",10,STaR betting,Deterministic,120,0.6025543885062716,0.6656582849235605,0.06310389641728888,0.112147904546911,0.0,1.0,0.10472730366087446
"Uniform(0,1)",10,STaR betting,Uniformly randomized,120,0.5103171716777478,0.5811862244554581,0.07086905277771033,0.14586757452714386,0.008333333333333333,0.9916666666666667,0.13887256144001014
"Uniform(0,1)",50,Efficient betting,Deterministic,120,0.24207504938662427,0.26037636391965896,0.018301314533034702,0.07747642731192768,0.0,1.0,0.07560182092044188
"Uniform(0,1)",50,Efficient betting,Uniformly randomized,120,0.21611226299228548,0.2296155899006582,0.013503326908372732,0.06197021014077965,0.15,0.85,0.06248292772194408
"Uniform(0,1)",50,STaR betting,Deterministic,120,0.2245569200905309,0.25208345300668505,0.027526532916154183,0.12435932306748079,0.0,1.0,0.12258153925987547
"Uniform(0,1)",50,STaR betting,Uniformly randomized,120,0.215642971787741,0.22884650719428865,0.013203535406547626,0.06124955314099292,0.16666666666666666,0.8333333333333334,0.06122868413974558
"Uniform(0,1)",100,Efficient betting,Deterministic,120,0.16329605814978956,0.1712165084189553,0.007920450269165748,0.04897345934377375,0.0,1.0,0.04850362194230318
"Uniform(0,1)",100,Efficient betting,Uniformly randomized,120,0.15067119401622223,0.1557665978737053,0.005095403857483078,0.033244920948486044,0.14166666666666666,0.8583333333333333,0.03381803596070587
"Uniform(0,1)",100,STaR betting,Deterministic,120,0.15525896208536163,0.16585246099370143,0.010593498908339778,0.06855136750032007,0.0,1.0,0.06823115887194642
"Uniform(0,1)",100,STaR betting,Uniformly randomized,120,0.15183129391236433,0.15613874987011517,0.004307455957750829,0.0279736656884956,0.18333333333333332,0.8166666666666667,0.028370014156877676
"Uniform(0,1)",500,Efficient betting,Deterministic,120,0.06878499967725794,0.06982932126587876,0.0010443215886208237,0.015230235313522331,0.0,0.9916666666666667,0.015182403046024806
"Uniform(0,1)",500,Efficient betting,Uniformly randomized,120,0.0668460009247758,0.0673790314952298,0.0005330305704539869,0.007843006749184476,0.19166666666666668,0.8083333333333333,0.007974008363698992
"Uniform(0,1)",500,STaR betting,Deterministic,120,0.06807822821400437,0.06904590802090473,0.0009676798069003618,0.01426400157493474,0.0,1.0,0.014214233129840714
"Uniform(0,1)",500,STaR betting,Uniformly randomized,120,0.06784365246810706,0.0682067053325595,0.00036305286445244695,0.005367323529376042,0.25833333333333336,0.7416666666666667,0.005351316611721613
"Uniform(0,1)",1000,Efficient betting,Deterministic,120,0.04825672397318092,0.04869158971454768,0.0004348657413667537,0.00904343042883366,0.008333333333333333,0.975,0.009011505663095498
"Uniform(0,1)",1000,Efficient betting,Uniformly randomized,120,0.04722609294219097,0.04733348832951778,0.00010739538732680622,0.002131477065055438,0.24166666666666667,0.7583333333333333,0.0022740688597355785
"Uniform(0,1)",1000,STaR betting,Deterministic,120,0.04821566621643318,0.04855198752623255,0.00033632130979936774,0.00701017601510264,0.0,1.0,0.00697535336937305
"Uniform(0,1)",1000,STaR betting,Uniformly randomized,120,0.04810218542312946,0.04815515775123285,5.297232810339281e-05,0.0010331724228454463,0.25833333333333336,0.7416666666666667,0.0011012457674723919
"Uniform(0,1)",5000,Efficient betting,Deterministic,60,0.021246802648103177,0.021323697716665462,7.689506856228453e-05,0.0036237212274533802,0.0,0.9833333333333333,0.003619136010055035
"Uniform(0,1)",5000,Efficient betting,Uniformly randomized,60,0.021069234444134926,0.021100238827956596,3.1004383821671884e-05,0.0014598209587034098,0.26666666666666666,0.7333333333333333,0.0014715477158830925
"Uniform(0,1)",5000,STaR betting,Deterministic,60,0.021520519076780268,0.02154747253661295,2.6953459832682972e-05,0.0012499692481145925,0.016666666666666666,0.9833333333333333,0.0012524539829414927
"Uniform(0,1)",5000,STaR betting,Uniformly randomized,60,0.02151318443997284,0.02152292514591669,9.740705943849421e-06,0.0004494157642590609,0.25,0.75,0.0004527784331989082
"Uniform(0,1)",10000,Efficient betting,Deterministic,60,0.015011019338999789,0.015049023918156846,3.800457915705639e-05,0.0025341821892476877,0.03333333333333333,0.9166666666666666,0.002531778708612986
"Uniform(0,1)",10000,Efficient betting,Uniformly randomized,60,0.014891621998628594,0.014903811335852788,1.2189337224195277e-05,0.0008145330692504171,0.3,0.6833333333333333,0.0008185365721287141
"Uniform(0,1)",10000,STaR betting,Deterministic,60,0.015149419738370678,0.015160815031438346,1.1395293067666586e-05,0.0007497016027931809,0.0,1.0,0.0007521933687537619
"Uniform(0,1)",10000,STaR betting,Uniformly randomized,60,0.015145963732390211,0.015148611328461644,2.6475960714348694e-06,0.00017587376063302,0.21666666666666667,0.7666666666666667,0.00017480538830105807
"Uniform(0,1)",50000,Efficient betting,Deterministic,30,0.006675745832638619,0.006683342894237965,7.597061599345922e-06,0.0011381419879694507,0.0,0.9333333333333333,0.001138009413450547
"Uniform(0,1)",50000,Efficient betting,Uniformly randomized,30,0.006653666332586771,0.006655859240505239,2.1929079184671945e-06,0.0003282692620770855,0.3,0.7,0.0003295788831081392
"Uniform(0,1)",50000,STaR betting,Deterministic,30,0.006810842728225552,0.006812115503285749,1.272775060195963e-06,0.00018598570263206327,0.0,0.8666666666666667,0.00018687482753376727
"Uniform(0,1)",50000,STaR betting,Uniformly randomized,30,0.006810386207894729,0.006810727006903429,3.40799008700469e-07,4.871921377119781e-05,0.23333333333333334,0.7,5.004106937511743e-05
"Uniform(0,1)",100000,Efficient betting,Deterministic,30,0.004713795036524907,0.004717130188887286,3.3351523623788753e-06,0.0007077103223476137,0.0,1.0,0.000707530203697182
"Uniform(0,1)",100000,Efficient betting,Uniformly randomized,30,0.00470418201435685,0.004704666083965177,4.840696083271053e-07,0.00010188438568463262,0.43333333333333335,0.5666666666666667,0.00010290197251072719
"Uniform(0,1)",100000,STaR betting,Deterministic,30,0.004791351830895607,0.004791728794229331,3.7696333372398233e-07,7.843298279631335e-05,0.0,0.7666666666666667,7.86757781578995e-05
"Uniform(0,1)",100000,STaR betting,Uniformly randomized,30,0.004791240350920217,0.004791375906385309,1.3555546509169681e-07,2.766023231130695e-05,0.16666666666666666,0.6333333333333333,2.8292353370762413e-05
"Uniform(0,1)",500000,Efficient betting,Deterministic,30,0.0021052041829821306,0.0021059426116580016,7.38428675870854e-07,0.00035083230162243165,0.03333333333333333,0.9333333333333333,0.00035076344700435413
"Uniform(0,1)",500000,Efficient betting,Uniformly randomized,30,0.0021027057923381277,0.002102391513331033,-3.1427900709461255e-07,-0.00014996249323487125,0.43333333333333335,0.5666666666666667,-0.00014946408966953761
"Uniform(0,1)",500000,STaR betting,Deterministic,30,0.0021409183741739612,0.002140956587670136,3.82134961747956e-08,1.7689529123510184e-05,0.0,0.5,1.7849114023027468e-05
"Uniform(0,1)",500000,STaR betting,Uniformly randomized,30,0.0021409108999235205,0.0021409208776754876,9.97775196724208e-09,4.509938448493677e-06,0.16666666666666666,0.3333333333333333,4.660517150645305e-06
"Uniform(0,1)",1000000,Efficient betting,Deterministic,30,0.0014883526693603229,0.0014886889776821362,3.363083218133056e-07,0.00022600562382553888,0.0,0.9333333333333333,0.00022596010255937493
"Uniform(0,1)",1000000,Efficient betting,Uniformly randomized,30,0.0014872118953641934,0.001487088490021434,-1.2340534275937878e-07,-8.303632347540871e-05,0.4,0.5666666666666667,-8.297764638931504e-05
"Uniform(0,1)",1000000,STaR betting,Deterministic,30,0.0015133106266949489,0.0015133159147772356,5.288082286873201e-09,3.4531825944187727e-06,0.0,0.2,3.494379933188796e-06
"Uniform(0,1)",1000000,STaR betting,Uniformly randomized,30,0.0015133076896214274,0.00151330475339256,-2.9362288674524467e-09,-1.9275318861589064e-06,0.1,0.13333333333333333,-1.940272218003969e-06
"Uniform(0.45,0.55)",10,Efficient betting,Deterministic,120,0.4349462906969711,0.5897391255696615,0.1547928348726904,0.35588999209719824,0.0,1.0,0.3558895389696177
"Uniform(0.45,0.55)",10,Efficient betting,Uniformly randomized,120,0.35934904307664806,0.510560387937973,0.1512113448613249,0.4290688784977991,0.0,1.0,0.42079239606899965
"Uniform(0.45,0.55)",10,STaR betting,Deterministic,120,0.42724639892578126,0.5870716857910157,0.15982528686523445,0.37408260538392296,0.0,1.0,0.37408223279840525
"Uniform(0.45,0.55)",10,STaR betting,Uniformly randomized,120,0.3541868542864298,0.5084483594136934,0.15426150512726355,0.4437381858636839,0.0,1.0,0.4355370710695907
"Uniform(0.45,0.55)",50,Efficient betting,Deterministic,120,0.106529006862392,0.184634814453125,0.078105807590733,0.7332982040493625,0.0,1.0,0.7331881699753904
"Uniform(0.45,0.55)",50,Efficient betting,Uniformly randomized,120,0.08451056759144349,0.14893889196459204,0.06442832437314853,0.7605958529430764,0.0,1.0,0.7623700350069804
"Uniform(0.45,0.55)",50,STaR betting,Deterministic,120,0.1048850504557291,0.18420512695312502,0.0793200764973959,0.7562617477841813,0.0,1.0,0.7562572182856135
"Uniform(0.45,0.55)",50,STaR betting,Uniformly randomized,120,0.08371399412490425,0.1486425733812774,0.06492857925637316,0.7737746983209415,0.0,1.0,0.7756000646617984
"Uniform(0.45,0.55)",100,Efficient betting,Deterministic,120,0.05549865610804409,0.0997681355794271,0.044269479471383016,0.7978126781417444,0.0,1.0,0.7976675937017239
"Uniform(0.45,0.55)",100,Efficient betting,Uniformly randomized,120,0.04517323493710804,0.08176766608823091,0.03659443115112287,0.8096942034911006,0.0,0.9916666666666667,0.8100910019411072
"Uniform(0.45,0.55)",100,STaR betting,Deterministic,120,0.054649953206380206,0.0994537841796875,0.04480383097330731,0.8198495494320361,0.0,1.0,0.8198329247256628
"Uniform(0.45,0.55)",100,STaR betting,Uniformly randomized,120,0.04477776082356771,0.08158290753792972,0.03680514671436202,0.8214942222416141,0.0,0.9916666666666667,0.8219514785337481
"Uniform(0.45,0.55)",500,Efficient betting,Deterministic,120,0.01239525883880755,0.021776117350260454,0.009380858511452903,0.7569120443044871,0.0,1.0,0.7568102153771048
"Uniform(0.45,0.55)",500,Efficient betting,Uniformly randomized,120,0.01047748229643072,0.017884338396365447,0.007406856099934728,0.7008912119688148,0.0,1.0,0.7069309105354404
"Uniform(0.45,0.55)",500,STaR betting,Deterministic,120,0.012263236490885406,0.02173944742838545,0.009476210937500043,0.7730029219710205,0.0,1.0,0.7727332784084524
"Uniform(0.45,0.55)",500,STaR betting,Uniformly randomized,120,0.010410419619269666,0.017849264392778286,0.00743884477350862,0.7085153560477836,0.0,1.0,0.7145576302937235
"Uniform(0.45,0.55)",1000,Efficient betting,Deterministic,120,0.006902384747378528,0.011307202555338531,0.004404817807960002,0.638340607754049,0.0,1.0,0.6381588348335578
"Uniform(0.45,0.55)",1000,Efficient betting,Uniformly randomized,120,0.006095448498080779,0.00952007498184839,0.0034246264837676115,0.5561286073750633,0.0,1.0,0.5618333884448199
"Uniform(0.45,0.55)",1000,STaR betting,Deterministic,120,0.0068188212076822855,0.011287448730468753,0.004468627522786469,0.6558217127533558,0.0,1.0,0.6553372476978836
"Uniform(0.45,0.55)",1000,STaR betting,Uniformly randomized,120,0.006058164111711077,0.009500329464860261,0.003442165353149186,0.5626358726215102,0.0,1.0,0.5681862177512016
"Uniform(0.45,0.55)",5000,Efficient betting,Deterministic,60,0.0023229091508611523,0.0028104692431057832,0.0004875600922446312,0.21028527345663114,0.0,1.0,0.2098920192655327
"Uniform(0.45,0.55)",5000,Efficient betting,Uniformly randomized,60,0.002205924999635099,0.002538854747851559,0.0003329297482164604,0.1478593048563606,0.05,0.95,0.15092523466189145
"Uniform(0.45,0.55)",5000,STaR betting,Deterministic,60,0.00229995262431446,0.002814923892075288,0.0005149712677608285,0.22389641654042597,0.0,1.0,0.2239051632267095
"Uniform(0.45,0.55)",5000,STaR betting,Uniformly randomized,60,0.002221360578388761,0.0025433174686695925,0.00032195689028083156,0.14193338780079337,0.06666666666666667,0.9333333333333333,0.14493679838072904
"Uniform(0.45,0.55)",10000,Efficient betting,Deterministic,60,0.0015808147936378478,0.0017304907795540716,0.0001496759859162237,0.09477825015384786,0.0,1.0,0.09468280947180552
"Uniform(0.45,0.55)",10000,Efficient betting,Uniformly randomized,60,0.001528510853938921,0.0016222613680139607,9.37505140750398e-05,0.060265536984551414,0.13333333333333333,0.8666666666666667,0.06133454259317017
"Uniform(0.45,0.55)",10000,STaR betting,Deterministic,60,0.0015518369965764713,0.0017015883676035847,0.0001497513710271135,0.09618302592705792,0.0,1.0,0.09649942059474159
"Uniform(0.45,0.55)",10000,STaR betting,Uniformly randomized,60,0.001526776236323198,0.001615025161658958,8.824892533575989e-05,0.056665763049212975,0.13333333333333333,0.8666666666666667,0.05780082453227209
"Uniform(0.45,0.55)",50000,Efficient betting,Deterministic,30,0.000679550233419457,0.0006948822579891138,1.5332024569656803e-05,0.022560701542263677,0.0,1.0,0.022562017957829195
"Uniform(0.45,0.55)",50000,Efficient betting,Uniformly randomized,30,0.0006653953776313485,0.0006674724646489605,2.0770870176119633e-06,0.0028999384320312015,0.3333333333333333,0.6666666666666666,0.0031215831781186143
"Uniform(0.45,0.55)",50000,STaR betting,Deterministic,30,0.0006823428803052108,0.0006932402941145092,1.089741380929839e-05,0.01602112142849399,0.0,1.0,0.015970583300325414
"Uniform(0.45,0.55)",50000,STaR betting,Uniformly randomized,30,0.000678309676657631,0.0006787866281489345,4.769514913035196e-07,0.0006929918756782764,0.36666666666666664,0.6333333333333333,0.0007031471136511591
"Uniform(0.45,0.55)",100000,Efficient betting,Deterministic,30,0.0004767413041317059,0.00048415140548293547,7.4101013512295475e-06,0.015541907606943827,0.0,1.0,0.015543233378374266
"Uniform(0.45,0.55)",100000,Efficient betting,Uniformly randomized,30,0.00047183861485835534,0.00047449964626524734,2.6610314068920005e-06,0.005520408848332751,0.26666666666666666,0.7333333333333333,0.005639706719830162
"Uniform(0.45,0.55)",100000,STaR betting,Deterministic,30,0.0004789335175630793,0.0004832163944685793,4.2828769054999625e-06,0.008972721427413854,0.0,1.0,0.008942529074373873
"Uniform(0.45,0.55)",100000,STaR betting,Uniformly randomized,30,0.00047791570169669433,0.0004793498454255918,1.4341437288974598e-06,0.0029648903159914235,0.23333333333333334,0.7666666666666667,0.0030008299032777686
"Uniform(0.45,0.55)",500000,Efficient betting,Deterministic,30,0.00021150748472195668,0.00021270419082240662,1.1967061004499365e-06,0.005657822684177782,0.0,1.0,0.005657984643063996
"Uniform(0.45,0.55)",500000,Efficient betting,Uniformly randomized,30,0.00021026350118070748,0.00021014840011224407,-1.1510106846338945e-07,-0.0006058526340250429,0.36666666666666664,0.6333333333333333,-0.000547413449396017
"Uniform(0.45,0.55)",500000,STaR betting,Deterministic,30,0.00021618848844736269,0.00021651619332451374,3.2770487715105823e-07,0.0015168784891975559,0.0,0.9333333333333333,0.0015158294482031653
"Uniform(0.45,0.55)",500000,STaR betting,Uniformly randomized,30,0.0002160365132918322,0.00021595517978179418,-8.133351003802858e-08,-0.000374951990908301,0.23333333333333334,0.7,-0.0003764803865731192
"Uniform(0.45,0.55)",1000000,Efficient betting,Deterministic,30,0.00014933653134020878,0.00014991050550518156,5.739741649727718e-07,0.0038431335677727497,0.0,1.0,0.0038434946882834886
"Uniform(0.45,0.55)",1000000,Efficient betting,Uniformly randomized,30,0.00014876583093463105,0.00014877942058062478,1.3589645993702012e-08,7.646843303728741e-05,0.3,0.7,9.134924268794364e-05
"Uniform(0.45,0.55)",1000000,STaR betting,Deterministic,30,0.00015109475332421944,0.00015119663978108527,1.0188645686581843e-07,0.0006773937927365692,0.0,0.9666666666666667,0.0006743216069666769
"Uniform(0.45,0.55)",1000000,STaR betting,Uniformly randomized,30,0.00015104271750173334,0.00015103947717277447,-3.2403289588571007e-09,-2.534076769384145e-05,0.13333333333333333,0.8333333333333334,-2.145306316303497e-05
