distribution,n,method,calibration,replications,mean_sqrt_n_width,q10_sqrt_n_width,q90_sqrt_n_width,coverage,empty_rate,escalation_rate
Bernoulli(0.1),1000,Efficient betting,deterministic_markov,3,1.6452056343334676,1.6037553280571426,1.6888232373831218,1.0,0.0,0.0
Bernoulli(0.1),1000,Efficient betting,randomized_markov,3,1.5688439611228615,1.5352487575712763,1.6038531065579296,1.0,0.0,0.0
Bernoulli(0.1),1000,Gaffke,not_applicable,3,1.5321144150490218,1.507181773847189,1.5531350442510785,1.0,0.0,0.0
Bernoulli(0.1),1000,Original STaR,deterministic_markov,3,1.6020177054838314,1.5656237402862079,1.6289505206758101,1.0,0.0,0.0
Bernoulli(0.1),1000,Original STaR,randomized_markov,3,1.5994315721502963,1.5633755525312731,1.6254195543560805,1.0,0.0,0.0
Bernoulli(0.1),1000,Randomized Gaffke,product_orthant_randomized,3,1.5321144150490225,1.50718177384719,1.5531350442510792,1.0,0.0,0.0
Bernoulli(0.1),1000,Squared-hinge STaR,deterministic_markov,3,1.6099873261999151,1.5660814182601237,1.6459812325466117,1.0,0.0,0.0
Bernoulli(0.1),1000,Squared-hinge STaR,randomized_markov,3,1.6079600187859278,1.5655389103155835,1.6416582026975823,1.0,0.0,0.0
Bernoulli(0.1),10000,Efficient betting,deterministic_markov,3,1.5620908427140423,1.5236041634918422,1.5995085373530866,1.0,0.0,0.0
Bernoulli(0.1),10000,Efficient betting,randomized_markov,3,1.5472038054050892,1.51429465366074,1.5778784822779761,1.0,0.0,0.0
Bernoulli(0.1),10000,Gaffke,not_applicable,3,1.5641753376554022,1.5481464014715642,1.5828668916894142,1.0,0.0,0.0
Bernoulli(0.1),10000,Original STaR,deterministic_markov,3,1.583212311143451,1.5074491586645957,1.6420215567498389,1.0,0.0,0.0
Bernoulli(0.1),10000,Original STaR,randomized_markov,3,1.583172583463347,1.5074253220565335,1.6419977201417764,1.0,0.0,0.0
Bernoulli(0.1),10000,Randomized Gaffke,product_orthant_randomized,3,1.564175337655404,1.548146401471565,1.5828668916894193,1.0,0.0,0.0
Bernoulli(0.1),10000,Squared-hinge STaR,deterministic_markov,3,1.5975575567853835,1.5125787237182402,1.6598313361508328,1.0,0.0,0.0
Bernoulli(0.1),10000,Squared-hinge STaR,randomized_markov,3,1.597537692945331,1.5125668054142087,1.6598194178468013,1.0,0.0,0.0
Bernoulli(0.1),100000,Efficient betting,deterministic_markov,3,1.551313225148691,1.5453094474152655,1.55725252850773,1.0,0.0,0.0
Bernoulli(0.1),100000,Efficient betting,randomized_markov,3,1.5428511624415933,1.5383746021797375,1.5484489617169173,1.0,0.0,0.0
Bernoulli(0.1),100000,Gaffke,not_applicable,3,1.5444863204149506,1.5386342363967775,1.5486977792764436,1.0,0.0,0.0
Bernoulli(0.1),100000,Original STaR,deterministic_markov,3,1.6009676449721422,1.5924343927494815,1.607465446284201,1.0,0.0,0.0
Bernoulli(0.1),100000,Original STaR,randomized_markov,3,1.6009676449721422,1.5924343927494815,1.607465446284201,1.0,0.0,0.0
Bernoulli(0.1),100000,Randomized Gaffke,product_orthant_randomized,3,1.5444863204149506,1.5386342363967889,1.5486977792764305,1.0,0.0,0.0
Bernoulli(0.1),100000,Squared-hinge STaR,deterministic_markov,3,1.6160751206857589,1.609156269404438,1.6216077782456262,1.0,0.0,0.0
Bernoulli(0.1),100000,Squared-hinge STaR,randomized_markov,3,1.6160751206857589,1.609156269404438,1.6216077782456262,1.0,0.0,0.0
Bernoulli(0.1),1000000,Efficient betting,deterministic_markov,3,1.5466239684140772,1.5455022700708336,1.5477808329293268,1.0,0.0,0.0
Bernoulli(0.1),1000000,Efficient betting,randomized_markov,3,1.543865320794341,1.542733855299028,1.545382839504017,1.0,0.0,0.0
Bernoulli(0.1),1000000,Gaffke,not_applicable,3,1.5465566200684548,1.5460204307706782,1.5471467760311828,1.0,0.0,0.0
Bernoulli(0.1),1000000,Original STaR,deterministic_markov,3,1.581463946534014,1.5648703817767895,1.5965044662688388,1.0,0.0,0.0
Bernoulli(0.1),1000000,Original STaR,randomized_markov,3,1.581463946534014,1.5648703817767895,1.5965044662688388,1.0,0.0,0.0
Bernoulli(0.1),1000000,Randomized Gaffke,product_orthant_randomized,3,1.5465566200685192,1.5460204307707475,1.5471467760312412,1.0,0.0,0.0
Bernoulli(0.1),1000000,Squared-hinge STaR,deterministic_markov,3,1.5909077826488465,1.5663713862585804,1.613429328155902,1.0,0.0,0.0
Bernoulli(0.1),1000000,Squared-hinge STaR,randomized_markov,3,1.5909077826488465,1.5663713862585804,1.613429328155902,1.0,0.0,0.0
Bernoulli(0.1),10000000,Efficient betting,deterministic_markov,3,1.5461840580520694,1.545324953785311,1.547355481550846,1.0,0.0,0.0
Bernoulli(0.1),10000000,Efficient betting,randomized_markov,3,1.5451281129252454,1.5442779889393814,1.5463028168686057,1.0,0.0,0.0
Bernoulli(0.1),10000000,Gaffke,not_applicable,3,1.5458793731723437,1.5454540492743052,1.5463655556410307,1.0,0.0,0.0
Bernoulli(0.1),10000000,Original STaR,deterministic_markov,3,1.5856142026811846,1.5646381790532158,1.6009075610413772,1.0,0.0,0.0
Bernoulli(0.1),10000000,Original STaR,randomized_markov,3,1.5856142026811846,1.5646381790532158,1.6009075610413772,1.0,0.0,0.0
Bernoulli(0.1),10000000,Randomized Gaffke,product_orthant_randomized,3,1.5458793731723144,1.5454540492741913,1.546365555641092,1.0,0.0,0.0
Bernoulli(0.1),10000000,Squared-hinge STaR,deterministic_markov,3,1.5922402149476007,1.5630544716465014,1.6131826752712761,1.0,0.0,0.0
Bernoulli(0.1),10000000,Squared-hinge STaR,randomized_markov,3,1.5922402149476007,1.5630544716465014,1.6131826752712761,1.0,0.0,0.0
Bernoulli(0.5),1000,Efficient betting,deterministic_markov,3,2.618001616041776,2.613303417646556,2.6219210294686786,1.0,0.0,0.0
Bernoulli(0.5),1000,Efficient betting,randomized_markov,3,2.5696911247714374,2.5673025716484723,2.571920203026977,1.0,0.0,0.0
Bernoulli(0.5),1000,Gaffke,not_applicable,3,2.6000842285252905,2.599414714398924,2.600651667200985,1.0,0.0,0.0
Bernoulli(0.5),1000,Original STaR,deterministic_markov,3,2.6470698388285574,2.6319611538607997,2.662259364053342,1.0,0.0,0.0
Bernoulli(0.5),1000,Original STaR,randomized_markov,3,2.6451530853477974,2.6291252402973124,2.6614068595498703,1.0,0.0,0.0
Bernoulli(0.5),1000,Randomized Gaffke,product_orthant_randomized,3,2.6000842285252914,2.599414714398924,2.6006516672009856,1.0,0.0,0.0
Bernoulli(0.5),1000,Squared-hinge STaR,deterministic_markov,3,2.66742745712109,2.649571233245551,2.6866889629471524,1.0,0.0,0.0
Bernoulli(0.5),1000,Squared-hinge STaR,randomized_markov,3,2.66696480541299,2.6489763003936853,2.6864113900352837,1.0,0.0,0.0
Bernoulli(0.5),10000,Efficient betting,deterministic_markov,3,2.5868632197318573,2.5865805617609094,2.5872548725323607,1.0,0.0,0.0
Bernoulli(0.5),10000,Efficient betting,randomized_markov,3,2.573772625114786,2.572537105456622,2.574845971654587,1.0,0.0,0.0
Bernoulli(0.5),10000,Gaffke,not_applicable,3,2.5849207888335264,2.584875295845815,2.584957333549224,1.0,0.0,0.0
Bernoulli(0.5),10000,Original STaR,deterministic_markov,3,2.6112767656919513,2.5291678323630293,2.6740531377644103,1.0,0.0,0.0
Bernoulli(0.5),10000,Original STaR,randomized_markov,3,2.610714787430507,2.528929819389486,2.6729424029104862,1.0,0.0,0.0
Bernoulli(0.5),10000,Randomized Gaffke,product_orthant_randomized,3,2.584920788833528,2.584875295845815,2.5849573335492284,1.0,0.0,0.0
Bernoulli(0.5),10000,Squared-hinge STaR,deterministic_markov,3,2.622218556308603,2.5068936117310967,2.7120757625955614,1.0,0.0,0.0
Bernoulli(0.5),10000,Squared-hinge STaR,randomized_markov,3,2.621557405292346,2.506655598757562,2.7107270131300796,1.0,0.0,0.0
Bernoulli(0.5),100000,Efficient betting,deterministic_markov,3,2.5797318332842707,2.5793880339734008,2.580017425998918,1.0,0.0,0.0
Bernoulli(0.5),100000,Efficient betting,randomized_markov,3,2.576201954725388,2.5753723818209586,2.577087771533982,1.0,0.0,0.0
Bernoulli(0.5),100000,Gaffke,not_applicable,3,2.578939119214089,2.578935558758756,2.5789419568833707,1.0,0.0,0.0
Bernoulli(0.5),100000,Original STaR,deterministic_markov,3,2.6174592950883837,2.576903132578523,2.6478319641344497,1.0,0.0,0.0
Bernoulli(0.5),100000,Original STaR,randomized_markov,3,2.617426234316762,2.576903132578523,2.647752618282558,1.0,0.0,0.0
Bernoulli(0.5),100000,Randomized Gaffke,product_orthant_randomized,3,2.5789391192140947,2.5789355587587597,2.5789419568833742,1.0,0.0,0.0
Bernoulli(0.5),100000,Squared-hinge STaR,deterministic_markov,3,2.622715962421419,2.5756335939742736,2.657591509291777,1.0,0.0,0.0
Bernoulli(0.5),100000,Squared-hinge STaR,randomized_markov,3,2.622715962421419,2.5756335939742736,2.657591509291777,1.0,0.0,0.0
Bernoulli(0.5),1000000,Efficient betting,deterministic_markov,3,2.5771182993578425,2.5770331496621335,2.5771796051534235,1.0,0.0,0.0
Bernoulli(0.5),1000000,Efficient betting,randomized_markov,3,2.576040011588732,2.5756829722325625,2.576343876113608,1.0,0.0,0.0
Bernoulli(0.5),1000000,Gaffke,not_applicable,3,2.5768234736024223,2.5768224727109486,2.576824196792271,1.0,0.0,0.0
Bernoulli(0.5),1000000,Original STaR,deterministic_markov,3,2.663503404451669,2.652626705594352,2.676033727875493,1.0,0.0,0.0
Bernoulli(0.5),1000000,Original STaR,randomized_markov,3,2.663503404451669,2.652626705594352,2.676033727875493,1.0,0.0,0.0
Bernoulli(0.5),1000000,Randomized Gaffke,product_orthant_randomized,3,2.576823473602441,2.5768224727109934,2.576824196792271,1.0,0.0,0.0
Bernoulli(0.5),1000000,Squared-hinge STaR,deterministic_markov,3,2.6915388929229693,2.6790673472428805,2.707474913751473,1.0,0.0,0.0
Bernoulli(0.5),1000000,Squared-hinge STaR,randomized_markov,3,2.6915388929229693,2.6790673472428805,2.707474913751473,1.0,0.0,0.0
Bernoulli(0.5),10000000,Efficient betting,deterministic_markov,3,2.5762430668902154,2.5762327062704213,2.5762574386815538,1.0,0.0,0.0
Bernoulli(0.5),10000000,Efficient betting,randomized_markov,3,2.575683577959411,2.5756409004201957,2.5757141569513267,1.0,0.0,0.0
Bernoulli(0.5),10000000,Gaffke,not_applicable,3,2.5761448949285413,2.5761447033441263,2.576145035853619,1.0,0.0,0.0
Bernoulli(0.5),10000000,Original STaR,deterministic_markov,3,2.6056467549304325,2.5818693036261817,2.6250336859548464,1.0,0.0,0.0
Bernoulli(0.5),10000000,Original STaR,randomized_markov,3,2.6056467549304325,2.5818693036261817,2.6250336859548464,1.0,0.0,0.0
Bernoulli(0.5),10000000,Randomized Gaffke,product_orthant_randomized,3,2.5761448949286,2.5761447033441263,2.57614503585376,1.0,0.0,0.0
Bernoulli(0.5),10000000,Squared-hinge STaR,deterministic_markov,3,2.616027818127714,2.5858167522979314,2.641279719384957,1.0,0.0,0.0
Bernoulli(0.5),10000000,Squared-hinge STaR,randomized_markov,3,2.616027818127714,2.5858167522979314,2.641279719384957,1.0,0.0,0.0
"Beta(0.5,0.5)",1000,Efficient betting,deterministic_markov,3,1.8772055539211714,1.8552897423706818,1.8989077738420277,1.0,0.0,0.0
"Beta(0.5,0.5)",1000,Efficient betting,randomized_markov,3,1.8402788406512467,1.834142733160707,1.845262449011985,1.0,0.0,0.0
"Beta(0.5,0.5)",1000,Gaffke,not_applicable,3,1.8668682492730773,1.860305481757963,1.8718267986887573,1.0,0.0,0.0
"Beta(0.5,0.5)",1000,Original STaR,deterministic_markov,3,1.8877780686289425,1.8653170270799875,1.907558348481247,1.0,0.0,0.0
"Beta(0.5,0.5)",1000,Original STaR,randomized_markov,3,1.88636057696307,1.8631615563953536,1.9065371796842043,1.0,0.0,0.0
"Beta(0.5,0.5)",1000,Randomized Gaffke,product_orthant_randomized,3,1.866868249273078,1.860305481757963,1.8718267986887587,1.0,0.0,0.0
"Beta(0.5,0.5)",1000,Squared-hinge STaR,deterministic_markov,3,1.9013121344422876,1.8762586406222328,1.9224227800921552,1.0,0.0,0.0
"Beta(0.5,0.5)",1000,Squared-hinge STaR,randomized_markov,3,1.9002481147162111,1.8739321179143569,1.9221956554574475,1.0,0.0,0.0
"Beta(0.5,0.5)",10000,Efficient betting,deterministic_markov,3,1.8307269921957803,1.8219818062869064,1.838010199859216,1.0,0.0,0.0
"Beta(0.5,0.5)",10000,Efficient betting,randomized_markov,3,1.8182304599028865,1.808886120784886,1.825328547342319,1.0,0.0,0.0
"Beta(0.5,0.5)",10000,Gaffke,not_applicable,3,1.8277700000707238,1.8188738395419057,1.8349671071998206,1.0,0.0,0.0
"Beta(0.5,0.5)",10000,Original STaR,deterministic_markov,3,1.8453708272599882,1.8396978852416146,1.8501876217895508,1.0,0.0,0.0
"Beta(0.5,0.5)",10000,Original STaR,randomized_markov,3,1.845138530480896,1.839669761617213,1.8497144803929344,1.0,0.0,0.0
"Beta(0.5,0.5)",10000,Randomized Gaffke,product_orthant_randomized,3,1.8277700000707293,1.8188738395419113,1.8349671071998264,1.0,0.0,0.0
"Beta(0.5,0.5)",10000,Squared-hinge STaR,deterministic_markov,3,1.8562559155481109,1.8471682018701296,1.864341737148322,1.0,0.0,0.0
"Beta(0.5,0.5)",10000,Squared-hinge STaR,randomized_markov,3,1.8561397671585655,1.8471541400579292,1.8641051664500141,1.0,0.0,0.0
"Beta(0.5,0.5)",100000,Efficient betting,deterministic_markov,3,1.8259318222470196,1.824339152006064,1.8274545385323624,1.0,0.0,0.0
"Beta(0.5,0.5)",100000,Efficient betting,randomized_markov,3,1.823060235873334,1.8219429828208054,1.824538958644436,1.0,0.0,0.0
"Beta(0.5,0.5)",100000,Gaffke,not_applicable,3,1.8257444517618062,1.8252896635375313,1.8263302703596744,1.0,0.0,0.0
"Beta(0.5,0.5)",100000,Original STaR,deterministic_markov,3,1.870428780731281,1.8381588152069597,1.8954824197376579,1.0,0.0,0.0
"Beta(0.5,0.5)",100000,Original STaR,randomized_markov,3,1.870428780731281,1.8381588152069597,1.8954824197376579,1.0,0.0,0.0
"Beta(0.5,0.5)",100000,Randomized Gaffke,product_orthant_randomized,3,1.8257444517618178,1.8252896635375349,1.8263302703596918,1.0,0.0,0.0
"Beta(0.5,0.5)",100000,Squared-hinge STaR,deterministic_markov,3,1.8760251307920441,1.8162831350296436,1.9211063199080955,1.0,0.0,0.0
"Beta(0.5,0.5)",100000,Squared-hinge STaR,randomized_markov,3,1.8760251307920441,1.8162831350296436,1.9211063199080955,1.0,0.0,0.0
"Beta(0.5,0.5)",1000000,Efficient betting,deterministic_markov,3,1.8228063754553994,1.8219809605020345,1.823566150761269,1.0,0.0,0.0
"Beta(0.5,0.5)",1000000,Efficient betting,randomized_markov,3,1.8215330569563335,1.8213034724720911,1.8218177283415793,1.0,0.0,0.0
"Beta(0.5,0.5)",1000000,Gaffke,not_applicable,3,1.82243926387643,1.8220715758155424,1.822896574516364,1.0,0.0,0.0
"Beta(0.5,0.5)",1000000,Original STaR,deterministic_markov,3,1.8279967949798213,1.793335456345868,1.875165617949992,1.0,0.0,0.0
"Beta(0.5,0.5)",1000000,Original STaR,randomized_markov,3,1.8279500225380865,1.793335456345868,1.8750533640898293,1.0,0.0,0.0
"Beta(0.5,0.5)",1000000,Randomized Gaffke,product_orthant_randomized,3,1.8224392638764668,1.8220715758155983,1.8228965745163752,1.0,0.0,0.0
"Beta(0.5,0.5)",1000000,Squared-hinge STaR,deterministic_markov,3,1.8354339707267553,1.7850323877150354,1.8979521985686754,1.0,0.0,0.0
"Beta(0.5,0.5)",1000000,Squared-hinge STaR,randomized_markov,3,1.8353871982850212,1.7850323877150354,1.8978399447085126,1.0,0.0,0.0
"Beta(0.5,0.5)",10000000,Efficient betting,deterministic_markov,3,1.8216488426697524,1.821528205402246,1.8217574850201435,1.0,0.0,0.0
"Beta(0.5,0.5)",10000000,Efficient betting,randomized_markov,3,1.8214114691846965,1.8213253664594045,1.8215201062874096,1.0,0.0,0.0
"Beta(0.5,0.5)",10000000,Gaffke,not_applicable,3,1.8217081822029584,1.8216364672444092,1.8217621494726934,1.0,0.0,0.0
"Beta(0.5,0.5)",10000000,Original STaR,deterministic_markov,3,1.886449395152173,1.87357519178057,1.8976354298130462,1.0,0.0,0.0
"Beta(0.5,0.5)",10000000,Original STaR,randomized_markov,3,1.886449395152173,1.87357519178057,1.8976354298130462,1.0,0.0,0.0
"Beta(0.5,0.5)",10000000,Randomized Gaffke,product_orthant_randomized,3,1.821708182203017,1.8216364672444445,1.8217621494727287,1.0,0.0,0.0
"Beta(0.5,0.5)",10000000,Squared-hinge STaR,deterministic_markov,3,1.9075357168396054,1.8877699815741489,1.9228272196837042,1.0,0.0,0.0
"Beta(0.5,0.5)",10000000,Squared-hinge STaR,randomized_markov,3,1.9075357168396054,1.8877699815741489,1.9228272196837042,1.0,0.0,0.0
"Beta(1,5)",1000,Efficient betting,deterministic_markov,3,0.7764962373600289,0.7571701412834723,0.8009340142458883,1.0,0.0,0.0
"Beta(1,5)",1000,Efficient betting,randomized_markov,3,0.7497713892464307,0.7434760513979887,0.7562681706290395,1.0,0.0,0.0
"Beta(1,5)",1000,Gaffke,not_applicable,3,0.7694219738303061,0.7620058731951829,0.7764534432327809,1.0,0.0,0.0
"Beta(1,5)",1000,Original STaR,deterministic_markov,3,0.7937597262290649,0.77352838600121,0.8160308104738436,1.0,0.0,0.0
"Beta(1,5)",1000,Original STaR,randomized_markov,3,0.7864236594157129,0.767256839514602,0.8109294100800364,1.0,0.0,0.0
"Beta(1,5)",1000,Randomized Gaffke,product_orthant_randomized,3,0.7694219738303065,0.7620058731951833,0.7764534432327801,1.0,0.0,0.0
"Beta(1,5)",1000,Squared-hinge STaR,deterministic_markov,3,0.8041472501551077,0.7861125214713,0.8245362795196023,1.0,0.0,0.0
"Beta(1,5)",1000,Squared-hinge STaR,randomized_markov,3,0.7965210475393508,0.7794016533528509,0.8201009510497846,1.0,0.0,0.0
"Beta(1,5)",10000,Efficient betting,deterministic_markov,3,0.733220322948271,0.7295641005590436,0.7369446533613866,1.0,0.0,0.0
"Beta(1,5)",10000,Efficient betting,randomized_markov,3,0.7262342747560703,0.7235644743916336,0.7287537952939838,1.0,0.0,0.0
"Beta(1,5)",10000,Gaffke,not_applicable,3,0.7397900252743089,0.7340752337611356,0.7446263668452446,1.0,0.0,0.0
"Beta(1,5)",10000,Original STaR,deterministic_markov,3,0.7379420221829173,0.7186246216757219,0.7559301079838632,1.0,0.0,0.0
"Beta(1,5)",10000,Original STaR,randomized_markov,3,0.7374466057560128,0.7180496663173341,0.7557103389955777,1.0,0.0,0.0
"Beta(1,5)",10000,Randomized Gaffke,product_orthant_randomized,3,0.7397900252743145,0.7340752337611428,0.7446263668452452,1.0,0.0,0.0
"Beta(1,5)",10000,Squared-hinge STaR,deterministic_markov,3,0.7380471024371209,0.7134986495539014,0.7617814028092457,1.0,0.0,0.0
"Beta(1,5)",10000,Squared-hinge STaR,randomized_markov,3,0.7378968601387434,0.7134141620372092,0.7616742838432167,1.0,0.0,0.0
"Beta(1,5)",100000,Efficient betting,deterministic_markov,3,0.7284742215200412,0.7262050489273305,0.73135057445454,1.0,0.0,0.0
"Beta(1,5)",100000,Efficient betting,randomized_markov,3,0.7236682499029342,0.7224310045115635,0.7249529458283287,1.0,0.0,0.0
"Beta(1,5)",100000,Gaffke,not_applicable,3,0.728429739291153,0.7266648617571265,0.7300614495766236,1.0,0.0,0.0
"Beta(1,5)",100000,Original STaR,deterministic_markov,3,0.7504355656622098,0.74011737665434,0.7605385613395543,1.0,0.0,0.0
"Beta(1,5)",100000,Original STaR,randomized_markov,3,0.7503890088530712,0.7400728390629396,0.760471362589022,1.0,0.0,0.0
"Beta(1,5)",100000,Randomized Gaffke,product_orthant_randomized,3,0.728429739291156,0.7266648617571353,0.7300614495766182,1.0,0.0,0.0
"Beta(1,5)",100000,Squared-hinge STaR,deterministic_markov,3,0.7539600309298523,0.7368222272567313,0.7688617681102867,1.0,0.0,0.0
"Beta(1,5)",100000,Squared-hinge STaR,randomized_markov,3,0.7539600309298523,0.7368222272567313,0.7688617681102867,1.0,0.0,0.0
"Beta(1,5)",1000000,Efficient betting,deterministic_markov,3,0.7263283218310416,0.7256255106949383,0.7272376670322545,1.0,0.0,0.0
"Beta(1,5)",1000000,Efficient betting,randomized_markov,3,0.7259041259035093,0.7252971009881315,0.726737237326136,1.0,0.0,0.0
"Beta(1,5)",1000000,Gaffke,not_applicable,3,0.7267331503332345,0.7265369224265739,0.726943536458885,1.0,0.0,0.0
"Beta(1,5)",1000000,Original STaR,deterministic_markov,3,0.7366429909553088,0.7352800184653063,0.7382458187555729,1.0,0.0,0.0
"Beta(1,5)",1000000,Original STaR,randomized_markov,3,0.7366429909553088,0.7352800184653063,0.7382458187555729,1.0,0.0,0.0
"Beta(1,5)",1000000,Randomized Gaffke,product_orthant_randomized,3,0.7267331503332253,0.7265369224265461,0.7269435364589016,1.0,0.0,0.0
"Beta(1,5)",1000000,Squared-hinge STaR,deterministic_markov,3,0.7403968426691147,0.7326875584999615,0.7468955221487772,1.0,0.0,0.0
"Beta(1,5)",1000000,Squared-hinge STaR,randomized_markov,3,0.7403968426691147,0.7326875584999615,0.7468955221487772,1.0,0.0,0.0
"Beta(1,5)",10000000,Efficient betting,deterministic_markov,3,0.7261576668575224,0.725896755020261,0.726454210757549,1.0,0.0,0.0
"Beta(1,5)",10000000,Efficient betting,randomized_markov,3,0.725908308630952,0.7257747734104119,0.726015375034975,1.0,0.0,0.0
"Beta(1,5)",10000000,Gaffke,not_applicable,3,0.7260110869555806,0.725934791510762,0.7260931963581185,1.0,0.0,0.0
"Beta(1,5)",10000000,Original STaR,deterministic_markov,3,0.7401115178217847,0.7341680792724573,0.7463542852189861,1.0,0.0,0.0
"Beta(1,5)",10000000,Original STaR,randomized_markov,3,0.7401022021883715,0.7341624898924094,0.7463486958389381,1.0,0.0,0.0
"Beta(1,5)",10000000,Randomized Gaffke,product_orthant_randomized,3,0.7260110869556389,0.7259347915107093,0.7260931963582765,1.0,0.0,0.0
"Beta(1,5)",10000000,Squared-hinge STaR,deterministic_markov,3,0.742868625133338,0.7331008798073985,0.751702181362417,1.0,0.0,0.0
"Beta(1,5)",10000000,Squared-hinge STaR,randomized_markov,3,0.7428593094999248,0.7330952904273506,0.751696591982369,1.0,0.0,0.0
"Beta(2,2)",1000,Efficient betting,deterministic_markov,3,1.1734733729687497,1.160614974465893,1.1858018241803348,1.0,0.0,0.0
"Beta(2,2)",1000,Efficient betting,randomized_markov,3,1.1608699063087629,1.1468512303294207,1.1730447770211323,1.0,0.0,0.0
"Beta(2,2)",1000,Gaffke,not_applicable,3,1.1816491937957838,1.168175953209312,1.1948258141898105,1.0,0.0,0.0
"Beta(2,2)",1000,Original STaR,deterministic_markov,3,1.2107083147959885,1.196194171960719,1.2254761016086555,1.0,0.0,0.0
"Beta(2,2)",1000,Original STaR,randomized_markov,3,1.2076921520701518,1.1910041025243268,1.223763893509622,1.0,0.0,0.0
"Beta(2,2)",1000,Randomized Gaffke,product_orthant_randomized,3,1.1816491937957838,1.168175953209312,1.1948258141898105,1.0,0.0,0.0
"Beta(2,2)",1000,Squared-hinge STaR,deterministic_markov,3,1.2262021669222092,1.210865590568991,1.2414544912912748,1.0,0.0,0.0
"Beta(2,2)",1000,Squared-hinge STaR,randomized_markov,3,1.2233725504765838,1.2050317294675505,1.2406566738210691,1.0,0.0,0.0
"Beta(2,2)",10000,Efficient betting,deterministic_markov,3,1.1596275055616703,1.1567553633564542,1.1626155390359627,1.0,0.0,0.0
"Beta(2,2)",10000,Efficient betting,randomized_markov,3,1.1526046032582025,1.1499630459412424,1.1560624003492315,1.0,0.0,0.0
"Beta(2,2)",10000,Gaffke,not_applicable,3,1.1622834279612693,1.15926336780941,1.164504367448319,1.0,0.0,0.0
"Beta(2,2)",10000,Original STaR,deterministic_markov,3,1.1976492784889308,1.1900052539275174,1.206203447957206,1.0,0.0,0.0
"Beta(2,2)",10000,Original STaR,randomized_markov,3,1.1974566469904708,1.1900052539275174,1.2057411323609024,1.0,0.0,0.0
"Beta(2,2)",10000,Randomized Gaffke,product_orthant_randomized,3,1.162283427961273,1.159263367809411,1.1645043674483246,1.0,0.0,0.0
"Beta(2,2)",10000,Squared-hinge STaR,deterministic_markov,3,1.211102646161281,1.201160887606365,1.2210239829500846,1.0,0.0,0.0
"Beta(2,2)",10000,Squared-hinge STaR,randomized_markov,3,1.2110878283537074,1.201160887606365,1.2209884202119081,1.0,0.0,0.0
"Beta(2,2)",100000,Efficient betting,deterministic_markov,3,1.1559023179459798,1.1536032674966408,1.1583523880719473,1.0,0.0,0.0
"Beta(2,2)",100000,Efficient betting,randomized_markov,3,1.1532179080781768,1.152357009429853,1.1543566183914833,1.0,0.0,0.0
"Beta(2,2)",100000,Gaffke,not_applicable,3,1.1546660241659887,1.153640289718057,1.1554139524529037,1.0,0.0,0.0
"Beta(2,2)",100000,Original STaR,deterministic_markov,3,1.1371540424276583,1.1297864919876708,1.1430180327301922,1.0,0.0,0.0
"Beta(2,2)",100000,Original STaR,randomized_markov,3,1.1371540424276583,1.1297864919876708,1.1430180327301922,1.0,0.0,0.0
"Beta(2,2)",100000,Randomized Gaffke,product_orthant_randomized,3,1.1546660241659945,1.153640289718057,1.155413952452918,1.0,0.0,0.0
"Beta(2,2)",100000,Squared-hinge STaR,deterministic_markov,3,1.1229476604613595,1.1113127274076042,1.1331110280159438,1.0,0.0,0.0
"Beta(2,2)",100000,Squared-hinge STaR,randomized_markov,3,1.1229476604613595,1.1113127274076042,1.1331110280159438,1.0,0.0,0.0
"Beta(2,2)",1000000,Efficient betting,deterministic_markov,3,1.1534279720635439,1.1526769350354127,1.1543393374624178,1.0,0.0,0.0
"Beta(2,2)",1000000,Efficient betting,randomized_markov,3,1.1515401874044133,1.1506680449658857,1.152325419914546,1.0,0.0,0.0
"Beta(2,2)",1000000,Gaffke,not_applicable,3,1.1527836298823961,1.1522756829003167,1.1532362807724517,1.0,0.0,0.0
"Beta(2,2)",1000000,Original STaR,deterministic_markov,3,1.1953737199813148,1.1901429321489851,1.2024533155598593,1.0,0.0,0.0
"Beta(2,2)",1000000,Original STaR,randomized_markov,3,1.1953737199813148,1.1901429321489851,1.2024533155598593,1.0,0.0,0.0
"Beta(2,2)",1000000,Randomized Gaffke,product_orthant_randomized,3,1.1527836298824146,1.1522756829003278,1.1532362807724628,1.0,0.0,0.0
"Beta(2,2)",1000000,Squared-hinge STaR,deterministic_markov,3,1.2068577444555586,1.1963135246271572,1.2193939482318397,1.0,0.0,0.0
"Beta(2,2)",1000000,Squared-hinge STaR,randomized_markov,3,1.2068577444555586,1.1963135246271572,1.2193939482318397,1.0,0.0,0.0
"Beta(2,2)",10000000,Efficient betting,deterministic_markov,3,1.1522619742055793,1.15218179692656,1.1523399867614168,1.0,0.0,0.0
"Beta(2,2)",10000000,Efficient betting,randomized_markov,3,1.151902585369511,1.1517301165876224,1.152086575337338,1.0,0.0,0.0
"Beta(2,2)",10000000,Gaffke,not_applicable,3,1.152256752993577,1.152219363675934,1.1522975305588825,1.0,0.0,0.0
"Beta(2,2)",10000000,Original STaR,deterministic_markov,3,1.151820307175819,1.13580568558087,1.166947803255503,1.0,0.0,0.0
"Beta(2,2)",10000000,Original STaR,randomized_markov,3,1.151820307175819,1.13580568558087,1.166947803255503,1.0,0.0,0.0
"Beta(2,2)",10000000,Randomized Gaffke,product_orthant_randomized,3,1.152256752993577,1.152219363675934,1.1522975305588825,1.0,0.0,0.0
"Beta(2,2)",10000000,Squared-hinge STaR,deterministic_markov,3,1.1506817571964445,1.1346966602504593,1.163213073977945,1.0,0.0,0.0
"Beta(2,2)",10000000,Squared-hinge STaR,randomized_markov,3,1.1506817571964445,1.1346966602504593,1.163213073977945,1.0,0.0,0.0
"Beta(20,80)",1000,Efficient betting,deterministic_markov,3,0.2922617665334679,0.28897519269451893,0.29645750079190064,1.0,0.0,0.0
"Beta(20,80)",1000,Efficient betting,randomized_markov,3,0.2585178103743572,0.2529519685906974,0.2641260033969029,1.0,0.0,0.0
"Beta(20,80)",1000,Gaffke,not_applicable,3,0.2756353073839006,0.2736799478122046,0.27721934631782036,1.0,0.0,0.0
"Beta(20,80)",1000,Original STaR,deterministic_markov,3,0.294819733393987,0.2929142158293278,0.29651246552003,1.0,0.0,0.0
"Beta(20,80)",1000,Original STaR,randomized_markov,3,0.26497303874423533,0.2599097083796242,0.269394453470344,1.0,0.0,0.0
"Beta(20,80)",1000,Randomized Gaffke,product_orthant_randomized,3,0.27563530738390146,0.2736799478122041,0.27721934631782125,1.0,0.0,0.0
"Beta(20,80)",1000,Squared-hinge STaR,deterministic_markov,3,0.2940649621915252,0.2922874898655916,0.29566976321997274,1.0,0.0,0.0
"Beta(20,80)",1000,Squared-hinge STaR,randomized_markov,3,0.264247923499366,0.2591729415819739,0.2686155917485299,1.0,0.0,0.0
"Beta(20,80)",10000,Efficient betting,deterministic_markov,3,0.21469053198929958,0.21340397732785454,0.21598877469774566,0.6666666666666666,0.0,0.0
"Beta(20,80)",10000,Efficient betting,randomized_markov,3,0.20232283187327316,0.1972524427664962,0.207508218489299,0.6666666666666666,0.0,0.0
"Beta(20,80)",10000,Gaffke,not_applicable,3,0.21779192042374976,0.2171270332303904,0.2184902288198004,0.6666666666666666,0.0,0.0
"Beta(20,80)",10000,Original STaR,deterministic_markov,3,0.22120880513858684,0.21857781417906058,0.2238178581895644,0.6666666666666666,0.0,0.0
"Beta(20,80)",10000,Original STaR,randomized_markov,3,0.20796712448449273,0.19796094871639802,0.2179018088487661,0.6666666666666666,0.0,0.0
"Beta(20,80)",10000,Randomized Gaffke,product_orthant_randomized,3,0.21779192042375062,0.21712703323038476,0.2184902288198059,0.6666666666666666,0.0,0.0
"Beta(20,80)",10000,Squared-hinge STaR,deterministic_markov,3,0.22440741051991764,0.22179875480673455,0.2271756131097868,0.6666666666666666,0.0,0.0
"Beta(20,80)",10000,Squared-hinge STaR,randomized_markov,3,0.2103371359822146,0.19997334554756604,0.22069613058981916,0.6666666666666666,0.0,0.0
"Beta(20,80)",100000,Efficient betting,deterministic_markov,3,0.2078629148804003,0.20745764424158997,0.20828229315087174,1.0,0.0,0.0
"Beta(20,80)",100000,Efficient betting,randomized_markov,3,0.20633153831584009,0.20548624992517872,0.2073606575847388,1.0,0.0,0.0
"Beta(20,80)",100000,Gaffke,not_applicable,3,0.20881534603913043,0.20861196977466434,0.20907953233816626,1.0,0.0,0.0
"Beta(20,80)",100000,Original STaR,deterministic_markov,3,0.21439385861535207,0.2085766038140918,0.21918820829412206,1.0,0.0,0.0
"Beta(20,80)",100000,Original STaR,randomized_markov,3,0.2143014153568931,0.2085211378590164,0.21913274233904667,1.0,0.0,0.0
"Beta(20,80)",100000,Randomized Gaffke,product_orthant_randomized,3,0.2088153460391187,0.20861196977463978,0.20907953233815568,1.0,0.0,0.0
"Beta(20,80)",100000,Squared-hinge STaR,deterministic_markov,3,0.21738359973873253,0.21181857007334348,0.22196158989913836,1.0,0.0,0.0
"Beta(20,80)",100000,Squared-hinge STaR,randomized_markov,3,0.2173175688398383,0.21177895153400694,0.22192197135980182,1.0,0.0,0.0
"Beta(20,80)",1000000,Efficient betting,deterministic_markov,3,0.205589966764295,0.20551177783940666,0.2056583117747701,1.0,0.0,0.0
"Beta(20,80)",1000000,Efficient betting,randomized_markov,3,0.20530726220098952,0.2052816437733473,0.2053293630171482,1.0,0.0,0.0
"Beta(20,80)",1000000,Gaffke,not_applicable,3,0.20611610319059182,0.20605168262393112,0.20617458155955942,1.0,0.0,0.0
"Beta(20,80)",1000000,Original STaR,deterministic_markov,3,0.21203196161800877,0.21013884474870845,0.2134871661973902,1.0,0.0,0.0
"Beta(20,80)",1000000,Original STaR,randomized_markov,3,0.21203196161800877,0.21013884474870845,0.2134871661973902,1.0,0.0,0.0
"Beta(20,80)",1000000,Randomized Gaffke,product_orthant_randomized,3,0.2061161031906196,0.2060516826239311,0.20617458155958163,1.0,0.0,0.0
"Beta(20,80)",1000000,Squared-hinge STaR,deterministic_markov,3,0.21304524478864736,0.21022394715445314,0.21525926927093986,1.0,0.0,0.0
"Beta(20,80)",1000000,Squared-hinge STaR,randomized_markov,3,0.21304524478864736,0.21022394715445314,0.21525926927093986,1.0,0.0,0.0
"Beta(20,80)",10000000,Efficient betting,deterministic_markov,3,0.20521731349185265,0.20518274487647836,0.20525640121001956,1.0,0.0,0.0
"Beta(20,80)",10000000,Efficient betting,randomized_markov,3,0.20484809022223827,0.20443697719027845,0.20517333892155534,1.0,0.0,0.0
"Beta(20,80)",10000000,Gaffke,not_applicable,3,0.20532227164935968,0.2052844255525572,0.2053543507746524,1.0,0.0,0.0
"Beta(20,80)",10000000,Original STaR,deterministic_markov,3,0.21156888587111666,0.20886244602136286,0.2139172515199992,1.0,0.0,0.0
"Beta(20,80)",10000000,Original STaR,randomized_markov,3,0.21154783236670496,0.20884981391871585,0.21390461941735217,1.0,0.0,0.0
"Beta(20,80)",10000000,Randomized Gaffke,product_orthant_randomized,3,0.2053222716492719,0.2052844255525572,0.20535435077444175,1.0,0.0,0.0
"Beta(20,80)",10000000,Squared-hinge STaR,deterministic_markov,3,0.2135029689711184,0.20975594919111318,0.2169013055803707,1.0,0.0,0.0
"Beta(20,80)",10000000,Squared-hinge STaR,randomized_markov,3,0.2135029689711184,0.20975594919111318,0.2169013055803707,1.0,0.0,0.0
"Beta(50,50)",1000,Efficient betting,deterministic_markov,3,0.30065511573917286,0.29769409741571834,0.3038955767562082,1.0,0.0,0.0
"Beta(50,50)",1000,Efficient betting,randomized_markov,3,0.265943986322156,0.24394423783236727,0.28272504435614765,1.0,0.0,0.0
"Beta(50,50)",1000,Gaffke,not_applicable,3,0.3067792994413394,0.3033551525536649,0.30976671317593374,1.0,0.0,0.0
"Beta(50,50)",1000,Original STaR,deterministic_markov,3,0.33042837455716756,0.3292442215504762,0.33169022940162296,1.0,0.0,0.0
"Beta(50,50)",1000,Original STaR,randomized_markov,3,0.28844854401545544,0.2657419046095879,0.30581554978738734,1.0,0.0,0.0
"Beta(50,50)",1000,Randomized Gaffke,product_orthant_randomized,3,0.3067792994413394,0.3033551525536649,0.30976671317593374,1.0,0.0,0.0
"Beta(50,50)",1000,Squared-hinge STaR,deterministic_markov,3,0.3335155882340392,0.33202999922166615,0.3351816852971233,1.0,0.0,0.0
"Beta(50,50)",1000,Squared-hinge STaR,randomized_markov,3,0.29019871932831437,0.2677231359566078,0.30744851287027986,1.0,0.0,0.0
"Beta(50,50)",10000,Efficient betting,deterministic_markov,3,0.26570107690069655,0.2643049757968851,0.26747331361902216,1.0,0.0,0.0
"Beta(50,50)",10000,Efficient betting,randomized_markov,3,0.2588310955107345,0.2533605113777337,0.2633531257771304,1.0,0.0,0.0
"Beta(50,50)",10000,Gaffke,not_applicable,3,0.2682123228314348,0.26758932272318625,0.2688608609845178,1.0,0.0,0.0
"Beta(50,50)",10000,Original STaR,deterministic_markov,3,0.27127975833122764,0.2654301827314043,0.27689695015576166,1.0,0.0,0.0
"Beta(50,50)",10000,Original STaR,randomized_markov,3,0.268885795977349,0.26443473036848236,0.27402740334325654,1.0,0.0,0.0
"Beta(50,50)",10000,Randomized Gaffke,product_orthant_randomized,3,0.2682123228314348,0.26758932272318625,0.2688608609845178,1.0,0.0,0.0
"Beta(50,50)",10000,Squared-hinge STaR,deterministic_markov,3,0.2724096318101203,0.26401612755494575,0.2805862962973326,1.0,0.0,0.0
"Beta(50,50)",10000,Squared-hinge STaR,randomized_markov,3,0.27002615858787526,0.2631435634846612,0.2774047997376672,1.0,0.0,0.0
"Beta(50,50)",100000,Efficient betting,deterministic_markov,3,0.25839328227782793,0.2577908704192038,0.2589872913626595,1.0,0.0,0.0
"Beta(50,50)",100000,Efficient betting,randomized_markov,3,0.2568992212878405,0.25649421731343075,0.25739709585256204,1.0,0.0,0.0
"Beta(50,50)",100000,Gaffke,not_applicable,3,0.25973237810548283,0.25949195631223604,0.25994102302420197,1.0,0.0,0.0
"Beta(50,50)",100000,Original STaR,deterministic_markov,3,0.2644988793835722,0.26048862073096385,0.2681886644748522,1.0,0.0,0.0
"Beta(50,50)",100000,Original STaR,randomized_markov,3,0.264439631627959,0.26041552340301444,0.26813933398613216,1.0,0.0,0.0
"Beta(50,50)",100000,Randomized Gaffke,product_orthant_randomized,3,0.25973237810548283,0.25949195631223604,0.25994102302420197,1.0,0.0,0.0
"Beta(50,50)",100000,Squared-hinge STaR,deterministic_markov,3,0.26584768543637116,0.2600049215575733,0.27101208560008866,1.0,0.0,0.0
"Beta(50,50)",100000,Squared-hinge STaR,randomized_markov,3,0.2658246386912197,0.2599496093692098,0.27101208560008866,1.0,0.0,0.0
"Beta(50,50)",1000000,Efficient betting,deterministic_markov,3,0.25696216691713697,0.2568702541028478,0.2570863645038446,1.0,0.0,0.0
"Beta(50,50)",1000000,Efficient betting,randomized_markov,3,0.25659351769137984,0.25647290568224784,0.25669205014060553,1.0,0.0,0.0
"Beta(50,50)",1000000,Gaffke,not_applicable,3,0.25745881071061644,0.25736234516254836,0.25756438122278563,1.0,0.0,0.0
"Beta(50,50)",1000000,Original STaR,deterministic_markov,3,0.25747498094106736,0.245437783812874,0.2671417797666331,1.0,0.0,0.0
"Beta(50,50)",1000000,Original STaR,randomized_markov,3,0.25747498094106736,0.245437783812874,0.2671417797666331,1.0,0.0,0.0
"Beta(50,50)",1000000,Randomized Gaffke,product_orthant_randomized,3,0.2574588107106349,0.25736234516255946,0.25756438122279673,1.0,0.0,0.0
"Beta(50,50)",1000000,Squared-hinge STaR,deterministic_markov,3,0.25407174946745487,0.23324391687742357,0.27056384650796517,1.0,0.0,0.0
"Beta(50,50)",1000000,Squared-hinge STaR,randomized_markov,3,0.25407174946745487,0.23324391687742357,0.27056384650796517,1.0,0.0,0.0
"Beta(50,50)",10000000,Efficient betting,deterministic_markov,3,0.2564958672743239,0.25645586394907394,0.2565467119307733,1.0,0.0,0.0
"Beta(50,50)",10000000,Efficient betting,randomized_markov,3,0.2564270339360659,0.2564011696752652,0.25645965951570093,1.0,0.0,0.0
"Beta(50,50)",10000000,Gaffke,not_applicable,3,0.25662440843625633,0.2565947107872868,0.2566653159513062,1.0,0.0,0.0
"Beta(50,50)",10000000,Original STaR,deterministic_markov,3,0.2668595888383011,0.2647895376517107,0.2685078622689085,1.0,0.0,0.0
"Beta(50,50)",10000000,Original STaR,randomized_markov,3,0.2668595888383011,0.2647895376517107,0.2685078622689085,1.0,0.0,0.0
"Beta(50,50)",10000000,Randomized Gaffke,product_orthant_randomized,3,0.2566244084363149,0.2565947107873219,0.25666531595134134,1.0,0.0,0.0
"Beta(50,50)",10000000,Squared-hinge STaR,deterministic_markov,3,0.2699385959271798,0.26699255223453155,0.2721629634857337,1.0,0.0,0.0
"Beta(50,50)",10000000,Squared-hinge STaR,randomized_markov,3,0.2699385959271798,0.26699255223453155,0.2721629634857337,1.0,0.0,0.0
"Uniform(0,1)",1000,Efficient betting,deterministic_markov,3,1.5189427321644506,1.512404687181875,1.5274182289383709,1.0,0.0,0.0
"Uniform(0,1)",1000,Efficient betting,randomized_markov,3,1.4934724641629016,1.4855836983795763,1.5039955380744898,1.0,0.0,0.0
"Uniform(0,1)",1000,Gaffke,not_applicable,3,1.520055281157653,1.5138274589178793,1.5262458258103293,1.0,0.0,0.0
"Uniform(0,1)",1000,Original STaR,deterministic_markov,3,1.535875288085876,1.5091798569513373,1.562526532421366,1.0,0.0,0.0
"Uniform(0,1)",1000,Original STaR,randomized_markov,3,1.5345738043023973,1.508299522796339,1.5609486068200502,1.0,0.0,0.0
"Uniform(0,1)",1000,Randomized Gaffke,product_orthant_randomized,3,1.5200552811576538,1.5138274589178793,1.5262458258103306,1.0,0.0,0.0
"Uniform(0,1)",1000,Squared-hinge STaR,deterministic_markov,3,1.5418071675350433,1.49884723303126,1.5809244237034026,1.0,0.0,0.0
"Uniform(0,1)",1000,Squared-hinge STaR,randomized_markov,3,1.5416346100892195,1.4988013501813264,1.5806479343832265,1.0,0.0,0.0
"Uniform(0,1)",10000,Efficient betting,deterministic_markov,3,1.5012478503753626,1.4883454017755116,1.5140533443513216,1.0,0.0,0.0
"Uniform(0,1)",10000,Efficient betting,randomized_markov,3,1.4831465981832583,1.4713813458718283,1.493129892926911,1.0,0.0,0.0
"Uniform(0,1)",10000,Gaffke,not_applicable,3,1.4963819970845247,1.486646225723911,1.5043003420437362,1.0,0.0,0.0
"Uniform(0,1)",10000,Original STaR,deterministic_markov,3,1.497624000877538,1.4446210479859525,1.5403769640193876,1.0,0.0,0.0
"Uniform(0,1)",10000,Original STaR,randomized_markov,3,1.497395728453678,1.4443454707290004,1.5401046874590762,1.0,0.0,0.0
"Uniform(0,1)",10000,Randomized Gaffke,product_orthant_randomized,3,1.4963819970845247,1.486646225723911,1.5043003420437362,1.0,0.0,0.0
"Uniform(0,1)",10000,Squared-hinge STaR,deterministic_markov,3,1.5074874448470943,1.4425946164247527,1.5618612065212778,1.0,0.0,0.0
"Uniform(0,1)",10000,Squared-hinge STaR,randomized_markov,3,1.5074683075375832,1.442548686881926,1.5618612065212778,1.0,0.0,0.0
"Uniform(0,1)",100000,Efficient betting,deterministic_markov,3,1.4909718943758632,1.4877785916629573,1.493753299778501,1.0,0.0,0.0
"Uniform(0,1)",100000,Efficient betting,randomized_markov,3,1.486461951239123,1.4861660893918847,1.4866977251920828,1.0,0.0,0.0
"Uniform(0,1)",100000,Gaffke,not_applicable,3,1.4892765339966356,1.4879321276460782,1.490434459902516,1.0,0.0,0.0
"Uniform(0,1)",100000,Original STaR,deterministic_markov,3,1.5303310434917716,1.5139345898189251,1.548555651327273,1.0,0.0,0.0
"Uniform(0,1)",100000,Original STaR,randomized_markov,3,1.5303119520372996,1.5139345898189251,1.5485098318365391,1.0,0.0,0.0
"Uniform(0,1)",100000,Randomized Gaffke,product_orthant_randomized,3,1.4892765339966534,1.487932127646096,1.4904344599025334,1.0,0.0,0.0
"Uniform(0,1)",100000,Squared-hinge STaR,deterministic_markov,3,1.5396302536039983,1.5117102758693588,1.5669389306675452,1.0,0.0,0.0
"Uniform(0,1)",100000,Squared-hinge STaR,randomized_markov,3,1.5396302536039983,1.5117102758693588,1.5669389306675452,1.0,0.0,0.0
"Uniform(0,1)",1000000,Efficient betting,deterministic_markov,3,1.4884750607462676,1.4880992719020325,1.4888595903912671,1.0,0.0,0.0
"Uniform(0,1)",1000000,Efficient betting,randomized_markov,3,1.4874353713901778,1.487068927543489,1.4877901576783035,1.0,0.0,0.0
"Uniform(0,1)",1000000,Gaffke,not_applicable,3,1.4884362381386202,1.4882965345461185,1.4886089180244921,1.0,0.0,0.0
"Uniform(0,1)",1000000,Original STaR,deterministic_markov,3,1.5146232620689704,1.492053604640309,1.5372640926551329,1.0,0.0,0.0
"Uniform(0,1)",1000000,Original STaR,randomized_markov,3,1.5146232620689704,1.492053604640309,1.5372640926551329,1.0,0.0,0.0
"Uniform(0,1)",1000000,Randomized Gaffke,product_orthant_randomized,3,1.488436238138676,1.488296534546174,1.4886089180245479,1.0,0.0,0.0
"Uniform(0,1)",1000000,Squared-hinge STaR,deterministic_markov,3,1.5171440127458302,1.4900720637361917,1.5460513693241529,1.0,0.0,0.0
"Uniform(0,1)",1000000,Squared-hinge STaR,randomized_markov,3,1.5171440127458302,1.4900720637361917,1.5460513693241529,1.0,0.0,0.0
"Uniform(0,1)",10000000,Efficient betting,deterministic_markov,3,1.4876835919998388,1.4873772220182753,1.4880244938335812,1.0,0.0,0.0
"Uniform(0,1)",10000000,Efficient betting,randomized_markov,3,1.4871080317353265,1.4869061607331817,1.4873516664370803,1.0,0.0,0.0
"Uniform(0,1)",10000000,Gaffke,not_applicable,3,1.4874495485476424,1.4873028845213558,1.4875651449988752,1.0,0.0,0.0
"Uniform(0,1)",10000000,Original STaR,deterministic_markov,3,1.504520048374901,1.4838193319274766,1.5268448481033239,1.0,0.0,0.0
"Uniform(0,1)",10000000,Original STaR,randomized_markov,3,1.504520048374901,1.4838193319274766,1.5268448481033239,1.0,0.0,0.0
"Uniform(0,1)",10000000,Randomized Gaffke,product_orthant_randomized,3,1.4874495485477006,1.4873028845213558,1.4875651449990153,1.0,0.0,0.0
"Uniform(0,1)",10000000,Squared-hinge STaR,deterministic_markov,3,1.5059901337487254,1.481815203973425,1.5342780191541243,1.0,0.0,0.0
"Uniform(0,1)",10000000,Squared-hinge STaR,randomized_markov,3,1.5059901337487254,1.481815203973425,1.5342780191541243,1.0,0.0,0.0
"Uniform(0.45,0.55)",1000,Efficient betting,deterministic_markov,3,0.2192054433719742,0.21746758033168329,0.22048162622652884,1.0,0.0,0.0
"Uniform(0.45,0.55)",1000,Efficient betting,randomized_markov,3,0.19170986631252263,0.16678312515832736,0.21295886413652088,1.0,0.0,0.0
"Uniform(0.45,0.55)",1000,Gaffke,not_applicable,3,0.2201521891566818,0.217973165076281,0.22183783247351013,1.0,0.0,0.0
"Uniform(0.45,0.55)",1000,Original STaR,deterministic_markov,3,0.2507224504327768,0.24770446713166144,0.2546216406971035,1.0,0.0,0.0
"Uniform(0.45,0.55)",1000,Original STaR,randomized_markov,3,0.21931774308827848,0.18671249998543174,0.24619397000223903,1.0,0.0,0.0
"Uniform(0.45,0.55)",1000,Randomized Gaffke,product_orthant_randomized,3,0.22015218915668236,0.21797316507628237,0.22183783247351013,1.0,0.0,0.0
"Uniform(0.45,0.55)",1000,Squared-hinge STaR,deterministic_markov,3,0.2514300255000507,0.24889580274138096,0.25491370359721655,1.0,0.0,0.0
"Uniform(0.45,0.55)",1000,Squared-hinge STaR,randomized_markov,3,0.21971962230792896,0.18701761036905154,0.24657435432918412,1.0,0.0,0.0
"Uniform(0.45,0.55)",10000,Efficient betting,deterministic_markov,3,0.15803337368862816,0.15700769006370405,0.1592160199843961,1.0,0.0,0.0
"Uniform(0.45,0.55)",10000,Efficient betting,randomized_markov,3,0.15418153887220376,0.15328907655082544,0.15520422205510195,1.0,0.0,0.0
"Uniform(0.45,0.55)",10000,Gaffke,not_applicable,3,0.16163924726065126,0.1606840458591985,0.16240107783138438,1.0,0.0,0.0
"Uniform(0.45,0.55)",10000,Original STaR,deterministic_markov,3,0.16568626213689,0.164489251043709,0.16669123292419205,1.0,0.0,0.0
"Uniform(0.45,0.55)",10000,Original STaR,randomized_markov,3,0.16383838945500842,0.16299632847391218,0.1647876807409898,1.0,0.0,0.0
"Uniform(0.45,0.55)",10000,Randomized Gaffke,product_orthant_randomized,3,0.16163924726065493,0.16068404585920398,0.1624010778313855,1.0,0.0,0.0
"Uniform(0.45,0.55)",10000,Squared-hinge STaR,deterministic_markov,3,0.16648648403822144,0.16531887563442366,0.167848987777539,1.0,0.0,0.0
"Uniform(0.45,0.55)",10000,Squared-hinge STaR,randomized_markov,3,0.16511670624850627,0.1638113908159599,0.16645234333473977,1.0,0.0,0.0
"Uniform(0.45,0.55)",100000,Efficient betting,deterministic_markov,3,0.15105520684119345,0.1509117668155608,0.15122564623940624,1.0,0.0,0.0
"Uniform(0.45,0.55)",100000,Efficient betting,randomized_markov,3,0.1498291722332927,0.14911868045255167,0.15058761799975962,1.0,0.0,0.0
"Uniform(0.45,0.55)",100000,Gaffke,not_applicable,3,0.1521433916190491,0.15199932641622635,0.15225091427781587,1.0,0.0,0.0
"Uniform(0.45,0.55)",100000,Original STaR,deterministic_markov,3,0.1551829389821859,0.1542581611849142,0.1561462819447322,1.0,0.0,0.0
"Uniform(0.45,0.55)",100000,Original STaR,randomized_markov,3,0.15483023635948823,0.1542581611849142,0.15529979565025778,1.0,0.0,0.0
"Uniform(0.45,0.55)",100000,Randomized Gaffke,product_orthant_randomized,3,0.15214339161905496,0.15199932641624042,0.15225091427781587,1.0,0.0,0.0
"Uniform(0.45,0.55)",100000,Squared-hinge STaR,deterministic_markov,3,0.15632229153546995,0.15471323101667336,0.15783644636710872,1.0,0.0,0.0
"Uniform(0.45,0.55)",100000,Squared-hinge STaR,randomized_markov,3,0.15592764589818087,0.15471323101667336,0.15688929683761488,1.0,0.0,0.0
"Uniform(0.45,0.55)",1000000,Efficient betting,deterministic_markov,3,0.1493474752138161,0.1492299635090122,0.14944374191190324,1.0,0.0,0.0
"Uniform(0.45,0.55)",1000000,Efficient betting,randomized_markov,3,0.1492247397967272,0.14904042752406085,0.14940215263588014,1.0,0.0,0.0
"Uniform(0.45,0.55)",1000000,Gaffke,not_applicable,3,0.14974234142561824,0.14970287061484283,0.1497739864018799,1.0,0.0,0.0
"Uniform(0.45,0.55)",1000000,Original STaR,deterministic_markov,3,0.15000934873136507,0.14374322411492277,0.15451770355050515,1.0,0.0,0.0
"Uniform(0.45,0.55)",1000000,Original STaR,randomized_markov,3,0.14999598526762206,0.14371115180193955,0.15451770355050515,1.0,0.0,0.0
"Uniform(0.45,0.55)",1000000,Randomized Gaffke,product_orthant_randomized,3,0.14974234142561824,0.14970287061484283,0.1497739864018799,1.0,0.0,0.0
"Uniform(0.45,0.55)",1000000,Squared-hinge STaR,deterministic_markov,3,0.149701784121566,0.14101710402754097,0.15598329501205208,1.0,0.0,0.0
"Uniform(0.45,0.55)",1000000,Squared-hinge STaR,randomized_markov,3,0.14969605787011153,0.14100794050950768,0.15597871552659456,1.0,0.0,0.0
"Uniform(0.45,0.55)",10000000,Efficient betting,deterministic_markov,3,0.14887757382340402,0.14882784344057054,0.14894411561828141,1.0,0.0,0.0
"Uniform(0.45,0.55)",10000000,Efficient betting,randomized_markov,3,0.14873018135608337,0.14864604656921754,0.14882290275234258,1.0,0.0,0.0
"Uniform(0.45,0.55)",10000000,Gaffke,not_applicable,3,0.1490124020098437,0.14900158321846424,0.14902555771227263,1.0,0.0,0.0
"Uniform(0.45,0.55)",10000000,Original STaR,deterministic_markov,3,0.14943251169641725,0.14243822219706012,0.15464380089135188,1.0,0.0,0.0
"Uniform(0.45,0.55)",10000000,Original STaR,randomized_markov,3,0.1494306029831185,0.14243707696908087,0.15464265566337265,1.0,0.0,0.0
"Uniform(0.45,0.55)",10000000,Randomized Gaffke,product_orthant_randomized,3,0.1490124020099607,0.14900158321849935,0.14902555771244813,1.0,0.0,0.0
"Uniform(0.45,0.55)",10000000,Squared-hinge STaR,deterministic_markov,3,0.14922833900577673,0.14010923005464335,0.15611172470435425,1.0,0.0,0.0
"Uniform(0.45,0.55)",10000000,Squared-hinge STaR,randomized_markov,3,0.14922833900577673,0.14010923005464335,0.15611172470435425,1.0,0.0,0.0
