distribution,n,method,replications,coverage,mean_width,q10_width,q90_width,mean_sqrt_n_width,q10_sqrt_n_width,q90_sqrt_n_width,mean_normalized_halfwidth,mean_runtime_seconds,mean_score_evaluations,empty_rate
Bernoulli(0.1),1000,Capped original feedback,50,1.0,0.056307568547970914,0.05388436587323612,0.05873024421908029,1.780601661176481,1.7039732643327397,1.857213392702307,2.9676694352941353,0.0013171264610718936,31.66,0.0
Bernoulli(0.1),1000,Efficient betting (Probit-STaR),50,1.0,0.051751617739457315,0.04648853509249152,0.05685404689108233,1.6365298465505962,1.4700965597693971,1.7978828237383526,2.7275497442509935,0.0022577175742480478,31.12,0.0
Bernoulli(0.1),1000,Gaffke,50,1.0,0.04995782426673191,0.04759646296148147,0.0521680029177077,1.5798051162930418,1.5051323152612477,1.64969710202266,2.63300852715507,0.000197302381275168,0.0,0.0
Bernoulli(0.1),1000,Square-root feedback,50,1.0,0.0512247677081027,0.047810327488997106,0.05468632802389909,1.6198693857064788,1.5118953054378999,1.7293335342661613,2.6997823095107982,0.000571824673097536,31.16,0.0
Bernoulli(0.1),1000,Squared-hinge feedback,50,1.0,0.051549832230643286,0.04799564510227115,0.05515914051349007,1.6301488284839132,1.5177555629228199,1.744285177998984,2.7169147141398553,0.000571824673097536,31.2,0.0
Bernoulli(0.1),1000,Target-capped feedback,50,1.0,0.05097021583862414,0.04822988983479469,0.0538368974099404,1.6118197488044177,1.5251630317695346,1.702472179722317,2.6863662480073627,0.000571824673097536,31.0,0.0
Bernoulli(0.1),3000,Capped original feedback,50,1.0,0.031953050286529436,0.03111724147652581,0.03269666961575878,1.7501406423029084,1.7043615084028547,1.7908703503844858,2.9169010705048475,0.0022317258652765305,31.42,0.0
Bernoulli(0.1),3000,Efficient betting (Probit-STaR),50,1.0,0.028546577506894752,0.02639480124316024,0.03031825877252239,1.5635604440095863,1.445702804174427,1.6605994233989416,2.605934073349311,0.005062963244272352,31.02,0.0
Bernoulli(0.1),3000,Gaffke,50,1.0,0.028481413457433765,0.02777183460582935,0.029166977780246378,1.5599912620267702,1.5211260276915355,1.5975411664492922,2.5999854367112833,0.000196159260813094,0.0,0.0
Bernoulli(0.1),3000,Square-root feedback,50,1.0,0.028884434868803193,0.0271376371409119,0.03002591871203534,1.582065653843231,1.4863896019467473,1.6445872988398245,2.6367760897387185,0.001173353089543474,31.04,0.0
Bernoulli(0.1),3000,Squared-hinge feedback,50,1.0,0.02898914830058478,0.02737020277956107,0.0302101543061625,1.5878010447092865,1.4991277465856239,1.6546782979197083,2.6463350745154774,0.001173353089543474,31.04,0.0
Bernoulli(0.1),3000,Target-capped feedback,50,1.0,0.028882330924037934,0.02786798161104123,0.02972110214808302,1.5819504160424631,1.5263922160506447,1.6278918080420328,2.6365840267374385,0.001173353089543474,31.0,0.0
Bernoulli(0.1),10000,Capped original feedback,50,1.0,0.017239957935383226,0.016939886167969674,0.017645117683501438,1.7239957935383226,1.6939886167969673,1.7645117683501437,2.873326322563871,0.005611296480055899,31.26,0.0
Bernoulli(0.1),10000,Efficient betting (Probit-STaR),50,0.98,0.015900217514775564,0.014780539359160839,0.016845365486452442,1.5900217514775614,1.4780539359160922,1.6845365486452468,2.6500362524626024,0.014672052995301738,31.0,0.0
Bernoulli(0.1),10000,Gaffke,50,0.98,0.015571432807626566,0.015317700979351109,0.015801392392597383,1.5571432807626613,1.5317700979351188,1.5801392392597413,2.595238801271102,0.00020950896199787802,0.0,0.0
Bernoulli(0.1),10000,Square-root feedback,50,0.98,0.0158227907701508,0.01535551693012524,0.01632724367267097,1.5822790770150847,1.5355516930125266,1.6327243672671023,2.6371317950251414,0.0032855696344631204,31.0,0.0
Bernoulli(0.1),10000,Squared-hinge feedback,50,0.98,0.015884481714864247,0.01521344147592262,0.01654838320163601,1.5884481714864294,1.5213441475922638,1.6548383201636092,2.647413619144049,0.0032855696344631204,31.0,0.0
Bernoulli(0.1),10000,Target-capped feedback,50,0.98,0.015738264037454874,0.01547760968474334,0.01597416950178395,1.5738264037454934,1.547760968474341,1.597416950178404,2.623044006242489,0.0032855696344631204,31.0,0.0
Bernoulli(0.1),30000,Capped original feedback,40,1.0,0.00973974050417408,0.009608966762654705,0.009870003074998829,1.6869725405766018,1.6643218641158584,1.7095346796759023,2.811620900961003,0.01522289594868198,31.1,0.0
Bernoulli(0.1),30000,Efficient betting (Probit-STaR),40,1.0,0.009114301438049099,0.0086802814519406,0.00944228280468818,1.5786433166199199,1.5034688498758944,1.6354513557154033,2.631072194366533,0.04190705437940774,31.0,0.0
Bernoulli(0.1),30000,Gaffke,40,1.0,0.008958378352419473,0.0088803655594191,0.009028956886489371,1.5516366459815771,1.5381244338698712,1.5638612066748618,2.586061076635962,0.00021834829676658252,0.0,0.0
Bernoulli(0.1),30000,Square-root feedback,40,1.0,0.009196426119443204,0.00897009974232678,0.00935918778418067,1.5928677286929211,1.5536668502670512,1.6210588759778934,2.6547795478215357,0.009316680256597418,31.0,0.0
Bernoulli(0.1),30000,Squared-hinge feedback,40,1.0,0.009264266595878676,0.00883156058018084,0.00947200766902296,1.6046180438925124,1.529671163499579,1.640599853242992,2.6743634064875206,0.009316680256597418,31.0,0.0
Bernoulli(0.1),30000,Target-capped feedback,40,1.0,0.009039861187388896,0.00896782377153434,0.009111807212311189,1.5657498869927573,1.5532726405621524,1.578211304049558,2.609583144987929,0.009316680256597418,31.0,0.0
Bernoulli(0.1),100000,Capped original feedback,40,1.0,0.005247723757555859,0.0051644875026832905,0.005353031765022001,1.659475960525376,1.6331543455954154,1.6927772764700784,2.7657932675422936,0.04927407737413887,31.025,0.0
Bernoulli(0.1),100000,Efficient betting (Probit-STaR),40,1.0,0.004972079937536582,0.0047359309490020195,0.005201189268049499,1.5723097311043481,1.4976328640129186,1.644760462866054,2.6205162185072473,0.13684402395301726,31.0,0.0
Bernoulli(0.1),100000,Gaffke,40,1.0,0.004895921669693965,0.00487638279239439,0.00492045820662695,1.5482263722007628,1.5420476366818456,1.555985506460874,2.580377287001271,0.000247134994424365,0.0,0.0
Bernoulli(0.1),100000,Square-root feedback,40,1.0,0.00499547970750835,0.004861772507060371,0.00510355141021487,1.5797093880878286,1.5374274587897936,1.6138846612043611,2.632848980146381,0.029639119566854756,31.0,0.0
Bernoulli(0.1),100000,Squared-hinge feedback,40,1.0,0.00502064695225588,0.00482903453735343,0.0051613509338502206,1.5876679696711378,1.5270748037654487,1.6321624754404054,2.6461132827852296,0.029639119566854756,31.0,0.0
Bernoulli(0.1),100000,Target-capped feedback,40,1.0,0.00492872362527495,0.004900076619992331,0.00495924919280437,1.558599261335121,1.5495402828515146,1.5682522933613356,2.597665435558535,0.029639119566854756,31.0,0.0
Bernoulli(0.1),300000,Capped original feedback,30,1.0,0.002982400955520151,0.0029414581188917017,0.0030482421009035447,1.6335282788633483,1.6111029636736978,1.6695909594018103,2.722547131438914,0.145331238664221,31.0,0.0
Bernoulli(0.1),300000,Efficient betting (Probit-STaR),30,1.0,0.0028333883467227335,0.00271064872301394,0.00294855002496728,1.5519107116723334,1.484683451067316,1.6149873606070104,2.5865178527872223,0.40538867659439953,31.0,0.0
Bernoulli(0.1),300000,Gaffke,30,1.0,0.0028253167573263466,0.00281699651747822,0.0028342755629848903,1.5474897200850108,1.5429325370363587,1.552396660032494,2.579149533475018,0.00031186194197890663,0.0,0.0
Bernoulli(0.1),300000,Square-root feedback,30,1.0,0.0029022013118052336,0.00285707662053635,0.0029488623511528603,1.5896011248968374,1.5648853135884095,1.6151584287041814,2.649335208161396,0.08663009683368723,31.0,0.0
Bernoulli(0.1),300000,Squared-hinge feedback,30,1.0,0.002924576946188297,0.00285939444560604,0.00298298360366561,1.6018567645869282,1.5661548386634339,1.633847408395759,2.669761274311547,0.08663009683368723,31.0,0.0
Bernoulli(0.1),300000,Target-capped feedback,30,1.0,0.00283581839707739,0.00282486880967758,0.0028441121141092197,1.5532417050674527,1.547244369053184,1.557784360971335,2.5887361751124214,0.08663009683368723,31.0,0.0
Bernoulli(0.1),1000000,Capped original feedback,20,1.0,0.0016304399365108628,0.001595746389336314,0.0016741162636071116,1.630439936510863,1.595746389336314,1.6741162636071116,2.7173998941847715,0.48301305775821674,31.1,0.0
Bernoulli(0.1),1000000,Efficient betting (Probit-STaR),20,1.0,0.00154438362782009,0.0014969387578245201,0.00159936493142951,1.5443836278201473,1.4969387578245537,1.5993649314295586,2.5739727130335788,1.3482935034990078,31.0,0.0
Bernoulli(0.1),1000000,Gaffke,20,1.0,0.001546953753004145,0.00154531580134238,0.00154850983930979,1.5469537530041926,1.5453158013423922,1.5485098393098473,2.5782562550069876,0.0005663522460963,0.0,0.0
Bernoulli(0.1),1000000,Square-root feedback,20,1.0,0.0015825883698249801,0.00154774285587281,0.0016083082550657,1.5825883698250367,1.5477428558728996,1.6083082550657464,2.6376472830417277,0.2826769011371652,31.0,0.0
Bernoulli(0.1),1000000,Squared-hinge feedback,20,1.0,0.0015939760995997102,0.00155129696179642,0.00162791834336857,1.5939760995997552,1.5512969617964891,1.6279183433686575,2.6566268326662588,0.2826769011371652,31.0,0.0
Bernoulli(0.1),1000000,Target-capped feedback,20,1.0,0.0015508515049678,0.00154719242379105,0.0015552981143695,1.5508515049678546,1.54719242379113,1.555298114369592,2.584752508279758,0.2826769011371652,31.0,0.0
Bernoulli(0.1),3000000,Capped original feedback,15,1.0,0.0009236998530723063,0.0009143600458342671,0.0009414651661647982,1.5998950764651414,1.583718055795958,1.630665501353706,2.666491794108569,1.4334463793978405,31.0,0.0
Bernoulli(0.1),3000000,Efficient betting (Probit-STaR),15,1.0,0.0008925298210735999,0.00087684050612098,0.0009088395254835001,1.5459069973699051,1.5187323067359935,1.574156234064329,2.576511662283175,4.019061364997954,31.0,0.0
Bernoulli(0.1),3000000,Gaffke,15,1.0,0.0008927715983329334,0.00089213898740464,0.00089329970351576,1.5463257678672144,1.545230053598006,1.547240472875592,2.5772096131120246,0.0012974997982382332,0.0,0.0
Bernoulli(0.1),3000000,Square-root feedback,15,1.0,0.0009138880310152933,0.00089921925534004,0.00092675044975478,1.5829005021476443,1.5574934373933145,1.6051788649126093,2.6381675035794077,0.82957729078189,31.0,0.0
Bernoulli(0.1),3000000,Squared-hinge feedback,15,1.0,0.0009185159174763668,0.0008967113546569,0.0009359871780846601,1.590916236629897,1.5531496259897202,1.6211773476757991,2.651527061049828,0.82957729078189,31.0,0.0
Bernoulli(0.1),3000000,Target-capped feedback,15,1.0,0.0008943502665168999,0.0008935034449124,0.0008953570624585601,1.5490601013701086,1.5475933633262158,1.5508039230939472,2.5817668356168473,0.82957729078189,31.0,0.0
Bernoulli(0.1),10000000,Capped original feedback,10,1.0,0.000503415120981196,0.0004977967764743949,0.0005089310676843817,1.5919383908697982,1.5741716255488112,1.6093813459039616,2.6532306514496637,4.750917464803206,31.0,0.0
Bernoulli(0.1),10000000,Efficient betting (Probit-STaR),10,1.0,0.00048752762318686005,0.00047726505196665997,0.0004999224417290399,1.54169771151899,1.5092446118133764,1.580893569296868,2.5694961858649834,13.3302443489898,31.0,0.0
Bernoulli(0.1),10000000,Gaffke,10,1.0,0.00048885293019457,0.00048872074049336,0.00048896492123157,1.5458887002623012,1.5454706797232993,1.5462428470166825,2.5764811671038355,0.00342310030828226,0.0,0.0
Bernoulli(0.1),10000000,Square-root feedback,10,1.0,0.00050079206328913,0.00049528918844408,0.00050698845136278,1.5836435541289924,1.5662419359399522,1.6032382537079184,2.6394059235483205,2.7316120706513174,31.0,0.0
Bernoulli(0.1),10000000,Squared-hinge feedback,10,1.0,0.00050463692336893,0.00049784388114827,0.0005126848112166299,1.5958020692657968,1.5743205836068328,1.6212517252179988,2.659670115442995,2.7316120706513174,31.0,0.0
Bernoulli(0.1),10000000,Target-capped feedback,10,1.0,0.00048952646037786,0.0004891212363161999,0.00048974204665351,1.5480185897143595,1.5467371587167387,1.5487003333777989,2.5800309828572656,2.7316120706513174,31.0,0.0
Bernoulli(0.5),1000,Capped original feedback,50,1.0,0.08739284679050068,0.08658971813895014,0.0887355660976926,2.7636044706411815,2.738207312710787,2.8060649833312796,2.7636044706411815,0.0012635808426421135,31.0,0.0
Bernoulli(0.5),1000,Efficient betting (Probit-STaR),50,1.0,0.08411476350971325,0.07456003814973228,0.09567164847646153,2.659942375371127,2.357795429822006,3.0254031668859658,2.659942375371127,0.002232003717217544,31.06,0.0
Bernoulli(0.5),1000,Gaffke,50,1.0,0.0822651679166526,0.0822232931003916,0.0822942442335993,2.601453027128311,2.6001288291684523,2.602372501003516,2.601453027128311,0.00018432669457974199,0.0,0.0
Bernoulli(0.5),1000,Square-root feedback,50,1.0,0.08346122497160838,0.08158857716108193,0.0849011828794217,2.639275672180046,2.5800573488141345,2.6848111394146548,2.639275672180046,0.000587792154401482,31.0,0.0
Bernoulli(0.5),1000,Squared-hinge feedback,50,1.0,0.08397221687399763,0.08140376763591006,0.08603535105138271,2.65543465495457,2.5742131584857617,2.7206766861453167,2.65543465495457,0.000587792154401482,31.0,0.0
Bernoulli(0.5),1000,Target-capped feedback,50,1.0,0.08297200968427618,0.08281645095545342,0.0830939243173101,2.6238053264386103,2.6188861275086075,2.627660605643519,2.6238053264386103,0.000587792154401482,31.0,0.0
Bernoulli(0.5),3000,Capped original feedback,50,0.98,0.04977755460544217,0.04927162355890345,0.05052191012358451,2.7264289514845848,2.6987179668114396,2.767198982293585,2.7264289514845848,0.0022686328622512518,31.02,0.0
Bernoulli(0.5),3000,Efficient betting (Probit-STaR),50,0.98,0.04843361428684294,0.04382714218913071,0.05226564885167301,2.65281830864084,2.400511440797325,2.8627074858705295,2.65281830864084,0.005034716140944464,31.0,0.0
Bernoulli(0.5),3000,Gaffke,50,0.98,0.04732266656648425,0.047311499754376395,0.04733073351234933,2.5919691959758997,2.5913575644872116,2.592411040797946,2.5919691959758997,0.000187913960544338,0.0,0.0
Bernoulli(0.5),3000,Square-root feedback,50,0.98,0.047924522763460195,0.04663853124372514,0.0488537858574984,2.6249342175217,2.5544975611097733,2.6758320533678743,2.6249342175217,0.001180846848874298,31.0,0.0
Bernoulli(0.5),3000,Squared-hinge feedback,50,0.98,0.048105978078715736,0.04647265549388152,0.04942206907541538,2.6348729344561668,2.545412172116531,2.7069582071183538,2.6348729344561668,0.001180846848874298,31.0,0.0
Bernoulli(0.5),3000,Target-capped feedback,50,0.98,0.04757764297402899,0.047528611494817415,0.047619959707163206,2.605934828980289,2.603249264261087,2.6082526119100415,2.605934828980289,0.001180846848874298,31.0,0.0
Bernoulli(0.5),10000,Capped original feedback,50,1.0,0.026875145583862326,0.02662137555206175,0.02727663387039826,2.6875145583862325,2.6621375552061752,2.727663387039826,2.6875145583862325,0.0055701942194718865,31.0,0.0
Bernoulli(0.5),10000,Efficient betting (Probit-STaR),50,1.0,0.026258470923572644,0.023858099003112473,0.02827877434933309,2.6258470923572697,2.3858099003112567,2.827877434933317,2.6258470923572697,0.014691533001605372,31.02,0.0
Bernoulli(0.5),10000,Gaffke,50,1.0,0.02585244322070811,0.02585128106049235,0.02585332180933494,2.5852443220708166,2.5851281060492393,2.585332180933503,2.5852443220708166,0.00020265559782268598,0.0,0.0
Bernoulli(0.5),10000,Square-root feedback,50,1.0,0.026241916440344668,0.02538098162448549,0.02682060839738502,2.6241916440344717,2.5380981624485557,2.6820608397385097,2.6241916440344717,0.003298873799212692,31.0,0.0
Bernoulli(0.5),10000,Squared-hinge feedback,50,1.0,0.026364229970501626,0.02527205060870851,0.02711768858758081,2.636422997050167,2.527205060870858,2.711768858758085,2.636422997050167,0.003298873799212692,31.0,0.0
Bernoulli(0.5),10000,Target-capped feedback,50,1.0,0.025942779224980762,0.02591951462281454,0.02595767419021262,2.594277922498081,2.5919514622814597,2.5957674190212687,2.594277922498081,0.003298873799212692,31.0,0.0
Bernoulli(0.5),30000,Capped original feedback,40,1.0,0.015438754223075174,0.01526235747166424,0.015684906165470348,2.674070671993477,2.6435178584200933,2.716705439054498,2.674070671993477,0.015162476968544069,31.0,0.0
Bernoulli(0.5),30000,Efficient betting (Probit-STaR),40,1.0,0.015103566183880788,0.01421514626692542,0.01607674401709248,2.616014400596079,2.4621355571337955,2.7845737457883266,2.616014400596079,0.042483050924783994,31.0,0.0
Bernoulli(0.5),30000,Gaffke,40,1.0,0.014903672486586025,0.01490337572095938,0.01490393817172806,2.5813917966133477,2.581340395299021,2.581437814629836,2.5813917966133477,0.00021255477186055,0.0,0.0
Bernoulli(0.5),30000,Square-root feedback,40,1.0,0.015085772701872304,0.0147061090702351,0.01545168773532197,2.6129324791078536,2.5471728091296706,2.67631082202667,2.6129324791078536,0.009318220155910195,31.0,0.0
Bernoulli(0.5),30000,Squared-hinge feedback,40,1.0,0.015118240694440805,0.01455829841420338,0.015658834040554268,2.6185561003826945,2.5215712525149736,2.712189614552918,2.6185561003826945,0.009318220155910195,31.0,0.0
Bernoulli(0.5),30000,Target-capped feedback,40,1.0,0.014935944781047285,0.01492480641314968,0.01494391470297578,2.586981521981719,2.5850523000705086,2.58836195295297,2.586981521981719,0.009318220155910195,31.0,0.0
Bernoulli(0.5),100000,Capped original feedback,40,1.0,0.008405413942831563,0.008300965960749241,0.008570611674545526,2.658025273588407,2.624995921549547,2.710265383239362,2.658025273588407,0.049116402874642515,31.025,0.0
Bernoulli(0.5),100000,Efficient betting (Probit-STaR),40,1.0,0.008229955321230263,0.00794124480435184,0.00858396345200969,2.6025403856510487,2.5112421038730193,2.7144875859992337,2.6025403856510487,0.13762806487648044,31.0,0.0
Bernoulli(0.5),100000,Gaffke,40,1.0,0.008155287689456826,0.00815521692121943,0.00815533006763721,2.5789284072615706,2.5789060283799503,2.5789418084188775,2.5789284072615706,0.00023662000457984,0.0,0.0
Bernoulli(0.5),100000,Square-root feedback,40,1.0,0.008306946818180689,0.00808665962132664,0.00849542841215679,2.6268872347339753,2.5572263065906995,2.6864903481323417,2.6268872347339753,0.02979291166739127,31.0,0.0
Bernoulli(0.5),100000,Squared-hinge feedback,40,1.0,0.008351389776117638,0.00802152319125633,0.00861389898496452,2.6409413320375554,2.5366283588232745,2.7239540327100573,2.6409413320375554,0.02979291166739127,31.0,0.0
Bernoulli(0.5),100000,Target-capped feedback,40,1.0,0.008166929622622613,0.00816157911994746,0.00817127075337156,2.582609909778701,2.5809179322706717,2.5839826958574292,2.582609909778701,0.02979291166739127,31.0,0.0
Bernoulli(0.5),300000,Capped original feedback,30,1.0,0.004803980055918737,0.0047709536496929,0.00483868610409639,2.6312482424316217,2.613158934748401,2.6502575279003837,2.6312482424316217,0.1452554773966161,31.0,0.0
Bernoulli(0.5),300000,Efficient betting (Probit-STaR),30,1.0,0.004741736524095476,0.00452493031381523,0.004930883046499901,2.5971560559932576,2.4784064040155678,2.7007558729878034,2.5971560559932576,0.4072433532642511,31.0,0.0
Bernoulli(0.5),300000,Gaffke,30,1.0,0.0047060935710681795,0.00470607452166177,0.00470610259663442,2.5776336066041146,2.577623172814534,2.5776385501103447,2.5776336066041146,0.00029953920554053,0.0,0.0
Bernoulli(0.5),300000,Square-root feedback,30,1.0,0.0047915216501639435,0.0045994421043290806,0.00488690346185411,2.6244244925691977,2.5192181924800834,2.6766672624076095,2.6244244925691977,0.08657271006425916,31.0,0.0
Bernoulli(0.5),300000,Squared-hinge feedback,30,1.0,0.004809074416726843,0.004585118585985311,0.00493322242786044,2.6340385387623204,2.5113728783803966,2.7020372049295895,2.6340385387623204,0.08657271006425916,31.0,0.0
Bernoulli(0.5),300000,Target-capped feedback,30,1.0,0.004711526170397279,0.00470972018665881,0.00471317429965084,2.5806091638025475,2.579619985770491,2.5815118813724096,2.5806091638025475,0.08657271006425916,31.0,0.0
Bernoulli(0.5),1000000,Capped original feedback,20,1.0,0.0026208877272114158,0.002603924900530735,0.0026454462232541444,2.6208877272114153,2.6039249005307354,2.6454462232541442,2.6208877272114153,0.4789580952987308,31.0,0.0
Bernoulli(0.5),1000000,Efficient betting (Probit-STaR),20,1.0,0.00259165379966316,0.00252285676029841,0.00271967418251292,2.5916537996632045,2.5228567602984864,2.7196741825129434,2.5916537996632045,1.34364513050823,31.0,0.0
Bernoulli(0.5),1000000,Gaffke,20,1.0,0.00257682306143164,0.00257682042462574,0.00257682434997792,2.5768230614316936,2.576820424625809,2.5768243499779357,2.5768230614316936,0.000569240207550985,0.0,0.0
Bernoulli(0.5),1000000,Square-root feedback,20,1.0,0.0026561370450362597,0.00260850093323583,0.00268646757991187,2.656137045036311,2.6085009332358466,2.6864675799119224,2.656137045036311,0.2805995092239754,31.0,0.0
Bernoulli(0.5),1000000,Squared-hinge feedback,20,1.0,0.00268011928169683,0.00262342785049962,0.00272080444038557,2.6801192816968937,2.623427850499649,2.720804440385627,2.6801192816968937,0.2805995092239754,31.0,0.0
Bernoulli(0.5),1000000,Target-capped feedback,20,1.0,0.0025793800022578,0.00257851805709203,0.00258003067763435,2.5793800022578526,2.578518057092122,2.5800306776343818,2.5793800022578526,0.2805995092239754,31.0,0.0
Bernoulli(0.5),3000000,Capped original feedback,15,1.0,0.001511960209576054,0.0015014315495306407,0.0015289748079022835,2.618791902008213,2.6005557278739366,2.648262050779619,2.618791902008213,1.426095185665569,31.0,0.0
Bernoulli(0.5),3000000,Efficient betting (Probit-STaR),15,1.0,0.0014936017465631067,0.00145603357506614,0.0015447223204007,2.5869941113209927,2.521924129540823,2.675537542519729,2.5869941113209927,4.013259537137734,31.0,0.0
Bernoulli(0.5),3000000,Gaffke,15,1.0,0.0014874879919688998,0.0014874878267272,0.0014874881256859201,2.576404777738808,2.5764044915318105,2.576405009343472,2.576404777738808,0.00123990513772388,0.0,0.0
Bernoulli(0.5),3000000,Square-root feedback,15,1.0,0.0015227638000047867,0.00148209917988354,0.00154796330470582,2.6375042695350372,2.567071081414522,2.681151092002806,2.6375042695350372,0.8270198348337241,31.0,0.0
Bernoulli(0.5),3000000,Squared-hinge feedback,15,1.0,0.00153021942171588,0.00146752045122112,0.0015705936024722799,2.65041778514066,2.541819982661492,2.720347917524684,2.65041778514066,0.8270198348337241,31.0,0.0
Bernoulli(0.5),3000000,Target-capped feedback,15,1.0,0.0014886466023734668,0.00148827200688956,0.0014890627770711199,2.578411549825718,2.5777627314152687,2.579132385546915,2.578411549825718,0.8270198348337241,31.0,0.0
Bernoulli(0.5),10000000,Capped original feedback,10,1.0,0.0008250212564073212,0.0008199465420095142,0.0008313599553771312,2.60894628830092,2.5928986323290006,2.6289910144476827,2.60894628830092,4.733276034501614,31.0,0.0
Bernoulli(0.5),10000000,Efficient betting (Probit-STaR),10,1.0,0.00081454876854287,0.00079229590542916,0.00084116751916627,2.575829373880964,2.5054596419816986,2.660005254319049,2.575829373880964,13.390834054216976,31.0,0.0
Bernoulli(0.5),10000000,Gaffke,10,1.0,0.0008146485689294001,0.00081464854127783,0.0008146485906534801,2.576144970413755,2.5761448829719362,2.5761450391113923,2.576144970413755,0.00337708590086545,0.0,0.0
Bernoulli(0.5),10000000,Square-root feedback,10,1.0,0.0008361367091173,0.00082579901320296,0.00084561495740951,2.644096436088474,2.6114057712408316,2.674069288920461,2.644096436088474,2.7351521934237097,31.0,0.0
Bernoulli(0.5),10000000,Squared-hinge feedback,10,1.0,0.00084215548833338,0.00082957839215324,0.00085380727180978,2.663129487145013,2.623357216864772,2.6999756617334176,2.663129487145013,2.7351521934237097,31.0,0.0
Bernoulli(0.5),10000000,Target-capped feedback,10,1.0,0.0008151980066508901,0.00081490318517649,0.0008154112867970201,2.57788244504603,2.5769501376837263,2.578556896087381,2.57788244504603,2.7351521934237097,31.0,0.0
"Beta(0.5,0.5)",1000,Capped original feedback,50,1.0,0.06393744553418021,0.061170430292211676,0.06729058736571278,2.021879556609706,1.9343788517594809,2.1279152116620206,2.859369490442346,0.001341565992916003,31.14,0.0
"Beta(0.5,0.5)",1000,Efficient betting (Probit-STaR),50,1.0,0.059648694180244224,0.05511632414506276,0.06481812248911381,1.8862573306440205,1.7429312055453106,2.0497290072138226,2.6675706991224457,0.002254170279484192,31.06,0.0
"Beta(0.5,0.5)",1000,Gaffke,50,1.0,0.05867176736093663,0.05794072688595285,0.059522030219386825,1.855364192080863,1.8322466624536609,1.8822518645063444,2.6238812035821564,0.015977853285148693,0.0,0.0
"Beta(0.5,0.5)",1000,Square-root feedback,50,0.98,0.058684550191912516,0.05655659683504006,0.060232532716121244,1.8557684206891505,1.7884766270659715,1.9047199262355126,2.6244528691622957,0.000594297816278362,31.0,0.0
"Beta(0.5,0.5)",1000,Squared-hinge feedback,50,0.98,0.058807148422338945,0.05559649849426493,0.06073978230591076,1.8596453171416873,1.7581156517199896,1.9207605666947247,2.62993562870539,0.000594297816278362,31.0,0.0
"Beta(0.5,0.5)",1000,Target-capped feedback,50,1.0,0.059569335804335294,0.05849577406253926,0.0605946063016432,1.8837477984511801,1.8497987953222503,1.9161696983438452,2.664021684660119,0.000594297816278362,31.0,0.0
"Beta(0.5,0.5)",3000,Capped original feedback,50,0.98,0.03596454211331471,0.03476886930951224,0.036788437024918665,1.9698590985806985,1.9043694019768924,2.0149856813906197,2.785801453176863,0.0022582766925916074,31.04,0.0
"Beta(0.5,0.5)",3000,Efficient betting (Probit-STaR),50,0.98,0.033901946867873824,0.031189912637866562,0.036840348249591696,1.856886104287613,1.7083418718374985,2.0178289762647355,2.6260335124656837,0.005066490012686649,31.02,0.0
"Beta(0.5,0.5)",3000,Gaffke,50,0.98,0.033644958078791566,0.03337002181561025,0.03393883992850924,1.8428102486069842,1.827751369284924,1.8589068204401544,2.6061272464601317,0.1449905351339839,0.0,0.0
"Beta(0.5,0.5)",3000,Square-root feedback,50,0.98,0.03396726535559527,0.03314713294093658,0.03483259954546782,1.8604637452023294,1.8155432428373557,1.9078600507596934,2.6310930607685763,0.001190875214233478,31.0,0.0
"Beta(0.5,0.5)",3000,Squared-hinge feedback,50,0.98,0.0341382981619814,0.03310349108394279,0.03516229833786487,1.8698315978154385,1.8131528798846641,1.9259183973375005,2.6443412049843475,0.001190875214233478,31.0,0.0
"Beta(0.5,0.5)",3000,Target-capped feedback,50,0.98,0.03394240083023351,0.03357289908174936,0.03433217483518347,1.8591018590600996,1.838863414791863,1.8804506605441242,2.6291670629158266,0.001190875214233478,31.0,0.0
"Beta(0.5,0.5)",10000,Capped original feedback,50,1.0,0.019245458541009834,0.01881617518796922,0.019742804756160935,1.9245458541009837,1.881617518796922,1.9742804756160937,2.721718848278522,0.005522219419945031,31.0,0.0
"Beta(0.5,0.5)",10000,Efficient betting (Probit-STaR),50,1.0,0.018570427855576884,0.01731577495770008,0.02002860991321543,1.8570427855576934,1.7315774957700167,2.002860991321546,2.6262550932428015,0.01492087851511309,31.0,0.0
"Beta(0.5,0.5)",10000,Gaffke,50,1.0,0.018317560237870605,0.01824000963154856,0.0183878893685542,1.8317560237870643,1.824000963154865,1.8387889368554222,2.5904942117982803,0.000214706782717208,0.0,0.0
"Beta(0.5,0.5)",10000,Square-root feedback,50,1.0,0.01856197762103585,0.01786805288429143,0.01899397783531428,1.8561977621035899,1.7868052884291514,1.8993977835314313,2.625060049613485,0.0033458209666422977,31.0,0.0
"Beta(0.5,0.5)",10000,Squared-hinge feedback,50,1.0,0.018657518569996697,0.01773909866223727,0.019246811615609517,1.8657518569996752,1.7739098662237303,1.9246811615609587,2.638571580191728,0.0033458209666422977,31.0,0.0
"Beta(0.5,0.5)",10000,Target-capped feedback,50,1.0,0.01842227010701519,0.01831315011454242,0.018545778898075647,1.8422270107015237,1.8313150114542487,1.854577889807567,2.6053024235041398,0.0033458209666422977,31.0,0.0
"Beta(0.5,0.5)",30000,Capped original feedback,40,1.0,0.010968324640947213,0.010742439120210705,0.011236505111259065,1.8997695552030236,1.8606450353420452,1.9462197752208081,2.686679870351618,0.015144268950098193,31.0,0.0
"Beta(0.5,0.5)",30000,Efficient betting (Probit-STaR),40,1.0,0.010745046108284282,0.01018453458487137,0.011339611554798859,1.8610965789218703,1.7640131352439683,1.9640783351006816,2.6319880227974783,0.042262461820791894,31.0,0.0
"Beta(0.5,0.5)",30000,Gaffke,40,1.0,0.01055122538990587,0.01052479433165397,0.01057003497208351,1.8275258457427774,1.8229478521637668,1.830783760942854,2.5845118366367963,0.000233043634216255,0.0,0.0
"Beta(0.5,0.5)",30000,Square-root feedback,40,1.0,0.010741692816563295,0.01034449695355278,0.010954342109106171,1.8605157717585339,1.791719430229489,1.8973477096463174,2.6311666374299643,0.009356431074775125,31.0,0.0
"Beta(0.5,0.5)",30000,Squared-hinge feedback,40,1.0,0.010797781047417628,0.01033226985157464,0.011086686349475879,1.8702305383131694,1.789601634043955,1.9202704044872627,2.6449053920468186,0.009356431074775125,31.0,0.0
"Beta(0.5,0.5)",30000,Target-capped feedback,40,1.0,0.010592867557328668,0.010553161581126359,0.01062916469412859,1.8347384807141363,1.8278612038994777,1.841025329224811,2.5947120428337387,0.009356431074775125,31.0,0.0
"Beta(0.5,0.5)",100000,Capped original feedback,40,1.0,0.00593343083440491,0.00584911362719201,0.006043156332463234,1.8763155775792875,1.8496521355055733,1.9110138267053562,2.653510937104535,0.04917081620369572,31.025,0.0
"Beta(0.5,0.5)",100000,Efficient betting (Probit-STaR),40,0.975,0.00578402778095275,0.00548298261540182,0.006019340238403489,1.8290701837500325,1.7338713435777002,1.9034825164856006,2.5866958603915444,0.13770169829804213,31.0,0.0
"Beta(0.5,0.5)",100000,Gaffke,40,1.0,0.005769073226960587,0.0057617798745296395,0.00577607487256064,1.8243411385493118,1.8220347780032893,1.8265552532958511,2.5800079805316103,0.0002747604477917225,0.0,0.0
"Beta(0.5,0.5)",100000,Square-root feedback,40,1.0,0.005855558698728385,0.00565605694101371,0.00601021070794431,1.8516902460793563,1.7886022509208186,1.9005955054637118,2.6186854593193996,0.029910978931366062,31.0,0.0
"Beta(0.5,0.5)",100000,Squared-hinge feedback,40,1.0,0.005879357380491605,0.00562746118344151,0.00608574780632787,1.859216050047482,1.7795594783861948,1.924482433336941,2.6293285533588837,0.029910978931366062,31.0,0.0
"Beta(0.5,0.5)",100000,Target-capped feedback,40,1.0,0.005780945118737845,0.005769067367200839,0.00579088028984326,1.8280953603644285,1.8243392855305913,1.8312371373280905,2.5853172519387053,0.029910978931366062,31.0,0.0
"Beta(0.5,0.5)",300000,Capped original feedback,30,1.0,0.0034147028282509465,0.0033703047808984754,0.003463798666869811,1.8703097662097325,1.8459919541656016,1.8972006645009176,2.6450174372126565,0.14500760083125594,31.0,0.0
"Beta(0.5,0.5)",300000,Efficient betting (Probit-STaR),30,1.0,0.0033611100557118466,0.00321308752926345,0.00352461467326821,1.8409557957708527,1.759880519016137,1.9305109630627215,2.603504654108493,0.4099721082990679,31.0,0.0
"Beta(0.5,0.5)",300000,Gaffke,30,1.0,0.0033291123300614933,0.00332746917853487,0.00333049181337307,1.8234299196432895,1.8225299284867422,1.8241854937707473,2.578719322396423,0.0003949916940958033,0.0,0.0
"Beta(0.5,0.5)",300000,Square-root feedback,30,1.0,0.003370172024013393,0.00330852501915921,0.00344943214175117,1.8459192402250009,1.812153785063744,1.889331794620479,2.610524024571635,0.08783487705998895,31.0,0.0
"Beta(0.5,0.5)",300000,Squared-hinge feedback,30,1.0,0.003380680802146977,0.0032880264161284103,0.00349159129521439,1.8516751350605893,1.8009262377864343,1.9124233139776508,2.618664089111718,0.08783487705998895,31.0,0.0
"Beta(0.5,0.5)",300000,Target-capped feedback,30,1.0,0.0033333550100954567,0.00333090557282003,0.00333682847427301,1.8257537312021677,1.824412119153198,1.827656225884894,2.5820056882193883,0.08783487705998895,31.0,0.0
"Beta(0.5,0.5)",1000000,Capped original feedback,20,1.0,0.00185925766028448,0.0018381870343776585,0.0018935170181890726,1.8592576602844801,1.8381870343776585,1.8935170181890726,2.62938739912038,0.4789955373009434,31.0,0.0
"Beta(0.5,0.5)",1000000,Efficient betting (Probit-STaR),20,1.0,0.001822227714860325,0.00173959214358021,0.0018742346428782801,1.8222277148603752,1.7395921435802764,1.8742346428782974,2.577019148087675,1.3475993841508171,31.0,0.0
"Beta(0.5,0.5)",1000000,Gaffke,20,1.0,0.0018225293852903099,0.00182177847005301,0.00182327676873625,1.8225293852903501,1.821778470053076,1.8232767687363152,2.577445774501113,0.0007454257487551749,0.0,0.0
"Beta(0.5,0.5)",1000000,Square-root feedback,20,1.0,0.0018679040461578,0.00181769118439322,0.0018955572533398898,1.8679040461578507,1.8176911843933108,1.8955572533399523,2.641615235288012,0.2832196738992934,31.0,0.0
"Beta(0.5,0.5)",1000000,Squared-hinge feedback,20,1.0,0.0018789204303045147,0.00181474353682921,0.00191688686069246,1.8789204303045732,1.8147435368292442,1.916886860692513,2.657194755156619,0.2832196738992934,31.0,0.0
"Beta(0.5,0.5)",1000000,Target-capped feedback,20,1.0,0.0018244988303966502,0.00182333208120807,0.00182565524836713,1.8244988303967034,1.8233320812081235,1.8256552483672084,2.5802309904808673,0.2832196738992934,31.0,0.0
"Beta(0.5,0.5)",3000000,Capped original feedback,15,0.9333333333333333,0.0010699923882930692,0.0010603233833691994,0.0010813893732085412,1.853281180235562,1.836533972448786,1.8730213371622555,2.620935379979948,1.428132227404664,31.0,0.0
"Beta(0.5,0.5)",3000000,Efficient betting (Probit-STaR),15,0.9333333333333333,0.0010556624593479667,0.00101976337199608,0.00108320789194188,1.8284610152338923,1.7662819719950769,1.8761711040030367,2.585834366014249,4.019625947934886,31.0,0.0
"Beta(0.5,0.5)",3000000,Gaffke,15,0.9333333333333333,0.0010519051541679134,0.00105162591974326,0.00105215260223574,1.8219531717624942,1.8214695235518303,1.8223817643882334,2.5766308855151956,0.0018202222068793533,0.0,0.0
"Beta(0.5,0.5)",3000000,Square-root feedback,15,0.9333333333333333,0.0010666827558665733,0.00104648469123336,0.00109249940830792,1.8475487287185834,1.812564654559251,1.892264482428355,2.6128284692989907,0.8366506950483502,31.0,0.0
"Beta(0.5,0.5)",3000000,Squared-hinge feedback,15,0.9333333333333333,0.0010691735750305866,0.0010381679493131999,0.00110608033012198,1.8518629540631089,1.7981596350001225,1.9157873290238894,2.618929705292352,0.8366506950483502,31.0,0.0
"Beta(0.5,0.5)",3000000,Target-capped feedback,15,0.9333333333333333,0.0010525940335035066,0.00105204565549028,0.0010530587042567598,1.8231463457720267,1.822196527191413,1.8239511791255099,2.5783182883817477,0.8366506950483502,31.0,0.0
"Beta(0.5,0.5)",10000000,Capped original feedback,10,1.0,0.0005864729444063077,0.0005821074896435685,0.0005916739232290525,1.854590290389239,1.8407855103165531,1.8710372295314133,2.622786741313918,4.736991499597207,31.0,0.0
"Beta(0.5,0.5)",10000000,Efficient betting (Probit-STaR),10,1.0,0.0005787654550816,0.00055655844077352,0.00059106788145475,1.830217069081863,1.7599923238363862,1.869120757167562,2.5883178011823067,13.426783118990716,31.0,0.0
"Beta(0.5,0.5)",10000000,Gaffke,10,1.0,0.00057606066515554,0.0005760145274765201,0.00057611091552727,1.8216637723232487,1.8215178721715335,1.8218226779512567,2.5762216129032725,0.00538128798943938,0.0,0.0
"Beta(0.5,0.5)",10000000,Square-root feedback,10,0.9,0.00058108988766059,0.00056217759354058,0.0005941927847296199,1.83756757029898,1.7777616451006846,1.8790025689838539,2.5987129796937927,2.7629181478754616,31.0,0.0
"Beta(0.5,0.5)",10000000,Squared-hinge feedback,10,0.9,0.00058051975490165,0.00054956067569943,0.00059793321528763,1.8357646522120636,1.7378634476715535,1.8908308489767485,2.596163268483428,2.7629181478754616,31.0,0.0
"Beta(0.5,0.5)",10000000,Target-capped feedback,10,1.0,0.00057639098521891,0.00057613042278522,0.00057674159460599,1.8227083360803622,1.8218843653170835,1.8238170603127069,2.577698849135346,2.7629181478754616,31.0,0.0
"Beta(1,5)",1000,Capped original feedback,50,1.0,0.027423472094467133,0.02547726250076751,0.029892775584046235,0.8672063316858437,0.8056617804842268,0.9452925642985618,3.07827710799756,0.0013833340641576798,31.68,0.0
"Beta(1,5)",1000,Efficient betting (Probit-STaR),50,1.0,0.02489051152714008,0.02155024444718199,0.02816689066005486,0.7871070855243876,0.6814785658649153,0.89071529090697,2.793952989483174,0.002305501381633754,31.3,0.0
"Beta(1,5)",1000,Gaffke,50,1.0,0.024088241693340593,0.02351344193963485,0.02477952191500203,0.7617370857958763,0.7435603215937379,0.7835972858146396,2.703898423988521,0.018249186320463143,0.0,0.0
"Beta(1,5)",1000,Square-root feedback,50,1.0,0.02447091583742781,0.02305154413401276,0.02579151143685393,0.7738383047655871,0.7289538304737407,0.8155992043874064,2.746853490127062,0.000595283724542188,31.18,0.0
"Beta(1,5)",1000,Squared-hinge feedback,50,1.0,0.0246632957610047,0.023245484783260932,0.02615017174800886,0.7799218921115079,0.7350867722989026,0.82694103928295,2.768448082990615,0.000595283724542188,31.2,0.0
"Beta(1,5)",1000,Target-capped feedback,50,1.0,0.024971237354318374,0.02375379715085378,0.02638596010707756,0.7896598603232329,0.7511610207431648,0.8343973218870568,2.803014441110127,0.000595283724542188,31.22,0.0
"Beta(1,5)",3000,Capped original feedback,50,1.0,0.014914567700693509,0.014039178117809237,0.015634782756565647,0.8169045165107793,0.768957454395704,0.8563523197463807,2.899723376911313,0.002300591685343534,31.38,0.0
"Beta(1,5)",3000,Efficient betting (Probit-STaR),50,0.98,0.013887648637872181,0.012337027183204171,0.015260863539154729,0.7606578429668517,0.6757268080795368,0.8358719207403222,2.7000674919794125,0.005108457342721472,31.12,0.0
"Beta(1,5)",3000,Gaffke,50,1.0,0.013593415677543725,0.013292266322033659,0.01387030018823919,0.7445420400135099,0.7280474104944088,0.7597076292466796,2.6428620663550033,0.1667097849654965,0.0,0.0
"Beta(1,5)",3000,Square-root feedback,50,0.98,0.013689835196782152,0.01303177138578173,0.014301906645091171,0.7498231545805784,0.7137795152243045,0.7833476884849482,2.661608163428483,0.001163233609986436,31.02,0.0
"Beta(1,5)",3000,Squared-hinge feedback,50,0.98,0.013765186092380524,0.01299760041434511,0.01444658151361129,0.7539502931053231,0.711907894037534,0.7912718573842064,2.67625805190146,0.001163233609986436,31.02,0.0
"Beta(1,5)",3000,Target-capped feedback,50,1.0,0.013849923754940223,0.013425424151499079,0.01429302986925134,0.758591566030744,0.7353407651850735,0.7828614874484108,2.692732936454617,0.001163233609986436,31.02,0.0
"Beta(1,5)",10000,Capped original feedback,50,1.0,0.007808167970411697,0.0075523529280423635,0.008094205712894298,0.7808167970411697,0.7552352928042364,0.8094205712894298,2.771624680367916,0.005588445003377273,31.06,0.0
"Beta(1,5)",10000,Efficient betting (Probit-STaR),50,0.98,0.007470396696191805,0.00687143526777741,0.0082284699670727,0.7470396696191851,0.6871435267777501,0.8228469967072755,2.6517277719644867,0.014627272783545723,31.0,0.0
"Beta(1,5)",10000,Gaffke,50,1.0,0.0073554718035374654,0.00726378488815717,0.007439305294157351,0.735547180353752,0.7263784888157238,0.743930529415742,2.610933481924056,0.00021657598321320402,0.0,0.0
"Beta(1,5)",10000,Square-root feedback,50,0.98,0.0074761504111615865,0.00727507370782305,0.00767275192360938,0.7476150411161627,0.727507370782308,0.7672751923609444,2.6537701381731114,0.0033143497744458224,31.0,0.0
"Beta(1,5)",10000,Squared-hinge feedback,50,0.98,0.007522309969634774,0.00726793434392335,0.0077514794351251195,0.7522309969634826,0.7267934343923355,0.7751479435125197,2.670155156013917,0.0033143497744458224,31.0,0.0
"Beta(1,5)",10000,Target-capped feedback,50,1.0,0.007429522012582438,0.00725070284454576,0.00759235729556173,0.7429522012582491,0.7250702844545796,0.7592357295561808,2.637218698603971,0.0033143497744458224,31.0,0.0
"Beta(1,5)",30000,Capped original feedback,40,1.0,0.0044629450257626805,0.004339998116624588,0.004582424461566997,0.7730047536007755,0.7517097242747024,0.7936991989280495,2.7438946770104686,0.015245023551688063,31.075,0.0
"Beta(1,5)",30000,Efficient betting (Probit-STaR),40,1.0,0.004250031286463682,0.0040113588885091304,0.00455353493121599,0.7361270121912513,0.6947877402290974,0.7886953854905783,2.6129916807709117,0.04232806957443239,31.0,0.0
"Beta(1,5)",30000,Gaffke,40,1.0,0.004223458453147999,0.004200111879987339,0.00425233494523855,0.731524462450869,0.7274807173611813,0.7365260175953909,2.5966542498890406,0.000233817796106405,0.0,0.0
"Beta(1,5)",30000,Square-root feedback,40,1.0,0.004248613243443875,0.00408091417954412,0.0043630388257815894,0.7358813999354845,0.7068350700298763,0.7557004921649465,2.612119843750418,0.009298021319045752,31.0,0.0
"Beta(1,5)",30000,Squared-hinge feedback,40,1.0,0.0042645292062450605,0.0040801016003691095,0.00441567260341795,0.7386381255577911,0.7066943271882524,0.7648169298709986,2.6219052489834267,0.009298021319045752,31.0,0.0
"Beta(1,5)",30000,Target-capped feedback,40,1.0,0.00425045989712137,0.0041915841117620796,0.00433411932687267,0.7362012497348268,0.7260036645770446,0.7506914880209731,2.6132551979093286,0.009298021319045752,31.0,0.0
"Beta(1,5)",100000,Capped original feedback,40,0.975,0.0023918091151991843,0.0023398593893116685,0.0024432651000232453,0.7563564532381479,0.7399285074755517,0.772628264367257,2.6847990730914826,0.049295830832852515,31.025,0.0
"Beta(1,5)",100000,Efficient betting (Probit-STaR),40,0.975,0.002329692919285275,0.00220981360958369,0.0024681234560849402,0.736713587370845,0.6988044210722583,0.780489166771509,2.615073816107669,0.13799859737628134,31.0,0.0
"Beta(1,5)",100000,Gaffke,40,0.975,0.002304432155844265,0.00229915735882112,0.0023111814835613197,0.7287254325800119,0.727057395301183,0.7308597574060907,2.586718679470278,0.00027801820251620996,0.0,0.0
"Beta(1,5)",100000,Square-root feedback,40,0.975,0.0023510854146814473,0.00228640328153107,0.00240787037268886,0.7434784883995004,0.7230242019321635,0.7614354688135411,2.639086832633848,0.02939831602379849,31.0,0.0
"Beta(1,5)",100000,Squared-hinge feedback,40,0.975,0.0023629190858362173,0.00228566047699702,0.00243546256704098,0.7472206237925509,0.7227893065137532,0.7701608867930158,2.652370095560517,0.02939831602379849,31.0,0.0
"Beta(1,5)",100000,Target-capped feedback,40,0.975,0.0023135479275355375,0.0022962542606625,0.00234046497637122,0.731608092697464,0.726139355055952,0.740120010918533,2.5969511078157224,0.02939831602379849,31.0,0.0
"Beta(1,5)",300000,Capped original feedback,30,1.0,0.0013641413571415359,0.001347567069854988,0.0013896919311514489,0.7471709929321303,0.7380928819107169,0.7611656186745649,2.6521939234825456,0.14551318029989488,31.0,0.0
"Beta(1,5)",300000,Efficient betting (Probit-STaR),30,1.0,0.0013422166366284967,0.0012820199905563,0.00139788242335658,0.7351623289401731,0.7021912680002831,0.7656517360124269,2.609567394923632,0.40736319130131354,31.0,0.0
"Beta(1,5)",300000,Gaffke,30,1.0,0.0013280705535560168,0.0013262727798783,0.00133039204012729,0.7274142001410344,0.7264295189444782,0.7286857307030684,2.582064266036371,0.0003870400018058133,0.0,0.0
"Beta(1,5)",300000,Square-root feedback,30,1.0,0.0013539170741909599,0.0013234839716063601,0.0013802549108602,0.7415709225258141,0.7249020257453451,0.7559967497854253,2.6323156454937005,0.08632500109185148,31.0,0.0
"Beta(1,5)",300000,Squared-hinge feedback,30,1.0,0.0013601275976310066,0.00132081205000015,0.00139543444397615,0.7449725663078393,0.7234385540097495,0.7643109224854551,2.644390283098588,0.08632500109185148,31.0,0.0
"Beta(1,5)",300000,Target-capped feedback,30,1.0,0.0013313142215945868,0.0013217700114463399,0.00134069421488884,0.7291908302948127,0.7239632511030545,0.7343284642113316,2.5883706774772586,0.08632500109185148,31.0,0.0
"Beta(1,5)",1000000,Capped original feedback,20,1.0,0.0007447357059838386,0.0007349855106080661,0.0007575521384662303,0.7447357059838386,0.734985510608066,0.7575521384662304,2.6435495123540447,0.48088096074352504,31.0,0.0
"Beta(1,5)",1000000,Efficient betting (Probit-STaR),20,0.95,0.0007268093943259451,0.00069782891908239,0.00076131597959875,0.7268093943259959,0.697828919082405,0.7613159795988422,2.5799174183633413,1.3467529036919585,31.0,0.0
"Beta(1,5)",1000000,Gaffke,20,0.95,0.0007266456785847149,0.00072601280870013,0.0007274847203501701,0.7266456785847614,0.7260128087001355,0.7274847203502494,2.5793362851312054,0.00074490000260988,0.0,0.0
"Beta(1,5)",1000000,Square-root feedback,20,0.95,0.00074172124035334,0.0007216595758882299,0.0007520759968092201,0.7417212403533837,0.7216595758882893,0.7520759968092428,2.6328492208501353,0.2826634242490399,31.0,0.0
"Beta(1,5)",1000000,Squared-hinge feedback,20,0.95,0.0007457879950178451,0.00071845440566303,0.00076170482388988,0.7457879950179019,0.7184544056631187,0.7617048238899526,2.6472847678822844,0.2826634242490399,31.0,0.0
"Beta(1,5)",1000000,Target-capped feedback,20,0.95,0.000727483968378745,0.00072392031532812,0.00073052485361623,0.7274839683787976,0.7239203153282081,0.730524853616274,2.5823119187129313,0.2826634242490399,31.0,0.0
"Beta(1,5)",3000000,Capped original feedback,15,1.0,0.00042767092714921705,0.0004214851461589009,0.0004340128322611159,0.7407477747425318,0.7300336877828105,0.7517322766131214,2.6293937607181928,1.431433161534369,31.0,0.0
"Beta(1,5)",3000000,Efficient betting (Probit-STaR),15,1.0,0.00042790148434851334,0.00041776510212926,0.00043774708892663997,0.7411471115258356,0.7235903825171052,0.7582001988864522,2.630811265680404,3.999642868801796,31.0,0.0
"Beta(1,5)",3000000,Gaffke,15,1.0,0.00041938665735215995,0.0004190113605468,0.00041968274582644,0.7263989985505217,0.7257489654156581,0.7269118388315317,2.5784606578731295,0.0017470727364221666,0.0,0.0
"Beta(1,5)",3000000,Square-root feedback,15,1.0,0.0004286277696944733,0.00041407272146906,0.00043622244039012,0.742405074645845,0.717194991612749,0.7555594301574919,2.635276591789707,0.8285562097502407,31.0,0.0
"Beta(1,5)",3000000,Squared-hinge feedback,15,1.0,0.00043139061860211336,0.00041264382523356,0.00044155764404602,0.747190469327506,0.7147200707342052,0.7648002739582352,2.6522630578279034,0.8285562097502407,31.0,0.0
"Beta(1,5)",3000000,Target-capped feedback,15,1.0,0.0004195768420529467,0.00041767474935182,0.0004213858023923,0.7267284081150894,0.7234338869160551,0.7298616193316985,2.5796299458323086,0.8285562097502407,31.0,0.0
"Beta(1,5)",10000000,Capped original feedback,10,1.0,0.00023295102231164766,0.00023150853045928455,0.0002338027186752023,0.7366558137695092,0.7320942540098063,0.7393491141532246,2.614868740166753,4.749117939313874,31.0,0.0
"Beta(1,5)",10000000,Efficient betting (Probit-STaR),10,1.0,0.00022927521555282998,0.00022558500080468002,0.00023161540864472,0.7250318921732128,0.7133624085139127,0.7324322325080377,2.573607911633043,13.40367500889115,31.0,0.0
"Beta(1,5)",10000000,Gaffke,10,1.0,0.00022957767741840998,0.0002294847140588,0.00022965620594123,0.7259883605737402,0.7256943846185532,0.7262366895671679,2.5770030376535633,0.00528999370289961,0.0,0.0
"Beta(1,5)",10000000,Square-root feedback,10,1.0,0.00023556991134799998,0.00022853509762593002,0.00023897546189,0.7449374680638078,0.7226914337871374,0.75570676446331,2.6442656966914257,2.731100215349579,31.0,0.0
"Beta(1,5)",10000000,Squared-hinge feedback,10,0.9,0.00023700132665158998,0.00022592700789472001,0.00024215445877362,0.7494640007007225,0.7144439298941813,0.7657596352900331,2.660333293623901,2.731100215349579,31.0,0.0
"Beta(1,5)",10000000,Target-capped feedback,10,1.0,0.00022961712688454,0.00022923731776285,0.0002302847594327,0.7261131107391532,0.7249120488384538,0.7282243502315403,2.5774458568124863,2.731100215349579,31.0,0.0
"Beta(2,2)",1000,Capped original feedback,50,1.0,0.04158952982396325,0.03914755812999836,0.04416899766007898,1.3151764105922552,1.2379544852463684,1.3967463457249718,2.9408238564884575,0.009046409517759457,31.28,0.0
"Beta(2,2)",1000,Efficient betting (Probit-STaR),50,1.0,0.03892288896372451,0.03363008534169106,0.04415404767397272,1.2308498223920055,1.0634766758558578,1.396273585654137,2.752263872962067,0.00224904296454038,31.16,0.0
"Beta(2,2)",1000,Gaffke,50,1.0,0.0375034027044026,0.036821226652872206,0.038291996059544975,1.1859617255243087,1.1643894246437438,1.210899237023549,2.651891036985301,0.01644217884866516,0.0,0.0
"Beta(2,2)",1000,Square-root feedback,50,1.0,0.037639961523017844,0.03615652788366944,0.03899271449208089,1.190280094538368,1.14336980395783,1.2330578994763126,2.6615472036526673,0.000581486939045082,31.0,0.0
"Beta(2,2)",1000,Squared-hinge feedback,50,1.0,0.037800023396696164,0.03560040155457366,0.039359759393809826,1.1953416954121447,1.1257835452905216,1.2446648784064758,2.6728652872814047,0.000581486939045082,31.0,0.0
"Beta(2,2)",1000,Target-capped feedback,50,1.0,0.03853558584119017,0.037352971476262105,0.03991338154872783,1.2186022222709672,1.1812046724029062,1.2621719481331903,2.7248774065301906,0.000581486939045082,31.0,0.0
"Beta(2,2)",3000,Capped original feedback,50,1.0,0.023118251103862838,0.022249649160499818,0.02410101067052211,1.2662387619654383,1.2186634741781632,1.3200667202917669,2.8313959474998955,0.002277491081040353,31.18,0.0
"Beta(2,2)",3000,Efficient betting (Probit-STaR),50,1.0,0.02211181461074454,0.02031736710958755,0.02379248237606629,1.2111139649677127,1.1128280275034679,1.3031679296415632,2.7081331541671045,0.005087315881391929,31.04,0.0
"Beta(2,2)",3000,Gaffke,50,1.0,0.02141232365805905,0.02114537840970108,0.02165683214647084,1.17280126761205,1.158180074197602,1.186193549072514,2.622463358478467,0.1444955007836688,0.0,0.0
"Beta(2,2)",3000,Square-root feedback,50,1.0,0.021658840115177384,0.02090418820688133,0.02218445969366067,1.1863035300480471,1.1449695427242383,1.215092900028214,2.652655335135398,0.001161182319919992,31.0,0.0
"Beta(2,2)",3000,Squared-hinge feedback,50,1.0,0.021736920089983524,0.02075993801246223,0.022379062060863708,1.1905801463971226,1.1370686341834568,1.2257517106543143,2.662218140005618,0.001161182319919992,31.0,0.0
"Beta(2,2)",3000,Target-capped feedback,50,1.0,0.021727409653204046,0.02144010391629589,0.02205106513863981,1.190059238321538,1.1743228550210147,1.207786579344883,2.661053354138582,0.001161182319919992,31.0,0.0
"Beta(2,2)",10000,Capped original feedback,50,1.0,0.012326236698205375,0.011953293759713702,0.012889920000910294,1.2326236698205373,1.1953293759713701,1.2889920000910293,2.7562303163939776,0.005576047275681049,31.06,0.0
"Beta(2,2)",10000,Efficient betting (Probit-STaR),50,1.0,0.011727670661328835,0.01085049748162472,0.01275892044375547,1.1727670661328886,1.0850497481624728,1.2758920443755528,2.6223868816461304,0.014989453265443401,31.02,0.0
"Beta(2,2)",10000,Gaffke,50,1.0,0.011614811242412126,0.01154309707212865,0.0116924039059567,1.161481124241217,1.1543097072128734,1.1692403905956776,2.5971507483862406,0.000206349941436154,0.0,0.0
"Beta(2,2)",10000,Square-root feedback,50,1.0,0.01174966735030977,0.011280725035792681,0.01205105918013631,1.1749667350309816,1.1280725035792705,1.2051059180136352,2.627305490830259,0.003305514140520196,31.0,0.0
"Beta(2,2)",10000,Squared-hinge feedback,50,1.0,0.011785833084079954,0.0112382256907808,0.012209909941651621,1.1785833084080004,1.1238225690780868,1.220990994165163,2.6353923947468885,0.003305514140520196,31.0,0.0
"Beta(2,2)",10000,Target-capped feedback,50,1.0,0.011722878875976596,0.011615917370207141,0.01183632088740999,1.1722878875976646,1.161591737020717,1.1836320887410023,2.621315405868011,0.003305514140520196,31.0,0.0
"Beta(2,2)",30000,Capped original feedback,40,1.0,0.00697150425963249,0.006845075262803618,0.00716850540757849,1.2074999582866321,1.1856018136808752,1.241621558025819,2.7000519895570703,0.015111735757091082,31.0,0.0
"Beta(2,2)",30000,Efficient betting (Probit-STaR),40,1.0,0.006673133284802105,0.00625614877701479,0.00710544973430752,1.1558205894956328,1.083596754149963,1.2306999950447524,2.584493407906115,0.042565258346439754,31.0,0.0
"Beta(2,2)",30000,Gaffke,40,1.0,0.0066839255738287695,0.00666329691902963,0.00671274266916423,1.1576898687880481,1.1541168809676534,1.162681136112801,2.5886732434728876,0.0002271743738674025,0.0,0.0
"Beta(2,2)",30000,Square-root feedback,40,1.0,0.006821596998979282,0.00671876212786159,0.00693677253598956,1.1815352590991586,1.1637237369426026,1.2014842472882452,2.6419931571585455,0.009345068806942388,31.0,0.0
"Beta(2,2)",30000,Squared-hinge feedback,40,1.0,0.006864746949577097,0.006714679470108799,0.00702227804637028,1.1890090497771084,1.163016599876822,1.2162942361188973,2.6587050611640457,0.009345068806942388,31.0,0.0
"Beta(2,2)",30000,Target-capped feedback,40,1.0,0.006715858289537276,0.00668482513772294,0.00675820875841279,1.1632207773911263,1.1578456778249842,1.1705560937728081,2.601040731086709,0.009345068806942388,31.0,0.0
"Beta(2,2)",100000,Capped original feedback,40,1.0,0.0037605442434990866,0.003705499069953838,0.0038220144715007008,1.1891885051291962,1.171781692868973,1.2086270980066922,2.65910633553024,0.0492202649533283,31.025,0.0
"Beta(2,2)",100000,Efficient betting (Probit-STaR),40,1.0,0.003643800143950395,0.00348679440174309,0.00381740944607592,1.1522707793332798,1.1026212042232582,1.2071708611041858,2.5765557910758736,0.13749389777658502,31.0,0.0
"Beta(2,2)",100000,Gaffke,40,1.0,0.0036530319169743274,0.0036456643385223203,0.0036583992034904,1.1551901222930177,1.1528602894181859,1.1568874073175741,2.583083640383483,0.00027288885030424747,0.0,0.0
"Beta(2,2)",100000,Square-root feedback,40,1.0,0.003732244845833828,0.0036730614287834,0.00380307247817597,1.180239449825907,1.1615240100668185,1.2026371137737306,2.639095639537681,0.02979620450678334,31.0,0.0
"Beta(2,2)",100000,Squared-hinge feedback,40,1.0,0.00375489303036044,0.00367422614069204,0.00385439347334742,1.1874014346230928,1.1618923243117323,1.2188662374265589,2.6551103243980076,0.02979620450678334,31.0,0.0
"Beta(2,2)",100000,Target-capped feedback,40,1.0,0.0036634861336788177,0.0036532328118554897,0.0036741399868625902,1.158496035886932,1.155253650832499,1.1618650800787034,2.590475887907216,0.02979620450678334,31.0,0.0
"Beta(2,2)",300000,Capped original feedback,30,1.0,0.0021653004544451735,0.0021390391297801624,0.0021896924261479377,1.185983902675809,1.1715999827668158,1.1993439357994407,2.651940626603604,0.1454703281633556,31.033333333333335,0.0
"Beta(2,2)",300000,Efficient betting (Probit-STaR),30,1.0,0.00210974431945505,0.0020574087464897,0.0021614066914643197,1.1555545543339434,1.1268891804608747,1.1838512008576556,2.5838985352001718,0.4088282418049251,31.0,0.0
"Beta(2,2)",300000,Gaffke,30,1.0,0.002106240443437017,0.00210395294439263,0.0021081374982489,1.1536354024001685,1.1523824875732949,1.1546744621134313,2.5796071810171006,0.00038312830147329,0.0,0.0
"Beta(2,2)",300000,Square-root feedback,30,1.0,0.00214736817614837,0.00208626466200879,0.00219716537326426,1.1761619893452164,1.1426942163081273,1.2034370375061296,2.6299781607272874,0.08662333733276073,31.0,0.0
"Beta(2,2)",300000,Squared-hinge feedback,30,1.0,0.0021567713011916134,0.00208295031353167,0.00222017096083075,1.1813122930424445,1.140878872883774,1.2160377167649676,2.641494589899058,0.08662333733276073,31.0,0.0
"Beta(2,2)",300000,Target-capped feedback,30,1.0,0.0021101741273355664,0.00210689928183225,0.002113122122574,1.1557899698054945,1.1539962630509717,1.15740465329702,2.5844249401975157,0.08662333733276073,31.0,0.0
"Beta(2,2)",1000000,Capped original feedback,20,1.0,0.0011811181434331602,0.001167747892084231,0.0011951494305904586,1.1811181434331604,1.167747892084231,1.1951494305904586,2.641060458174893,0.478777207506937,31.0,0.0
"Beta(2,2)",1000000,Efficient betting (Probit-STaR),20,1.0,0.0011604296747196549,0.0011272034765525802,0.0012002106714574402,1.1604296747197096,1.1272034765526184,1.2002106714574967,2.59479963578124,1.3465231027948903,31.0,0.0
"Beta(2,2)",1000000,Gaffke,20,1.0,0.0011527395399350449,0.00115219710430503,0.0011532737741624202,1.1527395399350993,1.1521971043050805,1.1532737741624943,2.577603971646716,0.0007824775559128701,0.0,0.0
"Beta(2,2)",1000000,Square-root feedback,20,1.0,0.00117633267966413,0.00114649144279409,0.00120062372926663,1.176332679664166,1.1464914427941286,1.200623729266648,2.6303598358835596,0.2816509929354652,31.0,0.0
"Beta(2,2)",1000000,Squared-hinge feedback,20,1.0,0.001181418927201785,0.0011450220401359,0.0012135436700351902,1.181418927201841,1.1450220401359845,1.2135436700351998,2.6417330311281924,0.2816509929354652,31.0,0.0
"Beta(2,2)",1000000,Target-capped feedback,20,1.0,0.001154186674052945,0.00115357623783402,0.0011551354933918801,1.15418667405299,1.1535762378341086,1.1551354933919178,2.5808398619068784,0.2816509929354652,31.0,0.0
"Beta(2,2)",3000000,Capped original feedback,15,0.9333333333333333,0.0006778664863823096,0.0006705307858424714,0.000686411110525209,1.1740991951623565,1.1613933891182464,1.1888989183094383,2.6253656127108216,1.4322533583307329,31.0,0.0
"Beta(2,2)",3000000,Efficient betting (Probit-STaR),15,0.9333333333333333,0.00067147611463258,0.00065988593057434,0.00068750927327668,1.1630307466126777,1.1429559589546907,1.1908009919900937,2.6006158093482807,4.024962618004065,31.0,0.0
"Beta(2,2)",3000000,Gaffke,15,0.9333333333333333,0.0006653398352998867,0.0006650847023994001,0.0006655474741292801,1.1524023990389958,1.1519604958927006,1.152762040041084,2.5768501016850327,0.00176818706483264,0.0,0.0
"Beta(2,2)",3000000,Square-root feedback,15,0.9333333333333333,0.0006756995115549801,0.0006557665887163,0.00068819530008652,1.1703458846627692,1.135821049562813,1.1919892252800095,2.6169729552930803,0.8335730676005672,31.0,0.0
"Beta(2,2)",3000000,Squared-hinge feedback,15,0.9333333333333333,0.0006780775417102067,0.00064839725534278,0.00069487242156926,1.1744647537135444,1.1230569897419456,1.203554338936473,2.6261830264810344,0.8335730676005672,31.0,0.0
"Beta(2,2)",3000000,Target-capped feedback,15,0.9333333333333333,0.0006659307891005933,0.00066540716069102,0.0006664077470481401,1.153425961046737,1.1525190100370575,1.1542520764449582,2.5791388559135284,0.8335730676005672,31.0,0.0
"Beta(2,2)",10000000,Capped original feedback,10,1.0,0.00037036624103828906,0.0003664693724343193,0.0003733566447866876,1.171200890115919,1.158877909584974,1.1806573770843634,2.6188848056074563,4.753910707088653,31.0,0.0
"Beta(2,2)",10000000,Efficient betting (Probit-STaR),10,1.0,0.00036672761575865,0.00035700543301612,0.0003735387365804,1.159694546680514,1.1289503053856567,1.181233201895818,2.5931558395134324,13.427381040994078,31.0,0.0
"Beta(2,2)",10000000,Gaffke,10,1.0,0.00036434567367567,0.00036428196528233,0.00036442543827502,1.1521621844436927,1.1519607208147256,1.1524144222543176,2.576312965520748,0.005354156403336629,0.0,0.0
"Beta(2,2)",10000000,Square-root feedback,10,1.0,0.00036842566422494,0.0003558794752878,0.00037874386626028,1.1650642474113524,1.1253897144152523,1.197693267200924,2.605162855366418,2.7524138774475433,31.0,0.0
"Beta(2,2)",10000000,Squared-hinge feedback,10,1.0,0.00036964840730983,0.00035147038611994997,0.00038345553151795,1.1689309005528394,1.1114469502380506,1.2125928609873844,2.6138089546361956,2.7524138774475433,31.0,0.0
"Beta(2,2)",10000000,Target-capped feedback,10,1.0,0.00036460469512965,0.00036434378197339,0.00036479192259469,1.1529812822011176,1.1521562023559266,1.1535733474310872,2.578144523786568,2.7524138774475433,31.0,0.0
"Uniform(0,1)",1000,Capped original feedback,50,1.0,0.053301808390459594,0.05040747513920068,0.05617607419135707,1.6855511791972586,1.5940243253818727,1.7764434445128992,2.9194602811272854,0.0013677744218148291,31.22,0.0
"Uniform(0,1)",1000,Efficient betting (Probit-STaR),50,0.96,0.05068898487117303,0.04712520345840238,0.05471758469083883,1.6029264447472358,1.4902297812739556,1.7303219568621118,2.7763500430979593,0.002255428442731448,31.22,0.0
"Uniform(0,1)",1000,Gaffke,50,0.96,0.04791455967845728,0.04725067032259705,0.04876309700567509,1.5151914166799019,1.4941973918912994,1.5420245230167011,2.624388516881856,0.016473068757913954,0.0,0.0
"Uniform(0,1)",1000,Square-root feedback,50,0.98,0.048398719830065724,0.04719446498645468,0.04955684113349532,1.5305019049936532,1.4924200231026465,1.5671249162496588,2.6509070605299625,0.000584436844510442,31.0,0.0
"Uniform(0,1)",1000,Squared-hinge feedback,50,0.98,0.04865579972995036,0.047114343152939435,0.05015440527389013,1.5386314852364882,1.4898863482604747,1.586021553566541,2.6649879065547606,0.000584436844510442,31.0,0.0
"Uniform(0,1)",1000,Target-capped feedback,50,0.98,0.04916941057675392,0.04808720945493338,0.050367244867397666,1.5548732863051589,1.5206510819917376,1.5927521324840215,2.6931195312121248,0.000584436844510442,31.0,0.0
"Uniform(0,1)",3000,Capped original feedback,50,1.0,0.02939816824474645,0.028370065244371374,0.030468002373136682,1.6102039896979687,1.5538924692235514,1.6688012181887895,2.788955120706995,0.0022629738762043414,31.08,0.0
"Uniform(0,1)",3000,Efficient betting (Probit-STaR),50,0.94,0.02852406766034909,0.0261244234843198,0.03082159006471867,1.562327528937683,1.4308936044179703,1.6881680136623556,2.706030658183602,0.005077427516225672,31.02,0.0
"Uniform(0,1)",3000,Gaffke,50,0.98,0.027521617944691067,0.027256418743520888,0.02780217351228646,1.5074210967346295,1.4928955382633051,1.5227877580351945,2.6109299279455773,0.14691075792768968,0.0,0.0
"Uniform(0,1)",3000,Square-root feedback,50,0.96,0.02792559008689398,0.027185664520732802,0.02841300130580213,1.5295475622234513,1.4890201698773256,1.5562441741611606,2.6492540903641366,0.001171645918511736,31.0,0.0
"Uniform(0,1)",3000,Squared-hinge feedback,50,0.98,0.028127320668658577,0.02706259691499357,0.028802468470071958,1.5405968012405622,1.4822794795011744,1.5775761692889765,2.668391933726746,0.001171645918511736,31.0,0.0
"Uniform(0,1)",3000,Target-capped feedback,50,0.98,0.02781501590819961,0.02742778690520526,0.02822624883705282,1.5234911650286,1.5022817590425759,1.5460153201807814,2.6387641027118365,0.001171645918511736,31.0,0.0
"Uniform(0,1)",10000,Capped original feedback,50,0.98,0.01578820098657296,0.015337344890161347,0.016496290730030456,1.578820098657296,1.5337344890161348,1.6496290730030456,2.7345966268853443,0.0055523278343025595,31.04,0.0
"Uniform(0,1)",10000,Efficient betting (Probit-STaR),50,0.98,0.015411176944257053,0.01442642258787415,0.01660970241797257,1.5411176944257106,1.4426422587874177,1.660970241797264,2.6692941471887384,0.014924612815957462,31.0,0.0
"Uniform(0,1)",10000,Gaffke,50,0.98,0.014985938927007898,0.01489049767480498,0.01506959630326533,1.4985938927007945,1.4890497674804999,1.5069596303265342,2.5956407620701984,0.000211277095368084,0.0,0.0
"Uniform(0,1)",10000,Square-root feedback,50,1.0,0.015218854292809537,0.01470308853878898,0.01554187442307212,1.5218854292809594,1.4703088538789062,1.5541874423072195,2.6359828868133928,0.0033057214191648536,31.0,0.0
"Uniform(0,1)",10000,Squared-hinge feedback,50,1.0,0.015303391333148368,0.01464946637573297,0.01575127373780705,1.5303391333148417,1.4649466375733011,1.5751273737807125,2.6506251317122276,0.0033057214191648536,31.0,0.0
"Uniform(0,1)",10000,Target-capped feedback,50,0.98,0.015095211761478978,0.01494221037967452,0.01525684490599117,1.5095211761479035,1.4942210379674548,1.5256844905991211,2.6145673721892977,0.0033057214191648536,31.0,0.0
"Uniform(0,1)",30000,Capped original feedback,40,0.975,0.008992289340327591,0.00882220540369994,0.009213336710823788,1.5575102013807411,1.5280507994016994,1.5957967290386326,2.6976868020982776,0.015148808281810488,31.0,0.0
"Uniform(0,1)",30000,Efficient betting (Probit-STaR),40,0.95,0.008660575517170189,0.00805385039626332,0.00913472032296496,1.5000556818525959,1.394967808288686,1.5821799712307307,2.5981726551510715,0.04258823510317593,31.0,0.0
"Uniform(0,1)",30000,Gaffke,40,0.95,0.008621955549899547,0.00859491502163064,0.008650517610320931,1.4933665073026563,1.4886829504201309,1.4983136012845237,2.5865866649698797,0.000231680076103605,0.0,0.0
"Uniform(0,1)",30000,Square-root feedback,40,0.95,0.008720675443313782,0.00836163563163559,0.00895711241253301,1.5104652944137782,1.4482777748371198,1.5514173787613117,2.6162026329941463,0.00931343501833903,31.0,0.0
"Uniform(0,1)",30000,Squared-hinge feedback,40,0.95,0.008745773199564825,0.00829733322940694,0.00905789275859401,1.5148123533120583,1.4371402720662398,1.5688730467395158,2.6237319598694624,0.00931343501833903,31.0,0.0
"Uniform(0,1)",30000,Target-capped feedback,40,0.95,0.008659220194091807,0.00861700981322039,0.00870467472303278,1.4998209330093526,1.4925098805817383,1.5076938883653384,2.5977660582275566,0.00931343501833903,31.0,0.0
"Uniform(0,1)",100000,Capped original feedback,40,0.975,0.004870450361919144,0.004804445608127461,0.0049478156691400875,1.540171637445591,1.5192991016075557,1.5646366957152762,2.667655528432316,0.0492797716811765,31.0,0.0
"Uniform(0,1)",100000,Efficient betting (Probit-STaR),40,0.975,0.004655603425290835,0.00444064286885438,0.00491154727747999,1.4722310706400745,1.4042545740964414,1.5531676232435987,2.5499790148301344,0.13817765552812486,31.0,0.0
"Uniform(0,1)",100000,Gaffke,40,0.975,0.004713632423690245,0.00470690159495989,0.00472293359649956,1.490581451168116,1.4884529762352732,1.4935227402669458,2.5817628062429243,0.00027629662217800246,0.0,0.0
"Uniform(0,1)",100000,Square-root feedback,40,0.975,0.00480124347951208,0.00469313995440353,0.00491033062577656,1.5182864996290306,1.4841011633854162,1.5527828841933975,2.6297493578033864,0.02967670163125144,31.0,0.0
"Uniform(0,1)",100000,Squared-hinge feedback,40,0.975,0.00482517043732291,0.00466443687628829,0.0049716565401641604,1.5258528680451289,1.4750244531152255,1.5721758410991282,2.642854692328853,0.02967670163125144,31.0,0.0
"Uniform(0,1)",100000,Target-capped feedback,40,0.975,0.0047256728399903605,0.00471641616012274,0.00473410122610534,1.4943889651166107,1.4914617459213408,1.4970542548288903,2.588357613852245,0.02967670163125144,31.0,0.0
"Uniform(0,1)",300000,Capped original feedback,30,0.9666666666666667,0.0027928578685829635,0.0027579744677829476,0.002829374899939202,1.529711254528688,1.5106048290280256,1.5497124563356233,2.6495376137536146,0.14596169153034377,31.0,0.0
"Uniform(0,1)",300000,Efficient betting (Probit-STaR),30,0.9666666666666667,0.0027414546268018465,0.00261930169378292,0.00283380171896274,1.5015565394763053,1.4346506225964046,1.5521371249728515,2.6007722168102636,0.4084495239677684,31.0,0.0
"Uniform(0,1)",300000,Gaffke,30,0.9666666666666667,0.0027191692294808935,0.00271628210193058,0.00272142661397999,1.489350324660655,1.4877689797749674,1.4905867450717805,2.579630432581457,0.00039302089329183335,0.0,0.0
"Uniform(0,1)",300000,Square-root feedback,30,0.9666666666666667,0.00279020209028337,0.00273256053958611,0.0028335150931721098,1.5282566248462988,1.4966850472798099,1.551980133561749,2.6470181212375183,0.08665966390835815,31.0,0.0
"Uniform(0,1)",300000,Squared-hinge feedback,30,0.9666666666666667,0.0028070946006465403,0.0027188251909240698,0.00287475794666904,1.5375090338250916,1.4891618869824508,1.5745697747578926,2.6630437636811943,0.08665966390835815,31.0,0.0
"Uniform(0,1)",300000,Target-capped feedback,30,0.9666666666666667,0.00272484941821094,0.00272089629800744,0.0027299848613358702,1.4924614921589863,1.4902962790509957,1.4952742902013063,2.5850191327594234,0.08665966390835815,31.0,0.0
"Uniform(0,1)",1000000,Capped original feedback,20,1.0,0.0015179222297673294,0.001501494070057552,0.0015343282432297323,1.5179222297673296,1.5014940700575519,1.5343282432297323,2.629118423895254,0.4804956693551503,31.0,0.0
"Uniform(0,1)",1000000,Efficient betting (Probit-STaR),20,1.0,0.001501257731385295,0.0014696639453602501,0.0015336792164656,1.5012577313853415,1.4696639453602556,1.5336792164656885,2.6002546660150014,1.3459219915006542,31.0,0.0
"Uniform(0,1)",1000000,Gaffke,20,1.0,0.001488401787550455,0.00148760878018465,0.00148958813697628,1.4884017875505084,1.4876087801846738,1.489588136976372,2.5779875181138188,0.0007894652982940399,0.0,0.0
"Uniform(0,1)",1000000,Square-root feedback,20,1.0,0.00151935407537317,0.00148199270309786,0.0015513474309688498,1.5193540753732278,1.481992703097923,1.5513474309688857,2.6315984532332637,0.28373776971129694,31.0,0.0
"Uniform(0,1)",1000000,Squared-hinge feedback,20,1.0,0.001528232110662665,0.00147609301922618,0.00157190636631665,1.528232110662714,1.4760930192262764,1.5719063663166999,2.6469756614260436,0.28373776971129694,31.0,0.0
"Uniform(0,1)",1000000,Target-capped feedback,20,1.0,0.0014900373641589851,0.0014885677682411299,0.00149189693368743,1.4900373641590385,1.4885677682411835,1.491896933687481,2.580820419899464,0.28373776971129694,31.0,0.0
"Uniform(0,1)",3000000,Capped original feedback,15,1.0,0.0008820510745252105,0.0008647981519079196,0.0009089063488240789,1.5277572759483866,1.4978743373961845,1.5742719754852257,2.6461532235756313,1.4409418480664802,31.066666666666666,0.0
"Uniform(0,1)",3000000,Efficient betting (Probit-STaR),15,1.0,0.0008686898796665266,0.0008408619233980399,0.00089229291039106,1.5046150076034117,1.4564155734755901,1.5454966560308911,2.6060696389997418,4.0249423131967585,31.0,0.0
"Uniform(0,1)",3000000,Gaffke,15,1.0,0.0008589747682693267,0.00085881794956104,0.000859115950823,1.4877879410622608,1.487516323091907,1.4880324764184107,2.576924304808126,0.00181121918916076,0.0,0.0
"Uniform(0,1)",3000000,Square-root feedback,15,1.0,0.0008680375226115866,0.00082086392110726,0.0008961247429751,1.5034850920395628,1.4217780174581038,1.5521335847525737,2.604112567834893,0.8289366825997907,31.0,0.0
"Uniform(0,1)",3000000,Squared-hinge feedback,15,1.0,0.0008707835302303401,0.00081505362509678,0.00090789096409014,1.508241316753193,1.411714289560884,1.5725132775368729,2.612350590691115,0.8289366825997907,31.0,0.0
"Uniform(0,1)",3000000,Target-capped feedback,15,1.0,0.0008594207247889534,0.00085844298309762,0.00086005495060254,1.4885603604122282,1.486866862126104,1.4896588717448558,2.5782621743670187,0.8289366825997907,31.0,0.0
"Uniform(0,1)",10000000,Capped original feedback,10,1.0,0.00047639185313837483,0.00047359967991193465,0.00048025295936797717,1.5064833146656984,1.4976536876484061,1.5186932046391068,2.609305641755762,4.7616067229944745,31.0,0.0
"Uniform(0,1)",10000000,Efficient betting (Probit-STaR),10,1.0,0.00046820129429785,0.00045954174242657003,0.00047762430007897995,1.480582493420218,1.4531985859906298,1.5103806540934481,2.564444103400831,13.398006568686105,31.0,0.0
"Uniform(0,1)",10000000,Gaffke,10,1.0,0.00047038404195576006,0.00047032479666934,0.00047044282321621997,1.4874849475766065,1.4872975975309746,1.487670830243428,2.576399504696611,0.0052955135935917,0.0,0.0
"Uniform(0,1)",10000000,Square-root feedback,10,1.0,0.00047832281928251,0.00047074375906779996,0.00048808997540803996,1.512589565766037,1.4886224729638562,1.5434760253852606,2.6198819789053216,2.7343592877979974,31.0,0.0
"Uniform(0,1)",10000000,Squared-hinge feedback,10,1.0,0.00047748095891614995,0.00045581151791514,0.00049245103317277,1.5099273695364888,1.441402580350536,1.5572669009291915,2.615270919776026,2.7343592877979974,31.0,0.0
"Uniform(0,1)",10000000,Target-capped feedback,10,1.0,0.00047082189586423003,0.00047062574660313,0.00047100083996071,1.4888695632097415,1.4882492847831477,1.4894354341285452,2.5787977293221545,2.7343592877979974,31.0,0.0
