distribution,method,n,reps,mean_width_c1,mean_width_c05,mean_sqrt_n_width_c1,mean_sqrt_n_width_c05,mean_largest_component_width_c1,mean_largest_component_width_c05,width_relative_change,sqrt_n_width_relative_change,largest_component_width_relative_change
Bernoulli(0.1),Common-clock Efficient betting,1000,30,0.05068052360376645,0.05110725946757896,1.6026588759782705,1.6161534488675398,0.05068052360376645,0.05110725946757896,0.008420115528972039,0.008420115528971817,0.008420115528972039
Bernoulli(0.1),Common-clock Efficient betting,3000,30,0.02834898973228199,0.028390750514549326,1.5527381158853215,1.5550254481320098,0.02834898973228199,0.028390750514549326,0.0014730959607982541,0.0014730959607982541,0.0014730959607982541
Bernoulli(0.1),Common-clock Efficient betting,10000,30,0.015479860593037898,0.01548552423752475,1.5479860593037942,1.5485524237524795,0.015479860593037898,0.01548552423752475,0.0003658718018042517,0.0003658718018042517,0.0003658718018042517
Bernoulli(0.1),Common-clock Efficient betting,30000,30,0.008935531755249663,0.008941142509349527,1.547679499273761,1.5486513103907336,0.008935531755249663,0.008941142509349527,0.0006279149639378812,0.000627914963936993,0.0006279149639378812
Bernoulli(0.1),Common-clock Efficient betting,100000,30,0.0048957074595490065,0.00489552940892127,1.5481586330051664,1.5481023284529167,0.0048957074595490065,0.00489552940892127,-3.63687228469578e-05,-3.636872284873416e-05,-3.63687228469578e-05
Bernoulli(0.1),Common-clock Efficient betting,300000,30,0.0028211876628591636,0.0028210848429057168,1.5452281219032746,1.545171805095405,0.0028211876628591636,0.0028210848429057168,-3.6445627067061004e-05,-3.644562707039167e-05,-3.6445627067061004e-05
Bernoulli(0.1),Common-clock Efficient betting,1000000,30,0.0015452183830895602,0.0015450815983431333,1.5452183830896078,1.5450815983431876,0.0015452183830895602,0.0015450815983431333,-8.852130412362325e-05,-8.852130411929338e-05,-8.852130412362325e-05
Bernoulli(0.1),Common-clock Efficient betting,3000000,30,0.0008925458260562233,0.00089253981504003,1.545934718812976,1.5459243074275457,0.0008925458260562233,0.00089253981504003,-6.734686352150021e-06,-6.734686338050189e-06,-6.734686352150021e-06
Bernoulli(0.1),Common-clock Efficient betting,10000000,30,0.0004888198041572499,0.00048883563520029,1.5457839465345138,1.545834008688249,0.0004888198041572499,0.00048883563520029,3.2386255437000244e-05,3.238625543189322e-05,3.2386255437000244e-05
Bernoulli(0.1),Common-clock STaR betting,1000,30,0.0518768724129887,0.05200701427970477,1.640490747109996,1.6446061942876846,0.0518768724129887,0.05200701427970477,0.0025086683268029653,0.0025086683268031873,0.0025086683268029653
Bernoulli(0.1),Common-clock STaR betting,3000,30,0.028884872451886843,0.028887899923788485,1.5820896212558004,1.5822554427210744,0.028884872451886843,0.028887899923788485,0.00010481167630849164,0.00010481167630849164,0.00010481167630849164
Bernoulli(0.1),Common-clock STaR betting,10000,30,0.015861304582184498,0.015864870144397913,1.5861304582184548,1.586487014439797,0.015861304582184498,0.015864870144397913,0.00022479627668325897,0.00022479627668370306,0.00022479627668325897
Bernoulli(0.1),Common-clock STaR betting,30000,30,0.00916947784972061,0.009170438811388083,1.5882001514593602,1.5883665949025785,0.00916947784972061,0.009170438811388083,0.00010480004240398522,0.00010480004240354113,0.00010480004240398522
Bernoulli(0.1),Common-clock STaR betting,100000,30,0.0049892279402703596,0.00498932566678027,1.5777324057005049,1.577763309536411,0.0049892279402703596,0.00498932566678027,1.9587501529416684e-05,1.9587501527196238e-05,1.9587501529416684e-05
Bernoulli(0.1),Common-clock STaR betting,300000,30,0.0029002615279158967,0.0029002771936984034,1.5885386615039672,1.5885472420064255,0.0029002615279158967,0.0029002771936984034,5.401506848912163e-06,5.401506848023985e-06,5.401506848912163e-06
Bernoulli(0.1),Common-clock STaR betting,1000000,30,0.0015846210759081067,0.0015846339065233833,1.5846210759081525,1.5846339065234278,0.0015846210759081067,0.0015846339065233833,8.096961142234349e-06,8.09696114134617e-06,8.096961142234349e-06
Bernoulli(0.1),Common-clock STaR betting,3000000,30,0.00091322099230429,0.0009132202876800467,1.5817451572095889,1.5817439367645936,0.00091322099230429,0.0009132202876800467,-7.715813030717555e-07,-7.715813067354915e-07,-7.715813030717555e-07
Bernoulli(0.1),Common-clock STaR betting,10000000,30,0.00049968703914388,0.0004996870392087566,1.5801491609605334,1.5801491611656888,0.00049968703914388,0.0004996870392087566,1.2983436548097416e-10,1.298330332133446e-10,1.2983436548097416e-10
Bernoulli(0.1),Efficient betting,1000,30,0.049832162316180525,0.05027798956768179,1.5758313365034236,1.5899296320805911,0.049832162316180525,0.05027798956768179,0.00894657648352748,0.008946576483527702,0.00894657648352748
Bernoulli(0.1),Efficient betting,3000,30,0.028189553739386627,0.028230253525113925,1.544005446906619,1.5462346659794655,0.028189553739386627,0.028230253525113925,0.0014437896429140284,0.0014437896429140284,0.0014437896429140284
Bernoulli(0.1),Efficient betting,10000,30,0.015475979123584473,0.015481652666298617,1.5475979123584525,1.5481652666298669,0.015475979123584473,0.015481652666298617,0.0003666031511697643,0.0003666031511697643,0.0003666031511697643
Bernoulli(0.1),Efficient betting,30000,30,0.008934207774359267,0.008939835735691716,1.5474501790567181,1.548424970553801,0.008934207774359267,0.008939835735691716,0.0006299340103328444,0.0006299340103324003,0.0006299340103328444
Bernoulli(0.1),Efficient betting,100000,30,0.004892075333280916,0.004891876183604433,1.5470100538295193,1.5469470771722198,0.004892075333280916,0.004891876183604433,-4.070862832561417e-05,-4.070862832705746e-05,-4.070862832561417e-05
Bernoulli(0.1),Efficient betting,300000,30,0.0028219581762441,0.002821841754467477,1.5456501494650574,1.5455863826318144,0.0028219581762441,0.002821841754467477,-4.125567047841283e-05,-4.125567047963408e-05,-4.125567047841283e-05
Bernoulli(0.1),Efficient betting,1000000,30,0.0015455368110855801,0.0015453958945987967,1.5455368110856482,1.5453958945988586,0.0015455368110855801,0.0015453958945987967,-9.117640277001016e-05,-9.117640277400696e-05,-9.117640277001016e-05
Bernoulli(0.1),Efficient betting,3000000,30,0.0008925688576313066,0.0008925631111444501,1.5459746106712113,1.5459646574640262,0.0008925688576313066,0.0008925631111444501,-6.438144023790393e-06,-6.438144013798386e-06,-6.438144023790393e-06
Bernoulli(0.1),Efficient betting,10000000,30,0.0004888110387926767,0.0004888273515234099,1.54575622801795,1.5458078134019317,0.0004888110387926767,0.0004888273515234099,3.337226338739896e-05,3.337226339228394e-05,3.337226338739896e-05
Bernoulli(0.1),STaR betting,1000,30,0.051330812529680074,0.05148719277289894,1.623222817408986,1.628167994905213,,,0.003046517978425589,0.003046517978425589,
Bernoulli(0.1),STaR betting,3000,30,0.028783760195564882,0.02878595824690696,1.5765514748930223,1.5766718671232838,,,7.636428761026437e-05,7.636428761048641e-05,
Bernoulli(0.1),STaR betting,10000,30,0.015870193752032722,0.015873646632044932,1.5870193752032766,1.587364663204498,,,0.00021757012334955306,0.0002175701233497751,
Bernoulli(0.1),STaR betting,30000,30,0.009181014027392603,0.009181937501725716,1.590198276044664,1.5903582264911054,,,0.00010058522188916008,0.00010058522188760577,
Bernoulli(0.1),STaR betting,100000,30,0.00499180172494818,0.004991895157291529,1.5785463078793776,1.5785758537805896,,,1.8717158352332675e-05,1.871715835299881e-05,
Bernoulli(0.1),STaR betting,300000,30,0.00290219407908266,0.0029022086175189634,1.5895971633715316,1.5896051264010496,,,5.009463842631234e-06,5.009463845073725e-06,
Bernoulli(0.1),STaR betting,1000000,30,0.0015853522016119799,0.0015853661010306066,1.5853522016120347,1.5853661010306577,,,8.767401094011973e-06,8.767401091569482e-06,
Bernoulli(0.1),STaR betting,3000000,30,0.0009134018981969867,0.0009134007520178067,1.58205849540712,1.5820565101665482,,,-1.2548465053718871e-06,-1.254846503817575e-06,
Bernoulli(0.1),STaR betting,10000000,30,0.00049973589023985,0.00049973589023985,1.5803036416899656,1.5803036416899656,,,0.0,0.0,
Bernoulli(0.5),Common-clock Efficient betting,1000,30,0.0812940631376595,0.08106581421108655,2.570743997645385,2.563526132830795,0.0812940631376595,0.08106581421108655,-0.0028076949012431074,-0.0028076949012431074,-0.0028076949012431074
Bernoulli(0.5),Common-clock Efficient betting,3000,30,0.04702625164231878,0.04704247086342602,2.575733881941239,2.5766222452677985,0.04702625164231878,0.04704247086342602,0.00034489717000218967,0.0003448971700017456,0.00034489717000218967
Bernoulli(0.5),Common-clock Efficient betting,10000,30,0.025749183556461698,0.025731879319953254,2.5749183556461737,2.57318793199533,0.025749183556461698,0.025731879319953254,-0.0006720304925591503,-0.0006720304925588172,-0.0006720304925591503
Bernoulli(0.5),Common-clock Efficient betting,30000,30,0.014873277547106333,0.01487453428534168,2.576127238666165,2.5763449121137105,0.014873277547106333,0.01487453428534168,8.449638832908057e-05,8.449638832974671e-05,8.449638832908057e-05
Bernoulli(0.5),Common-clock Efficient betting,100000,30,0.008146052695408672,0.008147487405809313,2.5760080457245396,2.5764617409894166,0.008146052695408672,0.008147487405809313,0.00017612338813499662,0.0001761233881354407,0.00017612338813499662
Bernoulli(0.5),Common-clock Efficient betting,300000,30,0.00470310590849597,0.00470309476538812,2.5759971964190984,2.5759910930875667,0.00470310590849597,0.00470309476538812,-2.369308297001105e-06,-2.369308297445194e-06,-2.369308297001105e-06
Bernoulli(0.5),Common-clock Efficient betting,1000000,30,0.0025758488000959066,0.0025758650761428833,2.5758488000959607,2.575865076142934,0.0025758488000959066,0.0025758650761428833,6.318712098440926e-06,6.3187120971086586e-06,6.318712098440926e-06
Bernoulli(0.5),Common-clock Efficient betting,3000000,30,0.0014871773279257498,0.0014871538354798467,2.5758666918320037,2.5758260017221115,0.0014871773279257498,0.0014871538354798467,-1.579666759432552e-05,-1.579666759199405e-05,-1.579666759432552e-05
Bernoulli(0.5),Common-clock Efficient betting,10000000,30,0.00081455124286753,0.0008145538163350934,2.575837198382525,2.5758453364014975,0.00081455124286753,0.0008145538163350934,3.159368530791795e-06,3.159368525906814e-06,3.159368530791795e-06
Bernoulli(0.5),Common-clock STaR betting,1000,30,0.08344458121962116,0.08325857945938202,2.63874935052914,2.6328674584175777,0.08344458121962116,0.08325857945938202,-0.0022290454037943164,-0.0022290454037944274,-0.0022290454037943164
Bernoulli(0.5),Common-clock STaR betting,3000,30,0.047825652999911164,0.04784437031956225,2.619518897546599,2.6205440873654933,0.047825652999911164,0.04784437031956225,0.00039136568926978477,0.0003913656892700068,0.00039136568926978477
Bernoulli(0.5),Common-clock STaR betting,10000,30,0.02619981214196155,0.02620029031144318,2.6199812141961596,2.620029031144323,0.02619981214196155,0.02620029031144318,1.825087443529938e-05,1.825087443529938e-05,1.825087443529938e-05
Bernoulli(0.5),Common-clock STaR betting,30000,30,0.015099520792652968,0.015098269803299971,2.615313718281771,2.6150970405698604,0.015099520792652968,0.015098269803299971,-8.284960630045024e-05,-8.284960630000615e-05,-8.284960630045024e-05
Bernoulli(0.5),Common-clock STaR betting,100000,30,0.008318526164593583,0.008318757776682693,2.6305489455820594,2.630622187755582,0.008318526164593583,0.008318757776682693,2.78429236775235e-05,2.7842923677745546e-05,2.78429236775235e-05
Bernoulli(0.5),Common-clock STaR betting,300000,30,0.0047914417887821,0.004791436217045406,2.6243807506888865,2.6243776989230145,0.0047914417887821,0.004791436217045406,-1.1628517968542695e-06,-1.1628517970763141e-06,-1.1628517968542695e-06
Bernoulli(0.5),Common-clock STaR betting,1000000,30,0.002649063492226823,0.0026490746819980864,2.6490634922268663,2.649074681998128,0.002649063492226823,0.0026490746819980864,4.22404796873721e-06,4.224047968071076e-06,4.22404796873721e-06
Bernoulli(0.5),Common-clock STaR betting,3000000,30,0.0015174244349169068,0.00151742384760551,2.628256217922659,2.6282552006694813,0.0015174244349169068,0.00151742384760551,-3.870449053477998e-07,-3.8704490479268827e-07,-3.870449053477998e-07
Bernoulli(0.5),Common-clock STaR betting,10000000,30,0.00083301491158618,0.0008330142682191201,2.634224445496288,2.6342224109910077,0.00083301491158618,0.0008330142682191201,-7.723355860411729e-07,-7.723355858191283e-07,-7.723355860411729e-07
Bernoulli(0.5),Efficient betting,1000,30,0.08127813566861544,0.08104985293958053,2.5702403268499747,2.5630213931076815,0.08127813566861544,0.08104985293958053,-0.0028086609905234594,-0.0028086609905232374,-0.0028086609905234594
Bernoulli(0.5),Efficient betting,3000,30,0.04701609608075005,0.04703243424695576,2.575177638925706,2.57607251714362,0.04701609608075005,0.04703243424695576,0.0003475015487812705,0.0003475015487812705,0.0003475015487812705
Bernoulli(0.5),Efficient betting,10000,30,0.025749624589684217,0.025732495895322057,2.574962458968427,2.5732495895322116,0.025749624589684217,0.025732495895322057,-0.0006652017120677423,-0.0006652017120675202,-0.0006652017120677423
Bernoulli(0.5),Efficient betting,30000,30,0.014873080800069053,0.01487430229987363,2.576093161079686,2.5763047310519798,0.014873080800069053,0.01487430229987363,8.212823025677274e-05,8.212823025588456e-05,8.212823025677274e-05
Bernoulli(0.5),Efficient betting,100000,30,0.008146045457973324,0.008147488210259953,2.5760057570465307,2.5764619953790437,0.008146045457973324,0.008147488210259953,0.0001771107581063358,0.0001771107581047815,0.0001771107581063358
Bernoulli(0.5),Efficient betting,300000,30,0.004703117980575653,0.0047030938367946164,2.5760038085694528,2.5759905844759556,0.004703117980575653,0.0047030938367946164,-5.133569078386024e-06,-5.133569078275002e-06,-5.133569078386024e-06
Bernoulli(0.5),Efficient betting,1000000,30,0.0025758485457851965,0.0025758749943653567,2.5758485457852496,2.5758749943654036,0.0025758485457851965,0.0025758749943653567,1.0267909657857288e-05,1.0267909655414797e-05,1.0267909657857288e-05
Bernoulli(0.5),Efficient betting,3000000,30,0.00148717483185318,0.0014871519267206366,2.575862368507479,2.5758226956541836,0.00148717483185318,0.0014871519267206366,-1.5401775267376294e-05,-1.540177525805042e-05,-1.5401775267376294e-05
Bernoulli(0.5),Efficient betting,10000000,30,0.0008145497952918,0.0008145560681195199,2.575832620746157,2.5758524571691113,0.0008145497952918,0.0008145560681195199,7.700975135138677e-06,7.700975131141874e-06,7.700975135138677e-06
Bernoulli(0.5),STaR betting,1000,30,0.08357122261122003,0.08339178465286416,2.642754102964198,2.6370797764932474,,,-0.0021471261607675096,-0.0021471261607677317,
Bernoulli(0.5),STaR betting,3000,30,0.04786036772717941,0.04787865318369254,2.6214203014668445,2.6224218371674968,,,0.00038205842080785146,0.00038205842080785146,
Bernoulli(0.5),STaR betting,10000,30,0.026208176613334987,0.02620883789746348,2.620817661333505,2.620883789746352,,,2.523197772408281e-05,2.5231977722972587e-05,
Bernoulli(0.5),STaR betting,30000,30,0.01510079525196063,0.01509957362699069,2.6155344611090743,2.615322869457502,,,-8.089805533795236e-05,-8.089805533761929e-05,
Bernoulli(0.5),STaR betting,100000,30,0.008318861519306376,0.00831911243239112,2.6306549940537116,2.630734339737963,,,3.016194994476251e-05,3.0161949944318422e-05,
Bernoulli(0.5),STaR betting,300000,30,0.004791503542040627,0.004791509578064617,2.624414574341584,2.6244178804080796,,,1.2597348488796456e-06,1.2597348482135118e-06,
Bernoulli(0.5),STaR betting,1000000,30,0.0026490680698589603,0.0026490779880749037,2.649068069859008,2.6490779880749526,,,3.744039670516841e-06,3.7440396709609303e-06,
Bernoulli(0.5),STaR betting,3000000,30,0.00151742869292032,0.0015174306016806165,2.628263593000918,2.6282668990707334,,,1.2578912640393014e-06,1.2578912647054352e-06,
Bernoulli(0.5),STaR betting,10000000,30,0.00083301700252919,0.0008330159570577333,2.634231057638661,2.634227751567627,,,-1.25504215819916e-06,-1.2550421591983607e-06,
"Beta(0.5,0.5)",Common-clock Efficient betting,1000,30,0.05762419285953342,0.05755887428339865,1.822236977649369,1.820171422908319,0.05762419285953342,0.05755887428339865,-0.0011335269596572939,-0.0011335269596572939,-0.0011335269596572939
"Beta(0.5,0.5)",Common-clock Efficient betting,3000,30,0.03334253166235983,0.03333564919320666,1.8262456715804731,1.8258687032198204,0.03334253166235983,0.03333564919320666,-0.00020641711381907957,-0.0002064171138193016,-0.00020641711381907957
"Beta(0.5,0.5)",Common-clock Efficient betting,10000,30,0.018233698322270127,0.018227684782639055,1.823369832227017,1.8227684782639106,0.018233698322270127,0.018227684782639055,-0.00032980361552470416,-0.0003298036155243711,-0.00032980361552470416
"Beta(0.5,0.5)",Common-clock Efficient betting,30000,30,0.010525708507834613,0.010528782942068422,1.8231061921229625,1.8236386997527112,0.010525708507834613,0.010528782942068422,0.0002920881032872913,0.0002920881032872913,0.0002920881032872913
"Beta(0.5,0.5)",Common-clock Efficient betting,100000,30,0.005760674906101863,0.005759242605132257,1.8216853563058686,1.821232422969981,0.005760674906101863,0.005759242605132257,-0.0002486342300082045,-0.0002486342300110911,-0.0002486342300082045
"Beta(0.5,0.5)",Common-clock Efficient betting,300000,30,0.0033261350043851433,0.0033263281111354432,1.8217991712093147,1.8219049401324563,0.0033261350043851433,0.0033263281111354432,5.805739996889159e-05,5.80573999664491e-05,5.805739996889159e-05
"Beta(0.5,0.5)",Common-clock Efficient betting,1000000,30,0.0018213949754702266,0.0018211295273444167,1.821394975470277,1.8211295273444652,0.0018213949754702266,0.0018211295273444167,-0.00014573891406577388,-0.00014573891406677308,-0.00014573891406577388
"Beta(0.5,0.5)",Common-clock Efficient betting,3000000,30,0.00105160340777401,0.0010515768253114733,1.8214305316772406,1.8213844895015623,0.00105160340777401,0.0010515768253114733,-2.527803004459539e-05,-2.5278030030495557e-05,-2.527803004459539e-05
"Beta(0.5,0.5)",Common-clock Efficient betting,10000000,30,0.0005759630146552267,0.00057595664428851,1.821354974327632,1.8213348294592333,0.0005759630146552267,0.00057595664428851,-1.1060374632720915e-05,-1.106037465659071e-05,-1.1060374632720915e-05
"Beta(0.5,0.5)",Common-clock STaR betting,1000,30,0.058559982250022576,0.05840181236495638,1.8518292364910331,1.8468274655504715,0.058559982250022576,0.05840181236495638,-0.0027009892931811885,-0.0027009892931808555,-0.0027009892931811885
"Beta(0.5,0.5)",Common-clock STaR betting,3000,30,0.03371925352692092,0.03372902316168358,1.8468795778930243,1.847414682826834,0.03371925352692092,0.03372902316168358,0.000289734609778991,0.000289734609778991,0.000289734609778991
"Beta(0.5,0.5)",Common-clock STaR betting,10000,30,0.01850782933962477,0.018504459740182663,1.8507829339624828,1.850445974018272,0.01850782933962477,0.018504459740182663,-0.0001820634597539117,-0.00018206345975402272,-0.0001820634597539117
"Beta(0.5,0.5)",Common-clock STaR betting,30000,30,0.010731710617302848,0.010731665489977971,1.8587868041294968,1.8587789878475478,0.010731710617302848,0.010731665489977971,-4.205044888627718e-06,-4.205044888183629e-06,-4.205044888627718e-06
"Beta(0.5,0.5)",Common-clock STaR betting,100000,30,0.005866487309571183,0.005866170745236274,1.855146176271841,1.8550460698394131,0.005866487309571183,0.005866170745236274,-5.3961479536845935e-05,-5.3961479536401846e-05,-5.3961479536845935e-05
"Beta(0.5,0.5)",Common-clock STaR betting,300000,30,0.0033701262827231034,0.003370142052352763,1.8458941866885064,1.8459028240703923,0.0033701262827231034,0.003370142052352763,4.6792399859274525e-06,4.6792399848172295e-06,4.6792399859274525e-06
"Beta(0.5,0.5)",Common-clock STaR betting,1000000,30,0.00185901989481213,0.0018590040800592,1.859019894812175,1.8590040800592473,0.00185901989481213,0.0018590040800592,-8.507038022576019e-06,-8.507038021354774e-06,-8.507038022576019e-06
"Beta(0.5,0.5)",Common-clock STaR betting,3000000,30,0.0010675015656525233,0.00106750198077581,1.8489669488695706,1.8489676678841993,0.0010675015656525233,0.00106750198077581,3.888737027946121e-07,3.8887370545914735e-07,3.888737027946121e-07
"Beta(0.5,0.5)",Common-clock STaR betting,10000000,30,0.0005810968786154099,0.0005810961961336266,1.83758967763925,1.8375875194423508,0.0005810968786154099,0.0005810961961336266,-1.1744716044148618e-06,-1.174471605636107e-06,-1.1744716044148618e-06
"Beta(0.5,0.5)",Efficient betting,1000,30,0.05785419133881336,0.0577897561753663,1.829510168178366,1.8274725493993862,0.05785419133881336,0.0577897561753663,-0.0011137509998143669,-0.0011137509998147,-0.0011137509998143669
"Beta(0.5,0.5)",Efficient betting,3000,30,0.03341936179636702,0.03341210185000495,1.830453831329661,1.8300561876907826,0.03341936179636702,0.03341210185000495,-0.00021723773201631769,-0.00021723773201620666,-0.00021723773201631769
"Beta(0.5,0.5)",Efficient betting,10000,30,0.018256193664487212,0.018250224631298897,1.8256193664487264,1.8250224631298955,0.018256193664487212,0.018250224631298897,-0.0003269593485922817,-0.00032695934859194864,-0.0003269593485922817
"Beta(0.5,0.5)",Efficient betting,30000,30,0.010533203096026662,0.01053630350481655,1.8244042928760047,1.8249412994308378,0.010533203096026662,0.01053630350481655,0.00029434624602053816,0.0002943462460212043,0.00029434624602053816
"Beta(0.5,0.5)",Efficient betting,100000,30,0.005762951941599697,0.005761523578141634,1.822405418154487,1.8219537299690802,0.005762951941599697,0.005761523578141634,-0.0002478527450060497,-0.0002478527450079371,-0.0002478527450060497
"Beta(0.5,0.5)",Efficient betting,300000,30,0.0033269050038128634,0.003327092860270463,1.8222209172651445,1.8223238104845394,0.0033269050038128634,0.003327092860270463,5.6465831571594904e-05,5.646583156848628e-05,5.6465831571594904e-05
"Beta(0.5,0.5)",Efficient betting,1000000,30,0.0018216233594899533,0.0018213568339305135,1.8216233594900006,1.821356833930556,0.0018216233594899533,0.0018213568339305135,-0.0001463121111460186,-0.00014631211114868314,-0.0001463121111460186
"Beta(0.5,0.5)",Efficient betting,3000000,30,0.00105167836729598,0.0010516513691407499,1.821560365377799,1.82151360320123,0.00105167836729598,0.0010516513691407499,-2.567149431775828e-05,-2.567149431764726e-05,-2.567149431775828e-05
"Beta(0.5,0.5)",Efficient betting,10000000,30,0.0005759860452167867,0.0005759793903580033,1.821427803357971,1.8214067588466645,0.0005759860452167867,0.0005759793903580033,-1.155385419260302e-05,-1.1553854216805881e-05,-1.155385419260302e-05
"Beta(0.5,0.5)",STaR betting,1000,30,0.05858918804410127,0.058426305604269056,1.852752804792659,1.8476020097855075,,,-0.002780076755964145,-0.002780076755964145,
"Beta(0.5,0.5)",STaR betting,3000,30,0.03370432606997783,0.03371464851857443,1.8460619674036323,1.8466273511981373,,,0.00030626479743789403,0.0003062647974381161,
"Beta(0.5,0.5)",STaR betting,10000,30,0.018508352625331556,0.018504804711913698,1.8508352625331608,1.8504804711913747,,,-0.00019169255577089483,-0.00019169255577100586,
"Beta(0.5,0.5)",STaR betting,30000,30,0.010729880291506445,0.010729853921333443,1.8584697824021192,1.8584652149541758,,,-2.457639068254025e-06,-2.4576390676989135e-06,
"Beta(0.5,0.5)",STaR betting,100000,30,0.0058656402147053,0.00586533673541084,1.8548783013547996,1.8547823327754787,,,-5.173847753203731e-05,-5.1738477532925486e-05,
"Beta(0.5,0.5)",STaR betting,300000,30,0.0033701463894069833,0.0033701592020208,1.8459051995728184,1.8459122173304292,,,3.8017974106629993e-06,3.8017974122173115e-06,
"Beta(0.5,0.5)",STaR betting,1000000,30,0.00185910220277477,0.00185908350991855,1.8591022027748185,1.8590835099185965,,,-1.005477600535265e-05,-1.0054776006462873e-05,
"Beta(0.5,0.5)",STaR betting,3000000,30,0.0010675077870771499,0.0010675077870771499,1.8489777246931305,1.8489777246931305,,,0.0,0.0,
"Beta(0.5,0.5)",STaR betting,10000000,30,0.0005811108098508134,0.0005811100705121633,1.837633732073741,1.8376313940796405,,,-1.272285143461005e-06,-1.272285145681451e-06,
"Beta(1,5)",Common-clock Efficient betting,1000,30,0.023157808548839788,0.02392855778676081,0.732314206324525,0.7566874372912197,0.023157808548839788,0.02392855778676081,0.03328247732489498,0.0332824773248952,0.03328247732489498
"Beta(1,5)",Common-clock Efficient betting,3000,30,0.013279816323151953,0.01339683818812113,0.7273654959715664,0.7337750474880612,0.013279816323151953,0.01339683818812113,0.008812009302053392,0.00881200930205428,0.008812009302053392
"Beta(1,5)",Common-clock Efficient betting,10000,30,0.007226631425428177,0.007197368832213879,0.7226631425428224,0.719736883221392,0.007226631425428177,0.007197368832213879,-0.004049271575042868,-0.004049271575043756,-0.004049271575042868
"Beta(1,5)",Common-clock Efficient betting,30000,30,0.00418374078852466,0.00417808942262998,0.7246451611423069,0.7236663158561332,0.00418374078852466,0.00417808942262998,-0.0013507925515320318,-0.0013507925515306995,-0.0013507925515320318
"Beta(1,5)",Common-clock Efficient betting,100000,30,0.0022953814275669267,0.002295789616834203,0.7258633409960449,0.7259924217761476,0.0022953814275669267,0.002295789616834203,0.00017783069182919498,0.00017783069182919498,0.00017783069182919498
"Beta(1,5)",Common-clock Efficient betting,300000,30,0.0013253127360318233,0.0013258022104423435,0.7259036812735492,0.7261717774495101,0.0013253127360318233,0.0013258022104423435,0.0003693274781209066,0.0003693274781173539,0.0003693274781209066
"Beta(1,5)",Common-clock Efficient betting,1000000,30,0.00072547816869988,0.00072533841340578,0.7254781686999362,0.7253384134058202,0.00072547816869988,0.00072533841340578,-0.00019263886927212148,-0.00019263886929421492,-0.00019263886927212148
"Beta(1,5)",Common-clock Efficient betting,3000000,30,0.00041899642703954667,0.0004190321893086467,0.7257230998223895,0.7257850418894899,0.00041899642703954667,0.0004190321893086467,8.535220539385158e-05,8.535220542871258e-05,8.535220539385158e-05
"Beta(1,5)",Common-clock Efficient betting,10000000,30,0.00022946415208259334,0.00022946160870407,0.7256293619404078,0.7256213190713537,0.00022946415208259334,0.00022946160870407,-1.108399068106003e-05,-1.1083990637539287e-05,-1.108399068106003e-05
"Beta(1,5)",Common-clock STaR betting,1000,30,0.023728166894814894,0.024322862327859997,0.7503505208822019,0.7691564417074287,0.023728166894814894,0.024322862327859997,0.025062847698321677,0.025062847698321455,0.025062847698321677
"Beta(1,5)",Common-clock STaR betting,3000,30,0.013419591475268482,0.01348262562203612,0.7350212963508603,0.738473818758633,0.013419591475268482,0.01348262562203612,0.004697173299485824,0.004697173299485824,0.004697173299485824
"Beta(1,5)",Common-clock STaR betting,10000,30,0.00740487383460536,0.007401784063669947,0.7404873834605402,0.7401784063669993,0.00740487383460536,0.007401784063669947,-0.00041726179330348057,-0.00041726179330292545,-0.00041726179330348057
"Beta(1,5)",Common-clock STaR betting,30000,30,0.00423953518407449,0.004241508947667993,0.7343090339292989,0.7346508998119068,0.00423953518407449,0.004241508947667993,0.00046556131929698097,0.00046556131929698097,0.00046556131929698097
"Beta(1,5)",Common-clock STaR betting,100000,30,0.0023472961894289,0.0023474314615005367,0.7422802301629527,0.7423230069479744,0.0023472961894289,0.0023474314615005367,5.762888903659835e-05,5.762888904126129e-05,5.762888903659835e-05
"Beta(1,5)",Common-clock STaR betting,300000,30,0.0013528442772186534,0.0013528460667813,0.74098332742446,0.7409843076082844,0.0013528442772186534,0.0013528460667813,1.3228149586819171e-06,1.3228149515764898e-06,1.3228149586819171e-06
"Beta(1,5)",Common-clock STaR betting,1000000,30,0.0007412404056431134,0.0007412512843322101,0.7412404056431648,0.7412512843322644,0.0007412404056431134,0.0007412512843322101,1.4676330396756754e-05,1.4676330400753557e-05,1.4676330396756754e-05
"Beta(1,5)",Common-clock STaR betting,3000000,30,0.0004298798411737733,0.00042988166345155,0.7445737260626973,0.7445768823404003,0.0004298798411737733,0.00042988166345155,4.239039848252801e-06,4.239039859355032e-06,4.239039848252801e-06
"Beta(1,5)",Common-clock STaR betting,10000000,30,0.00023568167342212667,0.00023568221714033,0.7452908907740381,0.7452926101619674,0.00023568167342212667,0.00023568221714033,2.307002472612396e-06,2.3070024746107975e-06,2.307002472612396e-06
"Beta(1,5)",Efficient betting,1000,30,0.023897786819401377,0.024721006324828165,0.7557143738645948,0.7817468603788549,0.023897786819401377,0.024721006324828165,0.03444752066992485,0.03444752066992507,0.03444752066992485
"Beta(1,5)",Efficient betting,3000,30,0.013522986757636881,0.013658620283164334,0.7406844892001399,0.748113443348673,0.013522986757636881,0.013658620283164334,0.010029849763097287,0.010029849763096399,0.010029849763097287
"Beta(1,5)",Efficient betting,10000,30,0.00728959453521334,0.007259209268605543,0.7289594535213386,0.72592092686056,0.00728959453521334,0.007259209268605543,-0.004168306818852052,-0.004168306818850609,-0.004168306818852052
"Beta(1,5)",Efficient betting,30000,30,0.00420477322939559,0.004198969448618374,0.7282880867618731,0.7272828424436589,0.00420477322939559,0.004198969448618374,-0.0013802838965588649,-0.0013802838965603081,-0.0013802838965588649
"Beta(1,5)",Efficient betting,100000,30,0.0023017435112816067,0.002302163235248037,0.7278752085163516,0.7280079368885995,0.0023017435112816067,0.002302163235248037,0.00018235045059245003,0.00018235045059245003,0.00018235045059245003
"Beta(1,5)",Efficient betting,300000,30,0.0013271920174177667,0.0013276814877608298,0.7269330060805269,0.72720110002865,0.0013271920174177667,0.0013276814877608298,0.0003688014519673821,0.00036880145196405145,0.0003688014519673821
"Beta(1,5)",Efficient betting,1000000,30,0.0007260772360684067,0.0007259370432514632,0.726077236068462,0.7259370432515049,0.0007260772360684067,0.0007259370432514632,-0.00019308251240945928,-0.00019308251242833308,-0.00019308251240945928
"Beta(1,5)",Efficient betting,3000000,30,0.0004192326938395934,0.0004192703601184167,0.7261323259242201,0.7261975658328829,0.0004192326938395934,0.0004192703601184167,8.984575720560883e-05,8.984575721759924e-05,8.984575720560883e-05
"Beta(1,5)",Efficient betting,10000000,30,0.00022953085982778336,0.00022952820334556,0.7258403103528166,0.7258319098183927,0.00022953085982778336,0.00022952820334556,-1.157352970027059e-05,-1.1573529747566091e-05,-1.157352970027059e-05
"Beta(1,5)",STaR betting,1000,30,0.024328722592607772,0.024978941326334887,0.7693417595503742,0.7899034813092567,,,0.026726382005962,0.026726382005962224,
"Beta(1,5)",STaR betting,3000,30,0.0135988813504942,0.013670617684895279,0.7448414072502011,0.7487705681046217,,,0.005275164372139374,0.005275164372139596,
"Beta(1,5)",STaR betting,10000,30,0.00744854756076238,0.007445888582023137,0.7448547560762431,0.7445888582023178,,,-0.0003569794939956017,-0.00035697949399693396,
"Beta(1,5)",STaR betting,30000,30,0.004252066688228843,0.004254079750046291,0.7364795541183562,0.7368282266530168,,,0.0004734313840890625,0.0004734313840906168,
"Beta(1,5)",STaR betting,100000,30,0.0023522977420498132,0.002352445237290913,0.7438618599748796,0.7439085020654732,,,6.270262410357219e-05,6.27026241071249e-05,
"Beta(1,5)",STaR betting,300000,30,0.00135385408782739,0.0013538588769085398,0.7415364234736731,0.7415390465614488,,,3.5373687554685063e-06,3.537368755690551e-06,
"Beta(1,5)",STaR betting,1000000,30,0.00074175869350022,0.00074176985757078,0.7417586935002672,0.7417698575708268,,,1.5050811885242155e-05,1.505081188457602e-05,
"Beta(1,5)",STaR betting,3000000,30,0.0004300310041613233,0.0004300331571656,0.7448355480373601,0.7448392771501627,,,5.006625698689149e-06,5.006625707570933e-06,
"Beta(1,5)",STaR betting,10000000,30,0.00023570368493024333,0.00023570427392932,0.7453604972744351,0.7453623598530679,,,2.498896344516055e-06,2.4988963589489543e-06,
"Beta(2,2)",Common-clock Efficient betting,1000,30,0.03665922426863964,0.036649959670525596,1.1592664594382183,1.158973487121753,0.03665922426863964,0.036649959670525596,-0.0002527221538064506,-0.00025272215380689467,-0.0002527221538064506
"Beta(2,2)",Common-clock Efficient betting,3000,30,0.02114464199159439,0.021167103662012222,1.1581397389167238,1.1593700152734328,0.02114464199159439,0.021167103662012222,0.0010622866268799047,0.0010622866268794606,0.0010622866268799047
"Beta(2,2)",Common-clock Efficient betting,10000,30,0.011529944668196682,0.01152436597245133,1.1529944668196725,1.1524365972451378,0.011529944668196682,0.01152436597245133,-0.0004838441038438335,-0.0004838441038433894,-0.0004838441038438335
"Beta(2,2)",Common-clock Efficient betting,30000,30,0.006656215395830274,0.006651124232227397,1.152890325170031,1.1520085097670487,0.006656215395830274,0.006651124232227397,-0.0007648736256441468,-0.0007648736256437028,-0.0007648736256441468
"Beta(2,2)",Common-clock Efficient betting,100000,30,0.0036418381191274034,0.0036393108773359697,1.1516503326066398,1.1508511485807476,0.0036418381191274034,0.0036393108773359697,-0.0006939467677490319,-0.0006939467677514743,-0.0006939467677490319
"Beta(2,2)",Common-clock Efficient betting,300000,30,0.0021031807015501236,0.0021031984325786935,1.15195951274857,1.1519692244328854,0.0021031807015501236,0.0021031984325786935,8.43057781807488e-06,8.43057781807488e-06,8.43057781807488e-06
"Beta(2,2)",Common-clock Efficient betting,1000000,30,0.0011520158646579233,0.00115203400572295,1.1520158646579755,1.1520340057229923,0.0011520158646579233,0.00115203400572295,1.5747235418528405e-05,1.574723541009071e-05,1.5747235418528405e-05
"Beta(2,2)",Common-clock Efficient betting,3000000,30,0.0006650692831887767,0.0006650881991960366,1.1519337890364598,1.1519665525221148,0.0006650692831887767,0.0006650881991960366,2.844216044572967e-05,2.8442160449504428e-05,2.844216044572967e-05
"Beta(2,2)",Common-clock Efficient betting,10000000,30,0.00036425967900667334,0.00036426442345374,1.151890245423054,1.151905248682052,0.00036425967900667334,0.00036426442345374,1.3024903221747763e-05,1.3024903247282893e-05,1.3024903221747763e-05
"Beta(2,2)",Common-clock STaR betting,1000,30,0.03733253301326914,0.03724862674223715,1.1805583514535969,1.1779050021892712,0.03733253301326914,0.03724862674223715,-0.002247537583430659,-0.002247537583431325,-0.002247537583430659
"Beta(2,2)",Common-clock STaR betting,3000,30,0.021501502418779548,0.02152073053866536,1.1776857895017476,1.1787389570017348,0.021501502418779548,0.02152073053866536,0.0008942686660360355,0.0008942686660358135,0.0008942686660360355
"Beta(2,2)",Common-clock STaR betting,10000,30,0.011691332243009993,0.011690297876344413,1.1691332243010035,1.1690297876344462,0.011691332243009993,0.011690297876344413,-8.847295107872188e-05,-8.847295107805575e-05,-8.847295107872188e-05
"Beta(2,2)",Common-clock STaR betting,30000,30,0.006827457688980127,0.006826983985894757,1.1825503603840462,1.1824683126028914,0.006827457688980127,0.006826983985894757,-6.938206092932386e-05,-6.938206092810262e-05,-6.938206092932386e-05
"Beta(2,2)",Common-clock STaR betting,100000,30,0.0037264908003150836,0.0037259743023352267,1.1784198608659533,1.1782565298636283,0.0037264908003150836,0.0037259743023352267,-0.00013860170533985805,-0.0001386017053420785,-0.00013860170533985805
"Beta(2,2)",Common-clock STaR betting,300000,30,0.0021464912317868735,0.0021464804864903334,1.1756816671367492,1.1756757816954453,0.0021464912317868735,0.0021464804864903334,-5.005982032901812e-06,-5.0059820344561246e-06,-5.005982032901812e-06
"Beta(2,2)",Common-clock STaR betting,1000000,30,0.00117642337425539,0.00117639423369718,1.1764233742554364,1.17639423369722,0.00117642337425539,0.00117639423369718,-2.4770468563972692e-05,-2.4770468569523807e-05,-2.4770468563972692e-05
"Beta(2,2)",Common-clock STaR betting,3000000,30,0.0006780210689787333,0.00067802133121701,1.1743669400734205,1.1743673942834407,0.0006780210689787333,0.00067802133121701,3.867700999471424e-07,3.8677010127941003e-07,3.867700999471424e-07
"Beta(2,2)",Common-clock STaR betting,10000000,30,0.0003704881420742133,0.00037048814199303,1.1715863750387387,1.171586374782015,0.0003704881420742133,0.00037048814199303,-2.1912527348177946e-10,-2.1912494041487207e-10,-2.1912527348177946e-10
"Beta(2,2)",Efficient betting,1000,30,0.037172070340372704,0.03715787195313137,1.175484076195683,1.1750350837678465,0.037172070340372704,0.03715787195313137,-0.0003819638538108405,-0.00038196385381050746,-0.0003819638538108405
"Beta(2,2)",Efficient betting,3000,30,0.021315374750468807,0.021338962982789804,1.167491157250784,1.1687831379441733,0.021315374750468807,0.021338962982789804,0.0011066299606334873,0.0011066299606343755,0.0011066299606334873
"Beta(2,2)",Efficient betting,10000,30,0.011579940761768444,0.011574293070823173,1.1579940761768484,1.157429307082322,0.011579940761768444,0.011574293070823173,-0.00048771328467556163,-0.0004877132846748955,-0.00048771328467556163
"Beta(2,2)",Efficient betting,30000,30,0.006672807383800986,0.006667626967577494,1.1557641417864135,1.154866867376072,0.006672807383800986,0.006667626967577494,-0.0007763473341172444,-0.000776347334114913,-0.0007763473341172444
"Beta(2,2)",Efficient betting,100000,30,0.00364683622791201,0.003644288110773823,1.1532308733819019,1.1524250879917441,0.00364683622791201,0.003644288110773823,-0.0006987199256945908,-0.0006987199256942578,-0.0006987199256945908
"Beta(2,2)",Efficient betting,300000,30,0.0021048701753651833,0.0021048733116539133,1.1528848756674022,1.1528865934834773,0.0021048701753651833,0.0021048733116539133,1.4900152829344648e-06,1.4900152751629037e-06,1.4900152829344648e-06
"Beta(2,2)",Efficient betting,1000000,30,0.0011525230180450467,0.0011525447412914802,1.1525230180450967,1.152544741291537,0.0011525230180450467,0.0011525447412914802,1.8848427400852685e-05,1.884842740684789e-05,1.8848427400852685e-05
"Beta(2,2)",Efficient betting,3000000,30,0.0006652400143801633,0.0006652614131219766,1.1522295041343746,1.152266567842433,0.0006652400143801633,0.0006652614131219766,3.216694929775166e-05,3.216694931484909e-05,3.216694929775166e-05
"Beta(2,2)",Efficient betting,10000000,30,0.00036430991905811,0.00036431599405496663,1.152049118415378,1.15206832924222,0.00036430991905811,0.00036431599405496663,1.6675353974315854e-05,1.6675353971429274e-05,1.6675353974315854e-05
"Beta(2,2)",STaR betting,1000,30,0.037683097900123766,0.03758615256833297,1.1916441865549947,1.1885785059851985,,,-0.002572647611078671,-0.002572647611078449,
"Beta(2,2)",STaR betting,3000,30,0.02158038405553921,0.021600593021115798,1.1820063146843676,1.1831132053153819,,,0.000936450691729096,0.000936450691729096,
"Beta(2,2)",STaR betting,10000,30,0.011712351688483663,0.011711165988060266,1.171235168848372,1.1711165988060308,,,-0.00010123504270820316,-0.0001012350427094244,
"Beta(2,2)",STaR betting,30000,30,0.006835992736318146,0.00683551649860412,1.1840286739474915,1.1839461871557733,,,-6.96662112433799e-05,-6.966621124404604e-05,
"Beta(2,2)",STaR betting,100000,30,0.00372908933207618,0.0037285530681743337,1.179241588759689,1.1790720072240106,,,-0.00014380559275783966,-0.00014380559275961602,
"Beta(2,2)",STaR betting,300000,30,0.002147322284415677,0.00214731154033659,1.1761368534080172,1.1761309686335442,,,-5.003477663745315e-06,-5.003477661635891e-06,
"Beta(2,2)",STaR betting,1000000,30,0.00117658185767624,0.0011765507836020135,1.1765818576762845,1.1765507836020594,,,-2.6410465216453183e-05,-2.6410465215231937e-05,
"Beta(2,2)",STaR betting,3000000,30,0.0006781131321642867,0.0006781122776461634,1.174526398188295,1.1745249181194901,,,-1.2601409452583923e-06,-1.2601409445922584e-06,
"Beta(2,2)",STaR betting,10000000,30,0.00037053226649489334,0.0003705322664167567,1.1717259087085121,1.1717259084614196,,,-2.108767604980244e-10,-2.1087920298867857e-10,
"Beta(20,80)",Common-clock Efficient betting,1000,30,0.008215808954097206,0.0114425268307225,0.2598066911575311,0.36184446972671225,0.008215808954097206,0.0114425268307225,0.3927449986548357,0.39274499865483303,0.3927449986548357
"Beta(20,80)",Common-clock Efficient betting,3000,30,0.003941557300439357,0.0046838371258114,0.21588798451498253,0.25654432494870943,0.003941557300439357,0.0046838371258114,0.18832145996946514,0.1883214599694656,0.18832145996946514
"Beta(20,80)",Common-clock Efficient betting,10000,30,0.0020706414489320233,0.0021329408872048034,0.20706414489320746,0.2132940887204859,0.0020706414489320233,0.0021329408872048034,0.03008702366356686,0.03008702366356819,0.03008702366356686
"Beta(20,80)",Common-clock Efficient betting,30000,30,0.00119039864183123,0.0012081326219856234,0.2061830928912759,0.20925470835605892,0.00119039864183123,0.0012081326219856234,0.014897513766575443,0.01489751376657611,0.014897513766575443
"Beta(20,80)",Common-clock Efficient betting,100000,30,0.0006489970526010433,0.00065004159031036,0.2052308880955577,0.20556119992189414,0.0006489970526010433,0.00065004159031036,0.001609464488521839,0.0016094644885162879,0.001609464488521839
"Beta(20,80)",Common-clock Efficient betting,300000,30,0.00037434456689889,0.00037466522989735,0.2050369635700488,0.20521259792766752,0.00037434456689889,0.00037466522989735,0.0008565985106085972,0.000856598510632578,0.0008565985106085972
"Beta(20,80)",Common-clock Efficient betting,1000000,30,0.00020521389619911667,0.00020538516168567333,0.20521389619916988,0.20538516168572363,0.00020521389619911667,0.00020538516168567333,0.0008345706101231531,0.0008345706101087202,0.0008345706101231531
"Beta(20,80)",Common-clock Efficient betting,3000000,30,0.00011836302352794667,0.00011833162229395667,0.20501077048795668,0.20495638195526103,0.00011836302352794667,0.00011833162229395667,-0.0002652959771899388,-0.0002652959772123653,-0.0002652959771899388
"Beta(20,80)",Common-clock Efficient betting,10000000,30,6.485323477877595e-05,6.487090390431086e-05,0.20508393553057813,0.2051398102115319,6.485323477877595e-05,6.487090390431086e-05,0.00027244786779223595,0.000272447867792458,0.00027244786779223595
"Beta(20,80)",Common-clock STaR betting,1000,30,0.008023793342832746,0.011322656620356643,0.2537346243784791,0.35805384084311576,0.008023793342832746,0.011322656620356643,0.41113512481856307,0.41113512481856085,0.41113512481856307
"Beta(20,80)",Common-clock STaR betting,3000,30,0.003969151711229253,0.004715953734374247,0.21739939264005176,0.2583034240467531,0.003969151711229253,0.004715953734374247,0.18815154407733847,0.1881515440773387,0.18815154407733847
"Beta(20,80)",Common-clock STaR betting,10000,30,0.00207568983783245,0.0021443111385375533,0.20756898378324976,0.21443111385376076,0.00207568983783245,0.0021443111385375533,0.033059515662880345,0.03305951566288279,0.033059515662880345
"Beta(20,80)",Common-clock STaR betting,30000,30,0.0012115602952309534,0.0012271214985656966,0.209848398777326,0.2125436782575919,0.0012115602952309534,0.0012271214985656966,0.012843936365360076,0.012843936365346753,0.012843936365360076
"Beta(20,80)",Common-clock STaR betting,100000,30,0.0006609451270727933,0.0006618418386427867,0.209009200993961,0.2092927660905022,0.0006609451270727933,0.0006618418386427867,0.0013567110691392603,0.001356711069142813,0.0013567110691392603
"Beta(20,80)",Common-clock STaR betting,300000,30,0.00038284691635861665,0.00038348731197488,0.20969389216093667,0.2100446512856887,0.00038284691635861665,0.00038348731197488,0.001672719797130462,0.0016727197971164731,0.001672719797130462
"Beta(20,80)",Common-clock STaR betting,1000000,30,0.00020809671197730001,0.00020815453781744333,0.20809671197735316,0.20815453781748885,0.00020809671197730001,0.00020815453781744333,0.00027787964352654626,0.0002778796434899089,0.00027787964352654626
"Beta(20,80)",Common-clock STaR betting,3000000,30,0.00012117262916626666,0.00012116650480363666,0.20987715020275083,0.2098665424955277,0.00012117262916626666,0.00012116650480363666,-5.054245890467879e-05,-5.054245882840647e-05,-5.054245890467879e-05
"Beta(20,80)",Common-clock STaR betting,10000000,30,6.629108031160439e-05,6.62927188908563e-05,0.20963080233781445,0.20963598398037717,6.629108031160439e-05,6.62927188908563e-05,2.4717944619556675e-05,2.4717944619556675e-05,2.4717944619556675e-05
"Beta(20,80)",Efficient betting,1000,30,0.009022948410557436,0.012214916741069774,0.2853306818755773,0.3862695833110188,0.009022948410557436,0.012214916741069774,0.3537611194559782,0.3537611194559771,0.3537611194559782
"Beta(20,80)",Efficient betting,3000,30,0.004241679730649827,0.00494974256668319,0.23232636701893808,0.27110856576159276,0.004241679730649827,0.00494974256668319,0.16692982049469518,0.1669298204946894,0.16692982049469518
"Beta(20,80)",Efficient betting,10000,30,0.0021550994095733667,0.0022304797695088066,0.21550994095734194,0.22304797695088516,0.0021550994095733667,0.0022304797695088066,0.03497767184222944,0.03497767184222522,0.03497767184222944
"Beta(20,80)",Efficient betting,30000,30,0.0012111892895129135,0.0012305168014011267,0.20978413870197005,0.21313176195939718,0.0012111892895129135,0.0012305168014011267,0.01595746598451675,0.01595746598451342,0.01595746598451675
"Beta(20,80)",Efficient betting,100000,30,0.0006557955394633667,0.0006569517695932933,0.20738075840832235,0.2077463904793089,0.0006557955394633667,0.0006569517695932933,0.001763095447207208,0.0017630954471998805,0.001763095447207208
"Beta(20,80)",Efficient betting,300000,30,0.00037641397446828,0.0003767468638871033,0.20617042477647776,0.20635275582032442,0.00037641397446828,0.0003767468638871033,0.0008843705106684752,0.0008843705106797994,0.0008843705106684752
"Beta(20,80)",Efficient betting,1000000,30,0.00020572240111476332,0.00020589802049534667,0.2057224011148125,0.205898020495406,0.00020572240111476332,0.00020589802049534667,0.0008536716450504578,0.0008536716450995296,0.0008536716450504578
"Beta(20,80)",Efficient betting,3000000,30,0.00011848073732163,0.00011844819043340666,0.20521465675936712,0.20515828389533913,0.00011848073732163,0.00011844819043340666,-0.0002747019385520577,-0.0002747019385369587,-0.0002747019385520577
"Beta(20,80)",Efficient betting,10000000,30,6.486790898210896e-05,6.488546934686201e-05,0.2051303394359589,0.20518587018512188,6.486790898210896e-05,6.488546934686201e-05,0.00027070958550390323,0.00027070958550390323,0.00027070958550390323
"Beta(20,80)",STaR betting,1000,30,0.00872946707785729,0.01200837514295197,0.276049987254836,0.3797381644947841,,,0.37561377296579623,0.37561377296579335,
"Beta(20,80)",STaR betting,3000,30,0.004226128402660776,0.004946700502003353,0.2314745857050613,0.27094194501693936,,,0.17050407150168545,0.17050407150168234,
"Beta(20,80)",STaR betting,10000,30,0.00214216804912585,0.002218494502888757,0.2142168049125899,0.22184945028887995,,,0.03563046969823547,0.03563046969823169,
"Beta(20,80)",STaR betting,30000,30,0.00122715977943201,0.0012436400140493633,0.21255030869813324,0.2154047690659265,,,0.01342957526279176,0.01342957526280153,
"Beta(20,80)",STaR betting,100000,30,0.0006657094545958899,0.0006666318625569666,0.210515813643162,0.21080750465205228,,,0.0013856014132120897,0.0013856014132256345,
"Beta(20,80)",STaR betting,300000,30,0.00038424190793443663,0.00038491072315851335,0.21045796051454677,0.2108242856995731,,,0.0017406097832275425,0.0017406097832113332,
"Beta(20,80)",STaR betting,1000000,30,0.00020834574746391666,0.00020840470685343666,0.20834574746396253,0.20840470685348775,,,0.000282988207043644,0.00028298820706873506,
"Beta(20,80)",STaR betting,3000000,30,0.00012116055114477667,0.00012115462550080001,0.20985623045588905,0.2098459669394527,,,-4.890737059770611e-05,-4.890737060347927e-05,
"Beta(20,80)",STaR betting,10000000,30,6.62795441629079e-05,6.628129158671817e-05,0.2095943218325071,0.20959984767178522,,,2.6364451239713205e-05,2.636445123993525e-05,
"Beta(50,50)",Common-clock Efficient betting,1000,30,0.0087095882138564,0.010891034644948902,0.2754213623794411,0.3444047555384193,0.0087095882138564,0.010891034644948902,0.25046493330441955,0.25046493330441644,0.25046493330441955
"Beta(50,50)",Common-clock Efficient betting,3000,30,0.004709842441439043,0.00498095792535058,0.2579686947471398,0.27281830136986757,0.004709842441439043,0.00498095792535058,0.057563599479710126,0.05756359947970946,0.057563599479710126
"Beta(50,50)",Common-clock Efficient betting,10000,30,0.0025733806278070634,0.0026104124133567003,0.25733806278071086,0.261041241335674,0.0025733806278070634,0.0026104124133567003,0.014390325764282341,0.014390325764279899,0.014390325764282341
"Beta(50,50)",Common-clock Efficient betting,30000,30,0.0014918829234797234,0.0015031858754655867,0.2584017022411366,0.26035943095263725,0.0014918829234797234,0.0015031858754655867,0.007576299592933156,0.00757629959292494,0.007576299592933156
"Beta(50,50)",Common-clock Efficient betting,100000,30,0.0008106788878214867,0.0008104392270535933,0.25635917365281985,0.2562833862635868,0.0008106788878214867,0.0008104392270535933,-0.0002956297141737396,-0.0002956297141746278,-0.0002956297141737396
"Beta(50,50)",Common-clock Efficient betting,300000,30,0.00046820159441171664,0.00046851987205118667,0.2564445747192088,0.2566189025618959,0.00046820159441171664,0.00046851987205118667,0.0006797876027524463,0.0006797876027520022,0.0006797876027524463
"Beta(50,50)",Common-clock Efficient betting,1000000,30,0.00025656869893814335,0.00025685032434548,0.2565686989381958,0.25685032434552924,0.00025656869893814335,0.00025685032434548,0.0010976608156108014,0.0010976608155981449,0.0010976608156108014
"Beta(50,50)",Common-clock Efficient betting,3000000,30,0.00014801515124641333,0.00014803747273969,0.2563697622488625,0.25640842420933974,0.00014801515124641333,0.00014803747273969,0.00015080546206736045,0.0001508054621501831,0.00015080546206736045
"Beta(50,50)",Common-clock Efficient betting,10000000,30,8.105709706981434e-05,8.107037898287077e-05,0.2563250472619737,0.25636704835891627,8.105709706981434e-05,8.107037898287077e-05,0.00016385873090163372,0.00016385873090141168,0.00016385873090163372
"Beta(50,50)",Common-clock STaR betting,1000,30,0.008705210467702161,0.010911870751194909,0.2752829258907861,0.3450636510714859,0.008705210467702161,0.010911870751194909,0.2534872984036216,0.2534872984036216,0.2534872984036216
"Beta(50,50)",Common-clock STaR betting,3000,30,0.00474718684478049,0.0049694666363810334,0.2600141319578078,0.2721888975515246,0.00474718684478049,0.0049694666363810334,0.04682347648585594,0.046823476485856386,0.04682347648585594
"Beta(50,50)",Common-clock STaR betting,10000,30,0.0026170477292612035,0.00264646945864773,0.26170477292612626,0.264646945864778,0.0026170477292612035,0.00264646945864773,0.011242335803647086,0.01124233580364331,0.011242335803647086
"Beta(50,50)",Common-clock STaR betting,30000,30,0.0015082753131298633,0.0015159490406703535,0.2612409474142872,0.2625700760126425,0.0015082753131298633,0.0015159490406703535,0.005087749878081693,0.005087749878075032,0.005087749878081693
"Beta(50,50)",Common-clock STaR betting,100000,30,0.0008283170824355799,0.0008288176770595634,0.26193686053220405,0.26209516245182624,0.0008283170824355799,0.0008288176770595634,0.0006043514429421304,0.0006043514429414643,0.0006043514429421304
"Beta(50,50)",Common-clock STaR betting,300000,30,0.00047598293149082996,0.0004762132535066833,0.2607065885649929,0.2608327411285631,0.00047598293149082996,0.0004762132535066833,0.0004838871325321126,0.00048388713252145443,0.0004838871325321126
"Beta(50,50)",Common-clock STaR betting,1000000,30,0.00026053696101693,0.0002605813869700167,0.26053696101697904,0.2605813869700712,0.00026053696101693,0.0002605813869700167,0.00017051689293245964,0.00017051689295355388,0.00017051689293245964
"Beta(50,50)",Common-clock STaR betting,3000000,30,0.00014927153755986002,0.00014927633048290333,0.2585458871776811,0.2585541887639126,0.00014927153755986002,0.00014927633048290333,3.210875376291611e-05,3.2108753777126964e-05,3.210875376291611e-05
"Beta(50,50)",Common-clock STaR betting,10000000,30,8.260541392338487e-05,8.260647001651818e-05,0.26122125505888194,0.2612245947186045,8.260541392338487e-05,8.260647001651818e-05,1.278479318922443e-05,1.278479318922443e-05,1.278479318922443e-05
"Beta(50,50)",Efficient betting,1000,30,0.00962511653407762,0.0118771420296774,0.3043729099223113,0.37558820907095886,0.00962511653407762,0.0118771420296774,0.23397384204404248,0.2339738420440396,0.23397384204404248
"Beta(50,50)",Efficient betting,3000,30,0.004976283874550597,0.005295282421447409,0.27256229306405966,0.29003456305873515,0.004976283874550597,0.005295282421447409,0.06410376798000117,0.06410376798000095,0.06410376798000117
"Beta(50,50)",Efficient betting,10000,30,0.0026520097639668233,0.00269399848764546,0.26520097639668666,0.2693998487645521,0.0026520097639668233,0.00269399848764546,0.01583279377366642,0.01583279377367286,0.01583279377366642
"Beta(50,50)",Efficient betting,30000,30,0.0015185847781554165,0.0015310423656024732,0.26302659913659737,0.2651843165764001,0.0015185847781554165,0.0015310423656024732,0.008203419148049562,0.008203419148046676,0.008203419148049562
"Beta(50,50)",Efficient betting,100000,30,0.0008183482996200899,0.00081810939492892,0.2587844546125513,0.25870890631577553,0.0008183482996200899,0.00081810939492892,-0.00029193522034665076,-0.00029193522033177377,-0.00029193522034665076
"Beta(50,50)",Efficient betting,300000,30,0.0004707536494530067,0.00047108662770307,0.25784239283331717,0.25802477253203554,0.0004707536494530067,0.00047108662770307,0.000707330151237695,0.0007073301512381391,0.000707330151237695
"Beta(50,50)",Efficient betting,1000000,30,0.00025733615578371334,0.00025762139999886,0.2573361557837772,0.25762139999890665,0.00025733615578371334,0.00025762139999886,0.0011084498184017466,0.001108449818334467,0.0011084498184017466
"Beta(50,50)",Efficient betting,3000000,30,0.00014826879793999333,0.00014829196679113,0.25680909120931533,0.25684922083662903,0.00014826879793999333,0.00014829196679113,0.0001562624871758178,0.00015626248714450952,0.0001562624871758178
"Beta(50,50)",Efficient betting,10000000,30,8.113321242349536e-05,8.114600619030429e-05,0.25656574514451497,0.25660620258748423,8.113321242349536e-05,8.114600619030429e-05,0.00015768840437568876,0.00015768840437546672,0.00015768840437568876
"Beta(50,50)",STaR betting,1000,30,0.00947269594038852,0.011746735243537967,0.29955294753858447,0.3714643844055283,,,0.24006252469834655,0.24006252469834632,
"Beta(50,50)",STaR betting,3000,30,0.00495362710240517,0.005242094749361206,0.2713213305456291,0.28712135428045493,,,0.058233621746775155,0.05823362174677471,
"Beta(50,50)",STaR betting,10000,30,0.0026781801608408234,0.00271227686312405,0.26781801608408795,0.2712276863124102,,,0.012731295221200423,0.012731295221198646,
"Beta(50,50)",STaR betting,30000,30,0.0015271052650487732,0.00153561229925239,0.26450239075704907,0.26597585230328835,,,0.005570692733709581,0.005570692733710247,
"Beta(50,50)",STaR betting,100000,30,0.0008336734496809366,0.0008341901403877034,0.2636306925801697,0.2637940845280903,,,0.0006197758930244213,0.0006197758930170938,
"Beta(50,50)",STaR betting,300000,30,0.0004779643902415767,0.00047820128293047,0.26179187821954025,0.261921629688958,,,0.0004956283223811475,0.0004956283223918057,
"Beta(50,50)",STaR betting,1000000,30,0.00026104525621927665,0.00026109064424504003,0.26104525621932584,0.2610906442450896,,,0.00017387033352278536,0.00017387033352411763,
"Beta(50,50)",STaR betting,3000000,30,0.00014944365327975332,0.00014944802219427333,0.258844000349314,0.2588515675312413,,,2.9234527021637646e-05,2.9234527039845304e-05,
"Beta(50,50)",STaR betting,10000000,30,8.268173508183171e-05,8.268277521702265e-05,0.26146260375323654,0.26146589294951444,,,1.2579987465288767e-05,1.2579987465510811e-05,
"Uniform(0,1)",Common-clock Efficient betting,1000,30,0.04727964315868981,0.047575464445274794,1.4951135934145765,1.504468283874276,0.04727964315868981,0.047575464445274794,0.00625684262446935,0.006256842624469128,0.00625684262446935
"Uniform(0,1)",Common-clock Efficient betting,3000,30,0.027235279685560606,0.027272200983345953,1.4917377043743774,1.4937599671393176,0.027235279685560606,0.027272200983345953,0.0013556423217098157,0.0013556423217098157,0.0013556423217098157
"Uniform(0,1)",Common-clock Efficient betting,10000,30,0.014903465803680273,0.014908995024004047,1.4903465803680327,1.4908995024004101,0.014903465803680273,0.014908995024004047,0.00037100231560960317,0.00037100231560960317,0.00037100231560960317
"Uniform(0,1)",Common-clock Efficient betting,30000,30,0.00858778693920017,0.008582946641492596,1.4874483303271202,1.4866099661717909,0.00858778693920017,0.008582946641492596,-0.000563625732897588,-0.0005636257328985872,-0.000563625732897588
"Uniform(0,1)",Common-clock Efficient betting,100000,30,0.0047018165549839305,0.00469889417141339,1.4868449454035682,1.4859208065756142,0.0047018165549839305,0.00469889417141339,-0.0006215435111867063,-0.0006215435111850409,-0.0006215435111867063
"Uniform(0,1)",Common-clock Efficient betting,300000,30,0.0027165797694936266,0.002716787103432103,1.4879320190138674,1.4880455804889126,0.0027165797694936266,0.002716787103432103,7.632168243487669e-05,7.63216824384294e-05,7.632168243487669e-05
"Uniform(0,1)",Common-clock Efficient betting,1000000,30,0.0014873793780511132,0.0014875285781152233,1.4873793780511586,1.4875285781152676,0.0014873793780511132,0.0014875285781152233,0.00010031069834082196,0.00010031069834015582,0.00010031069834082196
"Uniform(0,1)",Common-clock Efficient betting,3000000,30,0.0008586889442083266,0.0008587279349034066,1.487292879266572,1.4873604131314921,0.0008586889442083266,0.0008587279349034066,4.5407240122363746e-05,4.540724013502029e-05,4.5407240122363746e-05
"Uniform(0,1)",Common-clock Efficient betting,10000000,30,0.00047028578074365335,0.00047026850449592337,1.48717421834068,1.4871195860484243,0.00047028578074365335,0.00047026850449592337,-3.673563700490323e-05,-3.673563701001026e-05,-3.673563700490323e-05
"Uniform(0,1)",Common-clock STaR betting,1000,30,0.04808725775668827,0.04822308095520594,1.5206526094273407,1.524947716091391,0.04808725775668827,0.04822308095520594,0.002824515367561675,0.002824515367561675,0.002824515367561675
"Uniform(0,1)",Common-clock STaR betting,3000,30,0.027871713372073073,0.02788793008532271,1.5265966130202828,1.5274848389858242,0.027871713372073073,0.02788793008532271,0.0005818340994381277,0.0005818340994376836,0.0005818340994381277
"Uniform(0,1)",Common-clock STaR betting,10000,30,0.015211528428982107,0.0152124227839313,1.5211528428982157,1.521242278393135,0.015211528428982107,0.0152124227839313,5.879454871138279e-05,5.879454871138279e-05,5.879454871138279e-05
"Uniform(0,1)",Common-clock STaR betting,30000,30,0.008716567157575458,0.008717054395607616,1.5097537184507006,1.5098381105534073,0.008716567157575458,0.008717054395607616,5.589792671245597e-05,5.5897926711789836e-05,5.589792671245597e-05
"Uniform(0,1)",Common-clock STaR betting,100000,30,0.0047892437255630605,0.00478882757674583,1.5144918442449788,1.514360246434176,0.0047892437255630605,0.00478882757674583,-8.689238658066145e-05,-8.689238658021736e-05,-8.689238658066145e-05
"Uniform(0,1)",Common-clock STaR betting,300000,30,0.002789178832218833,0.0027891842210711567,1.527696163322203,1.5276991149181778,0.002789178832218833,0.0027891842210711567,1.932056941322813e-06,1.9320569402125898e-06,1.932056941322813e-06
"Uniform(0,1)",Common-clock STaR betting,1000000,30,0.0015144096596454266,0.0015144155298740499,1.514409659645477,1.5144155298741024,0.0015144096596454266,0.0015144155298740499,3.876248798162507e-06,3.876248799716819e-06,3.876248798162507e-06
"Uniform(0,1)",Common-clock STaR betting,3000000,30,0.0008730525625639133,0.0008730467956631233,1.5121713960389915,1.5121614074738206,0.0008730525625639133,0.0008730467956631233,-6.6054451213215515e-06,-6.605445121543596e-06,-6.6054451213215515e-06
"Uniform(0,1)",Common-clock STaR betting,10000000,30,0.00048008392883117,0.00048008392880526996,1.518158683148824,1.5181586830669282,0.00048008392883117,0.00048008392880526996,-5.394895641330777e-11,-5.394418245430188e-11,-5.394895641330777e-11
"Uniform(0,1)",Efficient betting,1000,30,0.047702228052186234,0.04801598609547382,1.5084769010968602,1.518398801606725,0.047702228052186234,0.04801598609547382,0.006577429526862577,0.006577429526862577,0.006577429526862577
"Uniform(0,1)",Efficient betting,3000,30,0.027360136171601972,0.027398025079695153,1.4985763757599464,1.5006516367241336,0.027360136171601972,0.027398025079695153,0.0013848216198757424,0.0013848216198755203,0.0013848216198757424
"Uniform(0,1)",Efficient betting,10000,30,0.01494040515308841,0.014946067671031597,1.4940405153088463,1.4946067671031642,0.01494040515308841,0.014946067671031597,0.0003790069871041357,0.00037900698710369163,0.0003790069871041357
"Uniform(0,1)",Efficient betting,30000,30,0.008600034050437976,0.008595128301730932,1.489569592218101,1.488719891617126,0.008600034050437976,0.008595128301730932,-0.0005704336376195496,-0.0005704336376185504,-0.0005704336376195496
"Uniform(0,1)",Efficient betting,100000,30,0.0047055265238418196,0.00470260602579954,1.4880181405674948,1.4870945979959262,0.0047055265238418196,0.00470260602579954,-0.0006206527638260573,-0.0006206527638273895,-0.0006206527638260573
"Uniform(0,1)",Efficient betting,300000,30,0.0027178185489094334,0.0027180245479075265,1.488610526443679,1.488723356741757,0.0027178185489094334,0.0027180245479075265,7.579571424143339e-05,7.579571424076725e-05,7.579571424143339e-05
"Uniform(0,1)",Efficient betting,1000000,30,0.0014877485274497634,0.0014879088839762,1.487748527449817,1.4879088839762487,0.0014877485274497634,0.0014879088839762,0.00010778469847405603,0.0001077846984709474,0.00010778469847405603
"Uniform(0,1)",Efficient betting,3000000,30,0.00085881262511304,0.0008588544973211967,1.4875071008774823,1.4875796256694307,0.00085881262511304,0.0008588544973211967,4.875592991093747e-05,4.875592990827293e-05,4.875592991093747e-05
"Uniform(0,1)",Efficient betting,10000000,30,0.0004703240399232567,0.00047030713508379,1.4872952044896206,1.4872417466934134,0.0004703240399232567,0.00047030713508379,-3.594296279096909e-05,-3.594296279973985e-05,-3.594296279096909e-05
"Uniform(0,1)",STaR betting,1000,30,0.048320826507783535,0.0484639505437186,1.5280387018643606,1.5325646812790663,,,0.0029619533910911766,0.0029619533910911766,
"Uniform(0,1)",STaR betting,3000,30,0.027937958945026504,0.027954702048632932,1.5302250324844275,1.5311420900372166,,,0.0005992958769598378,0.0005992958769600598,
"Uniform(0,1)",STaR betting,10000,30,0.0152170603915179,0.015218139246655826,1.521706039151795,1.521813924665587,,,7.089773649893161e-05,7.089773649870956e-05,
"Uniform(0,1)",STaR betting,30000,30,0.008724300806798296,0.008724765850629094,1.5110932257888874,1.511173773743156,,,5.330442417061931e-05,5.330442417061931e-05,
"Uniform(0,1)",STaR betting,100000,30,0.00479218382028789,0.0047917732525253895,1.5154215838316922,1.5152917509053572,,,-8.567446030804948e-05,-8.567446030882664e-05,
"Uniform(0,1)",STaR betting,300000,30,0.00279018117285412,0.0027901777079921467,1.5282451678984545,1.52824327011539,,,-1.2418053734197798e-06,-1.2418053754181813e-06,
"Uniform(0,1)",STaR betting,1000000,30,0.0015147635760451698,0.0015147693014106432,1.5147635760452194,1.5147693014106938,,,3.7797089684765695e-06,3.7797089691427033e-06,
"Uniform(0,1)",STaR betting,3000000,30,0.0008731346732188533,0.0008731291600402233,1.512313615865181,1.5123040667596888,,,-6.314236278837093e-06,-6.3142362749513126e-06,
"Uniform(0,1)",STaR betting,10000000,30,0.00048012766915726666,0.00048012827260989334,1.5182970022049105,1.518298910489677,,,1.256858676246253e-06,1.256858680243056e-06,
"Uniform(0.45,0.55)",Common-clock Efficient betting,1000,30,0.006000874837239503,0.009362859497070252,0.18976432439269178,0.2960796142288078,0.006000874837239503,0.009362859497070252,0.5602490888440719,0.5602490888440697,0.5602490888440719
"Uniform(0.45,0.55)",Common-clock Efficient betting,3000,30,0.0029668002098376636,0.003759112124048283,0.16249833985391754,0.20589505065324276,0.0029668002098376636,0.003759112124048283,0.26705941019667545,0.2670594101966699,0.26705941019667545
"Uniform(0.45,0.55)",Common-clock Efficient betting,10000,30,0.0015097222478606934,0.00158561551793893,0.15097222478607433,0.15856155179389797,0.0015097222478606934,0.00158561551793893,0.0502696904584794,0.0502696904584774,0.0502696904584794
"Uniform(0.45,0.55)",Common-clock Efficient betting,30000,30,0.0008644513609605333,0.0008743861198676234,0.14972736778557894,0.15144811850438156,0.0008644513609605333,0.0008743861198676234,0.011492559738758734,0.01149255973875718,0.011492559738758734
"Uniform(0.45,0.55)",Common-clock Efficient betting,100000,30,0.00047020862948992,0.00047069115441581664,0.14869302446545138,0.14884561224481702,0.00047020862948992,0.00047069115441581664,0.0010261932589796796,0.0010261932589923362,0.0010261932589796796
"Uniform(0.45,0.55)",Common-clock Efficient betting,300000,30,0.0002716907740070166,0.0002720830522707533,0.1488111655897023,0.14902602524357714,0.0002716907740070166,0.0002720830522707533,0.0014438409444355038,0.0014438409444841316,0.0014438409444355038
"Uniform(0.45,0.55)",Common-clock Efficient betting,1000000,30,0.00014874475323213665,0.00014880907124053332,0.14874475323218467,0.1488090712405798,0.00014874475323213665,0.00014880907124053332,0.0004324052243798171,0.000432405224369381,0.0004324052243798171
"Uniform(0.45,0.55)",Common-clock Efficient betting,3000000,30,8.592238087362277e-05,8.59964688564252e-05,0.1488219291803989,0.14895025333084302,8.592238087362277e-05,8.59964688564252e-05,0.0008622664089277254,0.0008622664089279475,0.0008622664089277254
"Uniform(0.45,0.55)",Common-clock Efficient betting,10000000,30,4.70270936880642e-05,4.702659514035923e-05,0.1487127277924108,0.14871115124614084,4.70270936880642e-05,4.702659514035923e-05,-1.0601286745015592e-05,-1.060128674490457e-05,-1.0601286745015592e-05
"Uniform(0.45,0.55)",Common-clock STaR betting,1000,30,0.005950895182291613,0.009345765787760384,0.18818382892964536,0.29553906367800725,0.005950895182291613,0.009345765787760384,0.5704806590395111,0.5704806590395068,0.5704806590395111
"Uniform(0.45,0.55)",Common-clock STaR betting,3000,30,0.0029574590875439564,0.003767060693001153,0.16198670551465,0.20633041170477998,0.0029574590875439564,0.003767060693001153,0.27374904656061916,0.2737490465606114,0.27374904656061916
"Uniform(0.45,0.55)",Common-clock STaR betting,10000,30,0.00152126388729857,0.0015980592421620233,0.1521263887298607,0.15980592421620823,0.00152126388729857,0.0015980592421620233,0.050481284348256494,0.05048128434826982,0.050481284348256494
"Uniform(0.45,0.55)",Common-clock STaR betting,30000,30,0.0008805653426814767,0.0008911739057366567,0.15251839129087108,0.1543558483115573,0.0008805653426814767,0.0008911739057366567,0.012047445590891659,0.012047445590885886,0.012047445590891659
"Uniform(0.45,0.55)",Common-clock STaR betting,100000,30,0.00047799016849086,0.00047794631551489663,0.1511537631598908,0.15113989563127042,0.00047799016849086,0.00047794631551489663,-9.174451454063703e-05,-9.174451452920174e-05,-9.174451454063703e-05
"Uniform(0.45,0.55)",Common-clock STaR betting,300000,30,0.00027748464854850997,0.0002775542349917833,0.15198460137143505,0.15202271543611698,0.00027748464854850997,0.0002775542349917833,0.0002507758307976893,0.0002507758308276653,0.0002507758307976893
"Uniform(0.45,0.55)",Common-clock STaR betting,1000000,30,0.00015067845232765332,0.00015066241630599668,0.1506784523277071,0.1506624163060373,0.00015067845232765332,0.00015066241630599668,-0.00010642544709560386,-0.0001064254471828674,-0.00010642544709560386
"Uniform(0.45,0.55)",Common-clock STaR betting,3000000,30,8.789038745453485e-05,8.791561596942683e-05,0.15223061656816855,0.15227431363776098,8.789038745453485e-05,8.791561596942683e-05,0.0002870452119128064,0.0002870452119128064,0.0002870452119128064
"Uniform(0.45,0.55)",Common-clock STaR betting,10000000,30,4.76948880998936e-05,4.769180581031633e-05,0.1508244791425242,0.15081473208705182,4.76948880998936e-05,4.769180581031633e-05,-6.46251558619193e-05,-6.46251558619193e-05,-6.46251558619193e-05
"Uniform(0.45,0.55)",Efficient betting,1000,30,0.007051667472607913,0.010344805263363767,0.22299330515564186,0.32713146583127645,0.007051667472607913,0.010344805263363767,0.4670012877873204,0.46700128778731553,0.4670012877873204
"Uniform(0.45,0.55)",Efficient betting,3000,30,0.0032911484603810335,0.00410907415392121,0.1802636251849117,0.2250632604564123,0.0032911484603810335,0.00410907415392121,0.2485228798963024,0.2485228798962953,0.2485228798963024
"Uniform(0.45,0.55)",Efficient betting,10000,30,0.00159167463827461,0.0016799658295336168,0.1591674638274659,0.16799658295336617,0.00159167463827461,0.0016799658295336168,0.05547062768727362,0.05547062768726918,0.05547062768727362
"Uniform(0.45,0.55)",Efficient betting,30000,30,0.0008909990848288567,0.0009023601071334401,0.1543255684421041,0.15629335522784954,0.0008909990848288567,0.0009023601071334401,0.012750879880831345,0.012750879880825794,0.012750879880831345
"Uniform(0.45,0.55)",Efficient betting,100000,30,0.00047792036365937,0.00047844491348864667,0.15113168893397352,0.1512975661546478,0.00047792036365937,0.00047844491348864667,0.0010975674383495448,0.0010975674383333356,0.0010975674383495448
"Uniform(0.45,0.55)",Efficient betting,300000,30,0.0002742787959849233,0.00027469215504177,0.15022868360632474,0.1504550896861055,0.0002742787959849233,0.00027469215504177,0.0015070762410283045,0.001507076241006322,0.0015070762410283045
"Uniform(0.45,0.55)",Efficient betting,1000000,30,0.00014952060017154668,0.00014958550557848333,0.14952060017160426,0.14958550557852923,0.00014952060017154668,0.00014958550557848333,0.0004340900642598733,0.0004340900641817136,0.0004340900642598733
"Uniform(0.45,0.55)",Efficient betting,3000000,30,8.618200345307803e-05,8.62572696419317e-05,0.1492716086788075,0.14940197354199417,8.618200345307803e-05,8.62572696419317e-05,0.0008733399763054539,0.000873339976305676,0.0008733399763054539
"Uniform(0.45,0.55)",Efficient betting,10000000,30,4.710466187421621e-05,4.710400088647759e-05,0.1489580199346191,0.1489559297078596,4.710466187421621e-05,4.710400088647759e-05,-1.4032321055235109e-05,-1.4032321055457153e-05,-1.4032321055235109e-05
"Uniform(0.45,0.55)",STaR betting,1000,30,0.006801822458902943,0.01019769583129876,0.21509251210220456,0.3224794571250847,,,0.4992593371723397,0.4992593371723397,
"Uniform(0.45,0.55)",STaR betting,3000,30,0.0032235546830265633,0.00406560537945078,0.17656136152450957,0.22268237762395718,,,0.2612180587033266,0.2612180587033208,
"Uniform(0.45,0.55)",STaR betting,10000,30,0.0015794004621048267,0.00166969636955269,0.15794004621048774,0.16696963695527495,,,0.05717100229762373,0.05717100229762773,
"Uniform(0.45,0.55)",STaR betting,30000,30,0.0009001432394449934,0.00091264377360016,0.1559093824808455,0.15807453850869443,,,0.013887272166676734,0.01388727216666985,
"Uniform(0.45,0.55)",STaR betting,100000,30,0.00048327650684551997,0.00048324381721626,0.1528254501281969,0.1528151127597597,,,-6.764166847950115e-05,-6.764166850825593e-05,
"Uniform(0.45,0.55)",STaR betting,300000,30,0.00027930472668631336,0.0002793902424663333,0.15298149922393642,0.1530283381456741,,,0.0003061737659599828,0.0003061737659475483,
"Uniform(0.45,0.55)",STaR betting,1000000,30,0.00015123624886937998,0.00015121925872988332,0.1512362488694259,0.1512192587299343,,,-0.00011234171452723096,-0.00011234171449381325,
"Uniform(0.45,0.55)",STaR betting,3000000,30,8.807888327170647e-05,8.810456109380656e-05,0.15255710090052402,0.1526015761930291,,,0.0002915321033405416,0.0002915321033407636,
"Uniform(0.45,0.55)",STaR betting,10000000,30,4.7743091685749826e-05,4.7740134766210975e-05,0.1509769122652173,0.1509675616646167,,,-6.19339769262206e-05,-6.193397692610958e-05,
