distribution,n,sampling_fraction,method,normalized_mean_width,normalized_standard_error,num_simulations
"Uniform(0,1)",10,0.01,Stitched bridge-efficient,1.8950503499903326,0.0270597820001059,40
"Uniform(0,1)",20,0.02,Stitched bridge-efficient,1.724795372888299,0.01960394851752739,40
"Uniform(0,1)",40,0.04,Stitched bridge-efficient,1.669403794894005,0.01882652499288906,40
"Uniform(0,1)",75,0.075,Stitched bridge-efficient,1.6277438118596301,0.01522861294210664,40
"Uniform(0,1)",125,0.125,Stitched bridge-efficient,1.63126409198332,0.010497676062944546,40
"Uniform(0,1)",200,0.2,Stitched bridge-efficient,1.5952222166940522,0.013158083449020499,40
"Uniform(0,1)",350,0.35,Stitched bridge-efficient,1.5982069772304723,0.013646969524319649,40
"Uniform(0,1)",500,0.5,Stitched bridge-efficient,1.6348684833328844,0.011337197975214024,40
"Uniform(0,1)",650,0.65,Stitched bridge-efficient,1.6242979682335033,0.014654074407206435,40
"Uniform(0,1)",800,0.8,Stitched bridge-efficient,1.6329600303223089,0.011797782794666572,40
"Uniform(0,1)",900,0.9,Stitched bridge-efficient,1.654868648677283,0.009122812947959268,40
"Uniform(0,1)",950,0.95,Stitched bridge-efficient,1.6561268949890995,0.013668891394718037,40
"Uniform(0,1)",10,0.01,Hedged-WoR,1.5327186869205183,0.013013951225947352,40
"Uniform(0,1)",20,0.02,Hedged-WoR,1.46948465365092,0.012996629929612457,40
"Uniform(0,1)",40,0.04,Hedged-WoR,1.424414380454338,0.01752661641022013,40
"Uniform(0,1)",75,0.075,Hedged-WoR,1.4414253308237979,0.013747874787306226,40
"Uniform(0,1)",125,0.125,Hedged-WoR,1.4960585572503489,0.011579999365964561,40
"Uniform(0,1)",200,0.2,Hedged-WoR,1.5589084174754437,0.012551752016061485,40
"Uniform(0,1)",350,0.35,Hedged-WoR,1.6902890465894944,0.015062475645879803,40
"Uniform(0,1)",500,0.5,Hedged-WoR,1.8545556159804768,0.01109264893171572,40
"Uniform(0,1)",650,0.65,Hedged-WoR,2.055334641409399,0.010029940145903195,40
"Uniform(0,1)",800,0.8,Hedged-WoR,2.4060707121998677,0.009485888160603072,40
"Uniform(0,1)",900,0.9,Hedged-WoR,2.925111361587311,0.009742341192362098,40
"Uniform(0,1)",950,0.95,Hedged-WoR,3.595379501198439,0.010193657577704908,40
"Beta(0.5,0.5)",10,0.01,Stitched bridge-efficient,1.7892236426864976,0.029483986461238617,40
"Beta(0.5,0.5)",20,0.02,Stitched bridge-efficient,1.649261967298343,0.023272867664094615,40
"Beta(0.5,0.5)",40,0.04,Stitched bridge-efficient,1.6180900595120484,0.014949639410569978,40
"Beta(0.5,0.5)",75,0.075,Stitched bridge-efficient,1.5959072374415293,0.016440942309286503,40
"Beta(0.5,0.5)",125,0.125,Stitched bridge-efficient,1.603913675737062,0.011875102464672537,40
"Beta(0.5,0.5)",200,0.2,Stitched bridge-efficient,1.5989552001830485,0.01188305679238606,40
"Beta(0.5,0.5)",350,0.35,Stitched bridge-efficient,1.603389776770198,0.014550914069443427,40
"Beta(0.5,0.5)",500,0.5,Stitched bridge-efficient,1.6264024525824166,0.013353078136414209,40
"Beta(0.5,0.5)",650,0.65,Stitched bridge-efficient,1.6028764003079026,0.011358218340319531,40
"Beta(0.5,0.5)",800,0.8,Stitched bridge-efficient,1.6342360394696507,0.013104241351108662,40
"Beta(0.5,0.5)",900,0.9,Stitched bridge-efficient,1.6311187618916922,0.013412620676807098,40
"Beta(0.5,0.5)",950,0.95,Stitched bridge-efficient,1.659003350626802,0.0151370333708853,40
"Beta(0.5,0.5)",10,0.01,Hedged-WoR,1.400804601977064,0.019083405524362294,40
"Beta(0.5,0.5)",20,0.02,Hedged-WoR,1.3820744338159536,0.020104981058022685,40
"Beta(0.5,0.5)",40,0.04,Hedged-WoR,1.4111894898438042,0.018184532273406988,40
"Beta(0.5,0.5)",75,0.075,Hedged-WoR,1.4403896437846835,0.017950311582779644,40
"Beta(0.5,0.5)",125,0.125,Hedged-WoR,1.5223254723078896,0.015228553837852434,40
"Beta(0.5,0.5)",200,0.2,Hedged-WoR,1.6109486892061469,0.013992568629914479,40
"Beta(0.5,0.5)",350,0.35,Hedged-WoR,1.76118220490394,0.014346822527684324,40
"Beta(0.5,0.5)",500,0.5,Hedged-WoR,1.9376050273638306,0.011477315004304961,40
"Beta(0.5,0.5)",650,0.65,Hedged-WoR,2.149818803859675,0.01130678668948059,40
"Beta(0.5,0.5)",800,0.8,Hedged-WoR,2.5278798715981052,0.010083380088417238,40
"Beta(0.5,0.5)",900,0.9,Hedged-WoR,3.0812833815022524,0.009046232428068826,40
"Beta(0.5,0.5)",950,0.95,Hedged-WoR,3.6544894803779213,0.036107460575810255,40
Bernoulli(0.1),10,0.01,Stitched bridge-efficient,1.6737742407697893,0.06071302311685478,40
Bernoulli(0.1),20,0.02,Stitched bridge-efficient,1.75545221113894,0.05275363146965785,40
Bernoulli(0.1),40,0.04,Stitched bridge-efficient,1.7444110859404816,0.051294573929353285,40
Bernoulli(0.1),75,0.075,Stitched bridge-efficient,1.7559794974322656,0.042226789739256365,40
Bernoulli(0.1),125,0.125,Stitched bridge-efficient,1.722912442860834,0.03035367658156027,40
Bernoulli(0.1),200,0.2,Stitched bridge-efficient,1.716115673440892,0.023569469596926296,40
Bernoulli(0.1),350,0.35,Stitched bridge-efficient,1.6736092512893812,0.019641304641092087,40
Bernoulli(0.1),500,0.5,Stitched bridge-efficient,1.6315821249887013,0.017466307424619174,40
Bernoulli(0.1),650,0.65,Stitched bridge-efficient,1.6445660580530492,0.013948528979287183,40
Bernoulli(0.1),800,0.8,Stitched bridge-efficient,1.643653122519904,0.014287700675501109,40
Bernoulli(0.1),900,0.9,Stitched bridge-efficient,1.6258733088140722,0.01992600097500947,40
Bernoulli(0.1),950,0.95,Stitched bridge-efficient,1.5160761290786111,0.01660125223126694,40
Bernoulli(0.1),10,0.01,Hedged-WoR,1.5447475750592665,0.03807302319723034,40
Bernoulli(0.1),20,0.02,Hedged-WoR,1.518597741088001,0.037872642400980094,40
Bernoulli(0.1),40,0.04,Hedged-WoR,1.4153318784236375,0.03550025379006383,40
Bernoulli(0.1),75,0.075,Hedged-WoR,1.4208876773894026,0.037777596314389705,40
Bernoulli(0.1),125,0.125,Hedged-WoR,1.4499419287137219,0.03467223090822483,40
Bernoulli(0.1),200,0.2,Hedged-WoR,1.5351126639598056,0.031026536169464942,40
Bernoulli(0.1),350,0.35,Hedged-WoR,1.6741174397863265,0.029266184008750383,40
Bernoulli(0.1),500,0.5,Hedged-WoR,1.8219729921235728,0.030407654662057408,40
Bernoulli(0.1),650,0.65,Hedged-WoR,2.0020464738741746,0.03535112583136273,40
Bernoulli(0.1),800,0.8,Hedged-WoR,2.176468313247775,0.04980909687409333,40
Bernoulli(0.1),900,0.9,Hedged-WoR,2.268807656624042,0.07092529307478589,40
Bernoulli(0.1),950,0.95,Hedged-WoR,2.4067430397704346,0.09306589499960896,40
"Beta(2,2)",10,0.01,Stitched bridge-efficient,2.1145550484462445,0.02736685906219046,40
"Beta(2,2)",20,0.02,Stitched bridge-efficient,1.8753980308811051,0.020773718683054106,40
"Beta(2,2)",40,0.04,Stitched bridge-efficient,1.7247386495702517,0.02130448317864513,40
"Beta(2,2)",75,0.075,Stitched bridge-efficient,1.6678391757073094,0.018481482814673808,40
"Beta(2,2)",125,0.125,Stitched bridge-efficient,1.6370808974520847,0.014546900645038049,40
"Beta(2,2)",200,0.2,Stitched bridge-efficient,1.6285047326205189,0.013086327270400188,40
"Beta(2,2)",350,0.35,Stitched bridge-efficient,1.5937222258230137,0.01621646585279909,40
"Beta(2,2)",500,0.5,Stitched bridge-efficient,1.610698352637333,0.016286356281886006,40
"Beta(2,2)",650,0.65,Stitched bridge-efficient,1.5852916342099166,0.021911727566303208,40
"Beta(2,2)",800,0.8,Stitched bridge-efficient,1.607855457518453,0.02542363948222387,40
"Beta(2,2)",900,0.9,Stitched bridge-efficient,1.6233415863410747,0.02179590037601733,40
"Beta(2,2)",950,0.95,Stitched bridge-efficient,1.6401644053624693,0.02101656612090554,40
"Beta(2,2)",10,0.01,Hedged-WoR,1.829942586840835,0.01114223666747534,40
"Beta(2,2)",20,0.02,Hedged-WoR,1.683822002155361,0.012833175956428933,40
"Beta(2,2)",40,0.04,Hedged-WoR,1.50504486265358,0.01854268586396861,40
"Beta(2,2)",75,0.075,Hedged-WoR,1.4598068467762695,0.017340438291059142,40
"Beta(2,2)",125,0.125,Hedged-WoR,1.4622742889798257,0.01618111420345636,40
"Beta(2,2)",200,0.2,Hedged-WoR,1.5061794695278414,0.015115367410947027,40
"Beta(2,2)",350,0.35,Hedged-WoR,1.6016449177398193,0.015022166984663923,40
"Beta(2,2)",500,0.5,Hedged-WoR,1.7349883948459712,0.01632698643075592,40
"Beta(2,2)",650,0.65,Hedged-WoR,1.9051860696754006,0.018782222599407677,40
"Beta(2,2)",800,0.8,Hedged-WoR,2.225400467961588,0.024548824657562557,40
"Beta(2,2)",900,0.9,Hedged-WoR,2.6926999802232365,0.032705746256145786,40
"Beta(2,2)",950,0.95,Hedged-WoR,3.2964862652740052,0.04544511849202034,40
"Beta(1,5)",10,0.01,Stitched bridge-efficient,3.060362191499838,0.03284935883875228,40
"Beta(1,5)",20,0.02,Stitched bridge-efficient,2.7921185938902235,0.017673551178174565,40
"Beta(1,5)",40,0.04,Stitched bridge-efficient,2.2616121593208787,0.01812501268546892,40
"Beta(1,5)",75,0.075,Stitched bridge-efficient,1.9547327566320127,0.013812823327663652,40
"Beta(1,5)",125,0.125,Stitched bridge-efficient,1.7971120291934597,0.015150730101945729,40
"Beta(1,5)",200,0.2,Stitched bridge-efficient,1.6950165162118451,0.01651896920195371,40
"Beta(1,5)",350,0.35,Stitched bridge-efficient,1.6522571789199048,0.019980238359368838,40
"Beta(1,5)",500,0.5,Stitched bridge-efficient,1.6184475696128118,0.02448444068726346,40
"Beta(1,5)",650,0.65,Stitched bridge-efficient,1.610889502718663,0.025019877556633666,40
"Beta(1,5)",800,0.8,Stitched bridge-efficient,1.6325276929361876,0.01882187900703446,40
"Beta(1,5)",900,0.9,Stitched bridge-efficient,1.6767079067396717,0.016758881039099772,40
"Beta(1,5)",950,0.95,Stitched bridge-efficient,1.7125682467012076,0.022340889816985187,40
"Beta(1,5)",10,0.01,Hedged-WoR,3.100864312809367,0.01585159417403688,40
"Beta(1,5)",20,0.02,Hedged-WoR,2.7982918440505946,0.017214246933794343,40
"Beta(1,5)",40,0.04,Hedged-WoR,2.35860014099978,0.017012367677755158,40
"Beta(1,5)",75,0.075,Hedged-WoR,2.001058427504107,0.02061891708594424,40
"Beta(1,5)",125,0.125,Hedged-WoR,1.7749606031615954,0.02003124620702306,40
"Beta(1,5)",200,0.2,Hedged-WoR,1.6252971300974557,0.02865426722949167,40
"Beta(1,5)",350,0.35,Hedged-WoR,1.6154282706109329,0.03268568899374099,40
"Beta(1,5)",500,0.5,Hedged-WoR,1.6971704637420935,0.036234327102105536,40
"Beta(1,5)",650,0.65,Hedged-WoR,1.8238469195668934,0.040955608305023594,40
"Beta(1,5)",800,0.8,Hedged-WoR,2.0934446636104367,0.048778432154889535,40
"Beta(1,5)",900,0.9,Hedged-WoR,2.5166625819819126,0.06038675970647797,40
"Beta(1,5)",950,0.95,Hedged-WoR,2.969901909986091,0.06861512358156101,40
Bernoulli(0.5),10,0.01,Stitched bridge-efficient,1.4522911331364845,0.02307381099325491,40
Bernoulli(0.5),20,0.02,Stitched bridge-efficient,1.549650858482672,0.013372876496512578,40
Bernoulli(0.5),40,0.04,Stitched bridge-efficient,1.5334271062289766,0.01419840571826857,40
Bernoulli(0.5),75,0.075,Stitched bridge-efficient,1.5479094830098084,0.014030518142341828,40
Bernoulli(0.5),125,0.125,Stitched bridge-efficient,1.5547868473122386,0.019030916997922667,40
Bernoulli(0.5),200,0.2,Stitched bridge-efficient,1.5515829566113561,0.021155661445896885,40
Bernoulli(0.5),350,0.35,Stitched bridge-efficient,1.5423450546234077,0.0269335620939582,40
Bernoulli(0.5),500,0.5,Stitched bridge-efficient,1.5255246880125244,0.03351643644507719,40
Bernoulli(0.5),650,0.65,Stitched bridge-efficient,1.5546209501700168,0.03853976982545857,40
Bernoulli(0.5),800,0.8,Stitched bridge-efficient,1.5571509702803905,0.04295224850744774,40
Bernoulli(0.5),900,0.9,Stitched bridge-efficient,1.5677873118476142,0.04151730774084307,40
Bernoulli(0.5),950,0.95,Stitched bridge-efficient,1.561391246708845,0.04493482091055961,40
Bernoulli(0.5),10,0.01,Hedged-WoR,1.205284817705352,0.01682006358172925,40
Bernoulli(0.5),20,0.02,Hedged-WoR,1.311607188105923,0.01122860631619664,40
Bernoulli(0.5),40,0.04,Hedged-WoR,1.3934886786138212,0.011086524427713266,40
Bernoulli(0.5),75,0.075,Hedged-WoR,1.492904494633454,0.013055785004597226,40
Bernoulli(0.5),125,0.125,Hedged-WoR,1.588937075127005,0.017968744063750496,40
Bernoulli(0.5),200,0.2,Hedged-WoR,1.699881913427268,0.022025497064403574,40
Bernoulli(0.5),350,0.35,Hedged-WoR,1.876705000858717,0.029460502497958466,40
Bernoulli(0.5),500,0.5,Hedged-WoR,2.058263955781446,0.04081975833323245,40
Bernoulli(0.5),650,0.65,Hedged-WoR,2.301282959630863,0.055749377782066095,40
Bernoulli(0.5),800,0.8,Hedged-WoR,2.7078849451593676,0.06967815012082025,40
Bernoulli(0.5),900,0.9,Hedged-WoR,3.29044422419732,0.08521236571376516,40
Bernoulli(0.5),950,0.95,Hedged-WoR,3.203779142562122,0.0946822822659462,40
"Beta(50,50)",10,0.01,Stitched bridge-efficient,7.662652570365745,0.006570360188196623,40
"Beta(50,50)",20,0.02,Stitched bridge-efficient,5.984339155273809,0.0068073660226405505,40
"Beta(50,50)",40,0.04,Stitched bridge-efficient,4.532454722991295,0.007118483569023358,40
"Beta(50,50)",75,0.075,Stitched bridge-efficient,3.5122255590887663,0.006540000073627404,40
"Beta(50,50)",125,0.125,Stitched bridge-efficient,2.8839463488144497,0.006689060024109421,40
"Beta(50,50)",200,0.2,Stitched bridge-efficient,2.458926683077654,0.005015785955006593,40
"Beta(50,50)",350,0.35,Stitched bridge-efficient,2.098732187635698,0.004891738323883918,40
"Beta(50,50)",500,0.5,Stitched bridge-efficient,1.95734438090927,0.007983217195277316,40
"Beta(50,50)",650,0.65,Stitched bridge-efficient,1.906394094330608,0.005788583515690225,40
"Beta(50,50)",800,0.8,Stitched bridge-efficient,1.9156280791743747,0.007592328647578378,40
"Beta(50,50)",900,0.9,Stitched bridge-efficient,2.0236284997332845,0.0070825055855500835,40
"Beta(50,50)",950,0.95,Stitched bridge-efficient,2.2345967988823277,0.009281454604160237,40
"Beta(50,50)",10,0.01,Hedged-WoR,7.675680155158102,0.0018573818910178708,40
"Beta(50,50)",20,0.02,Hedged-WoR,6.661786557264497,0.0023814522979005988,40
"Beta(50,50)",40,0.04,Hedged-WoR,5.328393724264992,0.0025428316467143463,40
"Beta(50,50)",75,0.075,Hedged-WoR,4.169021110935016,0.0026205970858440325,40
"Beta(50,50)",125,0.125,Hedged-WoR,3.365052193223208,0.004063417597610425,40
"Beta(50,50)",200,0.2,Hedged-WoR,2.763127456464212,0.0036865320935764506,40
"Beta(50,50)",350,0.35,Hedged-WoR,2.2035948499958997,0.0047980749727417026,40
"Beta(50,50)",500,0.5,Hedged-WoR,1.9913240308883506,0.0066071501322106235,40
"Beta(50,50)",650,0.65,Hedged-WoR,1.9662173039439295,0.004785353048997991,40
"Beta(50,50)",800,0.8,Hedged-WoR,2.089973052276493,0.006227377666386561,40
"Beta(50,50)",900,0.9,Hedged-WoR,2.3934313922276127,0.005271936508255966,40
"Beta(50,50)",950,0.95,Hedged-WoR,2.830252990025362,0.004505321881856244,40
"Beta(20,80)",10,0.01,Stitched bridge-efficient,11.034989829341784,0.021708870432204888,40
"Beta(20,80)",20,0.02,Stitched bridge-efficient,8.281151290369007,0.013722726835435258,40
"Beta(20,80)",40,0.04,Stitched bridge-efficient,6.033392410031349,0.014416179225834167,40
"Beta(20,80)",75,0.075,Stitched bridge-efficient,4.63880736647054,0.013434338817815366,40
"Beta(20,80)",125,0.125,Stitched bridge-efficient,3.7437009274551913,0.01216443759493328,40
"Beta(20,80)",200,0.2,Stitched bridge-efficient,3.1203507957572763,0.01000607664391697,40
"Beta(20,80)",350,0.35,Stitched bridge-efficient,2.6043776259209066,0.00942485426453127,40
"Beta(20,80)",500,0.5,Stitched bridge-efficient,2.3582310371404502,0.008741892255266006,40
"Beta(20,80)",650,0.65,Stitched bridge-efficient,2.2312449051874843,0.008418627840583897,40
"Beta(20,80)",800,0.8,Stitched bridge-efficient,2.208713411597599,0.009042134904656381,40
"Beta(20,80)",900,0.9,Stitched bridge-efficient,2.3229138740335404,0.012070612671978094,40
"Beta(20,80)",950,0.95,Stitched bridge-efficient,2.541828891045617,0.020843165563160085,40
"Beta(20,80)",10,0.01,Hedged-WoR,10.274288099584371,0.020365510187599207,40
"Beta(20,80)",20,0.02,Hedged-WoR,8.699293935695668,0.013090227649271953,40
"Beta(20,80)",40,0.04,Hedged-WoR,6.925304547663643,0.009974721154633617,40
"Beta(20,80)",75,0.075,Hedged-WoR,5.458577178218069,0.009256797775026037,40
"Beta(20,80)",125,0.125,Hedged-WoR,4.4606559062908575,0.010844097203818326,40
"Beta(20,80)",200,0.2,Hedged-WoR,3.7047288610231752,0.010863057372497077,40
"Beta(20,80)",350,0.35,Hedged-WoR,3.0111210993785313,0.013302953506866912,40
"Beta(20,80)",500,0.5,Hedged-WoR,2.701178408468196,0.013238467538640915,40
"Beta(20,80)",650,0.65,Hedged-WoR,2.581265496947208,0.015667693392131535,40
"Beta(20,80)",800,0.8,Hedged-WoR,2.5954806528446333,0.01942431062523591,40
"Beta(20,80)",900,0.9,Hedged-WoR,2.852614321174665,0.022337751631658926,40
"Beta(20,80)",950,0.95,Hedged-WoR,3.2903724770417684,0.027032207589236645,40
"Uniform(0.45,0.55)",10,0.01,Stitched bridge-efficient,13.094868904218213,0.002979747083125458,40
"Uniform(0.45,0.55)",20,0.02,Stitched bridge-efficient,10.148352424703182,0.002752766348092346,40
"Uniform(0.45,0.55)",40,0.04,Stitched bridge-efficient,7.568107347511545,0.002477987705228755,40
"Uniform(0.45,0.55)",75,0.075,Stitched bridge-efficient,5.734841308872133,0.0026010645727010495,40
"Uniform(0.45,0.55)",125,0.125,Stitched bridge-efficient,4.570009704497667,0.0025107079682287867,40
"Uniform(0.45,0.55)",200,0.2,Stitched bridge-efficient,3.733458317247736,0.0026510140517564756,40
"Uniform(0.45,0.55)",350,0.35,Stitched bridge-efficient,2.996855946625151,0.002192105655972579,40
"Uniform(0.45,0.55)",500,0.5,Stitched bridge-efficient,2.658989050102843,0.002599900779731247,40
"Uniform(0.45,0.55)",650,0.65,Stitched bridge-efficient,2.4977953605763648,0.0026433854914373308,40
"Uniform(0.45,0.55)",800,0.8,Stitched bridge-efficient,2.473712179138451,0.004392928581697552,40
"Uniform(0.45,0.55)",900,0.9,Stitched bridge-efficient,2.6483571394925187,0.006026009647089041,40
"Uniform(0.45,0.55)",950,0.95,Stitched bridge-efficient,2.9875330941657987,0.01140550101415484,40
"Uniform(0.45,0.55)",10,0.01,Hedged-WoR,13.191027337888954,0.0008723064327120382,40
"Uniform(0.45,0.55)",20,0.02,Hedged-WoR,11.421105168203205,0.0008259200256273064,40
"Uniform(0.45,0.55)",40,0.04,Hedged-WoR,9.092897273369896,0.0008732829978471955,40
"Uniform(0.45,0.55)",75,0.075,Hedged-WoR,7.071510951255794,0.0009430839432562745,40
"Uniform(0.45,0.55)",125,0.125,Hedged-WoR,5.66460501102172,0.0011209606294752907,40
"Uniform(0.45,0.55)",200,0.2,Hedged-WoR,4.5867122217696386,0.002376570201934355,40
"Uniform(0.45,0.55)",350,0.35,Hedged-WoR,3.577479454165444,0.002210332212444718,40
"Uniform(0.45,0.55)",500,0.5,Hedged-WoR,3.083466969931858,0.0028163133832280543,40
"Uniform(0.45,0.55)",650,0.65,Hedged-WoR,2.830101935043769,0.0023445551683666673,40
"Uniform(0.45,0.55)",800,0.8,Hedged-WoR,2.7585395343904837,0.002230928442210738,40
"Uniform(0.45,0.55)",900,0.9,Hedged-WoR,2.9263918158190827,0.0017369236199179096,40
"Uniform(0.45,0.55)",950,0.95,Hedged-WoR,3.2969411784428373,0.0016197496748529135,40
